id,text,language,cyberbullying,target_type,insult,threat,violence,hate,sexual_harassment,sexual_abuse,profanity,severity,reason,data_source
TCB0001,macha presentation clear ah irundhuchu 👍,Tanglish,0,none,0,0,0,0,0,0,0,none,"normal, neutral, or supportive statement",synthetic_tanglish
TCB0002,ivan dei mokka public ah macha,Tanglish,1,other,1,0,0,0,0,0,1,medium,profane or abusive wording,synthetic_tanglish
TCB0003,da presentation clear ah irundhuchu honestly,Tanglish,0,none,0,0,0,0,0,0,0,none,"normal, neutral, or supportive statement",synthetic_tanglish
TCB0004,honestly solution useful ah irukku la,Tanglish,0,none,0,0,0,0,0,0,0,none,"normal, neutral, or supportive statement",synthetic_tanglish
TCB0005,ava dei mokka public ah,Tanglish,1,individual,1,0,0,0,0,0,1,low,profane or abusive wording,synthetic_tanglish
TCB0006,listen nee stop pannalana problem aagum chat la podi,Tanglish,1,individual,0,1,0,0,0,0,0,high,threatening language,synthetic_tanglish
TCB0007,dei un body ah comment panni disturb pannadha intha post la,Tanglish,1,individual,0,0,0,0,1,0,0,medium,unwanted sexualized or appearance-based harassment,synthetic_tanglish
TCB0008,listen consent illama sexual request pannadha social media la ah,Tanglish,1,other,0,0,0,0,0,1,0,medium,unwanted sexual pressure or abusive sexual request,synthetic_tanglish
TCB0009,listen poda mental chat la nu,Tanglish,1,other,0,0,0,0,0,0,1,low,profane or abusive wording,synthetic_tanglish
TCB0010,nee nee careful ah iru chat la la,Tanglish,1,individual,0,1,1,0,0,0,0,high,threatening language,synthetic_tanglish
TCB0011,nee online la unwanted sexual attention kudukkadha macha,Tanglish,1,individual,0,0,0,0,1,0,0,medium,unwanted sexualized or appearance-based harassment,synthetic_tanglish
TCB0012,da inniku session epdi pochu today,Tanglish,0,none,0,0,0,0,0,0,0,none,"normal, neutral, or supportive statement",synthetic_tanglish
TCB0013,ivan private content force panna vendam social media la bro,Tanglish,1,individual,0,0,0,0,0,1,0,medium,unwanted sexual pressure or abusive sexual request,synthetic_tanglish
TCB0014,listen un photo paathu sexual comments podradhu wrong social media la la,Tanglish,1,other,0,0,0,0,1,0,0,high,unwanted sexualized or appearance-based harassment,synthetic_tanglish
TCB0015,bro nee nalla work pannita bro,Tanglish,0,none,0,0,0,0,0,0,0,none,"normal, neutral, or supportive statement",synthetic_tanglish
TCB0016,seri good job bro honestly,Tanglish,0,none,0,0,0,0,0,0,0,none,"normal, neutral, or supportive statement",synthetic_tanglish
TCB0017,actually code check pannitu sollu,Tanglish,0,none,0,0,0,0,0,0,0,none,"normal, neutral, or supportive statement",synthetic_tanglish
TCB0018,macha unna hurt panniduven comment section la macha,Tanglish,1,other,0,0,1,0,0,0,0,high,reference to physical harm,synthetic_tanglish
TCB0019,ivan nee oru failure online la nu,Tanglish,1,other,1,0,0,0,0,0,1,medium,direct personal insult,synthetic_tanglish
TCB0020,keep going bro 👍,Tanglish,0,none,0,0,0,0,0,0,0,none,"normal, neutral, or supportive statement",synthetic_tanglish
TCB0021,macha nee oru joker chat la nu,Tanglish,1,individual,1,0,0,0,0,0,1,low,direct personal insult,synthetic_tanglish
TCB0022,ivan sandaila unna adikka thonudhu podi,Tanglish,1,individual,0,0,1,0,0,0,0,medium,reference to physical harm,synthetic_tanglish
TCB0023,dei sexual content anuppi disturb panna koodadhu daily macha,Tanglish,1,individual,0,0,0,0,0,1,0,high,unwanted sexual pressure or abusive sexual request,synthetic_tanglish
TCB0024,seriously sandaila unna adikka thonudhu inga ah,Tanglish,1,individual,0,0,1,0,0,0,0,high,reference to physical harm,synthetic_tanglish
TCB0025,dei nee sexual pressure kudukka koodadhu inga,Tanglish,1,individual,0,0,0,0,0,1,0,medium,unwanted sexual pressure or abusive sexual request,synthetic_tanglish
TCB0026,ava dei poda inga public ah ah,Tanglish,1,individual,0,0,0,0,0,0,1,medium,profane or abusive wording,synthetic_tanglish
TCB0027,ava personal appearance ah target panni tease pannadha intha post la bro,Tanglish,1,individual,0,0,0,0,1,0,0,medium,unwanted sexualized or appearance-based harassment,synthetic_tanglish
TCB0028,honestly semma performance inniku,Tanglish,0,none,0,0,0,0,0,0,0,none,"normal, neutral, or supportive statement",synthetic_tanglish
TCB0029,nice ah assignment submit pannitiya bro,Tanglish,0,none,0,0,0,0,0,0,0,none,"normal, neutral, or supportive statement",synthetic_tanglish
TCB0030,nice ah movie epdi irundhuchu today,Tanglish,0,none,0,0,0,0,0,0,0,none,"normal, neutral, or supportive statement",synthetic_tanglish
TCB0031,macha unakku common sense illa social media la poda,Tanglish,1,individual,1,0,0,0,0,0,0,medium,direct personal insult,synthetic_tanglish
TCB0032,honestly movie epdi irundhuchu macha,Tanglish,0,none,0,0,0,0,0,0,0,none,"normal, neutral, or supportive statement",synthetic_tanglish
TCB0033,actually naan unakku support panren la,Tanglish,0,none,0,0,0,0,0,0,0,none,"normal, neutral, or supportive statement",synthetic_tanglish
TCB0034,nee andha community ah nambave mudiyadhu inga,Tanglish,1,group,0,0,0,1,0,0,0,high,group-targeted hateful language,synthetic_tanglish
TCB0035,dei nee onnum purinjikala online la,Tanglish,1,individual,1,0,0,0,0,0,0,low,direct personal insult,synthetic_tanglish
TCB0036,seriously poda da comment section la la,Tanglish,1,individual,1,0,0,0,0,0,1,low,profane or abusive wording,synthetic_tanglish
TCB0037,yes all the best da nu,Tanglish,0,none,0,0,0,0,0,0,0,none,"normal, neutral, or supportive statement",synthetic_tanglish
TCB0038,database update panniten today,Tanglish,0,none,0,0,0,0,0,0,0,none,"normal, neutral, or supportive statement",synthetic_tanglish
TCB0039,seri semma performance la,Tanglish,0,none,0,0,0,0,0,0,0,none,"normal, neutral, or supportive statement",synthetic_tanglish
TCB0040,dei nee unakku consequences irukkum chat la nu,Tanglish,1,individual,0,1,1,0,0,0,0,medium,threatening language,synthetic_tanglish
TCB0041,class nalla irundhucha la,Tanglish,0,none,0,0,0,0,0,0,0,none,"normal, neutral, or supportive statement",synthetic_tanglish
TCB0042,bro solution useful ah irukku,Tanglish,0,none,0,0,0,0,0,0,0,none,"normal, neutral, or supportive statement",synthetic_tanglish
TCB0043,seriously online la unwanted sexual attention kudukkadha inga la,Tanglish,1,other,0,0,0,0,1,0,0,medium,unwanted sexualized or appearance-based harassment,synthetic_tanglish
TCB0044,honestly happy for your progress honestly,Tanglish,0,none,0,0,0,0,0,0,0,none,"normal, neutral, or supportive statement",synthetic_tanglish
TCB0045,seriously andha people ellam problem chat la la,Tanglish,1,group,0,0,0,1,0,0,0,medium,group-targeted hateful language,synthetic_tanglish
TCB0046,true bro project nalla develop aaguthu 👍,Tanglish,0,none,0,0,0,0,0,0,0,none,"normal, neutral, or supportive statement",synthetic_tanglish
TCB0047,seri later discuss pannalam inniku,Tanglish,0,none,0,0,0,0,0,0,0,none,"normal, neutral, or supportive statement",synthetic_tanglish
TCB0048,actually indha idea useful ah irukku da,Tanglish,0,none,0,0,0,0,0,0,0,none,"normal, neutral, or supportive statement",synthetic_tanglish
TCB0049,bro unna damage panniduven social media la ah,Tanglish,1,individual,0,1,1,0,0,0,0,high,reference to physical harm,synthetic_tanglish
TCB0050,macha naalaikku continue pannalam,Tanglish,0,none,0,0,0,0,0,0,0,none,"normal, neutral, or supportive statement",synthetic_tanglish
TCB0051,honestly semma performance 👍,Tanglish,0,none,0,0,0,0,0,0,0,none,"normal, neutral, or supportive statement",synthetic_tanglish
TCB0052,honestly team work nalla pannenga macha,Tanglish,0,none,0,0,0,0,0,0,0,none,"normal, neutral, or supportive statement",synthetic_tanglish
TCB0053,seriously dei poda online la podi,Tanglish,1,individual,1,0,0,0,0,0,1,low,profane or abusive wording,synthetic_tanglish
TCB0054,nee un body ah comment panni disturb pannadha chat la podi,Tanglish,1,individual,0,0,0,0,1,0,0,high,unwanted sexualized or appearance-based harassment,synthetic_tanglish
TCB0055,da naan unakku support panren da,Tanglish,0,none,0,0,0,0,0,0,0,none,"normal, neutral, or supportive statement",synthetic_tanglish
TCB0056,da nee daily improve aagite irukka 👍,Tanglish,0,none,0,0,0,0,0,0,0,none,"normal, neutral, or supportive statement",synthetic_tanglish
TCB0057,dei unakku brain work aagala chat la,Tanglish,1,individual,1,0,0,0,0,0,0,medium,direct personal insult,synthetic_tanglish
TCB0058,ava naan unna confront panren macha,Tanglish,1,individual,0,1,0,0,0,0,0,medium,threatening language,synthetic_tanglish
TCB0059,da indha idea useful ah irukku nu,Tanglish,0,none,0,0,0,0,0,0,0,none,"normal, neutral, or supportive statement",synthetic_tanglish
TCB0060,bro code check pannitu sollu la,Tanglish,0,none,0,0,0,0,0,0,0,none,"normal, neutral, or supportive statement",synthetic_tanglish
TCB0061,macha private photo share panna force pannadha online la ippo,Tanglish,1,individual,0,0,0,0,0,1,0,high,unwanted sexual pressure or abusive sexual request,synthetic_tanglish
TCB0062,actually inniku session epdi pochu inniku,Tanglish,0,none,0,0,0,0,0,0,0,none,"normal, neutral, or supportive statement",synthetic_tanglish
TCB0063,rest eduthuko,Tanglish,0,none,0,0,0,0,0,0,0,none,"normal, neutral, or supportive statement",synthetic_tanglish
TCB0064,seri team work nalla pannenga 👍,Tanglish,0,none,0,0,0,0,0,0,0,none,"normal, neutral, or supportive statement",synthetic_tanglish
TCB0065,nee podi dei nu,Tanglish,1,individual,1,0,0,0,0,0,1,low,profane or abusive wording,synthetic_tanglish
TCB0066,dei unwanted sexual message anuppadha comment section la poda,Tanglish,1,individual,0,0,0,0,0,1,0,high,unwanted sexual pressure or abusive sexual request,synthetic_tanglish
TCB0067,macha later discuss pannalam 👍,Tanglish,0,none,0,0,0,0,0,0,0,none,"normal, neutral, or supportive statement",synthetic_tanglish
TCB0068,nee un body pathi public ah pesa vendam daily nu,Tanglish,1,other,0,0,0,0,1,0,0,medium,unwanted sexualized or appearance-based harassment,synthetic_tanglish
TCB0069,honestly good job bro macha,Tanglish,0,none,0,0,0,0,0,0,0,none,"normal, neutral, or supportive statement",synthetic_tanglish
TCB0070,bro happy for your progress da,Tanglish,0,none,0,0,0,0,0,0,0,none,"normal, neutral, or supportive statement",synthetic_tanglish
TCB0071,da database update panniten inniku,Tanglish,0,none,0,0,0,0,0,0,0,none,"normal, neutral, or supportive statement",synthetic_tanglish
TCB0072,ava andha community people romba kevalam online la poda,Tanglish,1,group,0,0,0,1,0,0,0,high,group-targeted hateful language,synthetic_tanglish
TCB0073,ava personal appearance ah target panni tease pannadha daily poda,Tanglish,1,other,0,0,0,0,1,0,0,medium,unwanted sexualized or appearance-based harassment,synthetic_tanglish
TCB0074,dei poda da daily bro,Tanglish,1,individual,0,0,0,0,0,0,1,medium,profane or abusive wording,synthetic_tanglish
TCB0075,seri indha idea useful ah irukku nu,Tanglish,0,none,0,0,0,0,0,0,0,none,"normal, neutral, or supportive statement",synthetic_tanglish
TCB0076,bro private content force panna vendam social media la macha,Tanglish,1,individual,0,0,0,0,1,1,0,high,unwanted sexual pressure or abusive sexual request,synthetic_tanglish
TCB0077,dei poda da public ah,Tanglish,1,individual,0,0,0,0,0,0,1,low,profane or abusive wording,synthetic_tanglish
TCB0078,dei nee unakku physical harm panniduven inga podi,Tanglish,1,other,0,0,1,0,0,0,0,medium,reference to physical harm,synthetic_tanglish
TCB0079,nee unna vida maaten nu nenachuko inga,Tanglish,1,individual,0,1,1,0,0,0,0,high,threatening language,synthetic_tanglish
TCB0080,macha all the best da da,Tanglish,0,none,0,0,0,0,0,0,0,none,"normal, neutral, or supportive statement",synthetic_tanglish
TCB0081,ivan unna physical ah attack panniduven public ah bro,Tanglish,1,individual,0,0,1,0,0,0,0,high,reference to physical harm,synthetic_tanglish
TCB0082,true bro meeting five mani ku irukku honestly,Tanglish,0,none,0,0,0,0,0,0,0,none,"normal, neutral, or supportive statement",synthetic_tanglish
TCB0083,bro enna paaru naan unna paathukuren inga macha,Tanglish,1,individual,0,1,1,0,0,0,0,high,threatening language,synthetic_tanglish
TCB0084,dei nee fight panna vandha paathukalam daily la,Tanglish,1,individual,0,1,1,0,0,0,0,high,reference to physical harm,synthetic_tanglish
TCB0085,nice ah solution useful ah irukku la,Tanglish,0,none,0,0,0,0,0,0,0,none,"normal, neutral, or supportive statement",synthetic_tanglish
TCB0086,nee un body ah comment panni disturb pannadha intha post la da,Tanglish,1,other,0,0,0,0,1,0,0,high,unwanted sexualized or appearance-based harassment,synthetic_tanglish
TCB0087,nee andha community ah nambave mudiyadhu social media la da,Tanglish,1,group,0,0,0,1,0,0,0,high,group-targeted hateful language,synthetic_tanglish
TCB0088,nee personal appearance ah target panni tease pannadha la,Tanglish,1,individual,0,0,0,0,1,0,0,medium,unwanted sexualized or appearance-based harassment,synthetic_tanglish
TCB0089,macha private content force panna vendam comment section la la,Tanglish,1,individual,0,0,0,0,0,1,0,high,unwanted sexual pressure or abusive sexual request,synthetic_tanglish
TCB0090,seri semma performance today,Tanglish,0,none,0,0,0,0,0,0,0,none,"normal, neutral, or supportive statement",synthetic_tanglish
TCB0091,dei nee unakku consequences irukkum comment section la la,Tanglish,1,individual,0,1,0,0,0,0,0,high,threatening language,synthetic_tanglish
TCB0092,listen unna adikka varuven social media la ah,Tanglish,1,individual,0,1,1,0,0,0,0,high,reference to physical harm,synthetic_tanglish
TCB0093,dei nee unna beat panniduven intha post la ah,Tanglish,1,other,0,1,1,0,0,0,0,medium,reference to physical harm,synthetic_tanglish
TCB0094,dei nee enna paaru naan unna paathukuren inga nu,Tanglish,1,individual,0,1,1,0,0,0,0,medium,threatening language,synthetic_tanglish
TCB0095,dei nee unna hurt panniduven chat la ah,Tanglish,1,individual,0,1,1,0,0,0,0,medium,reference to physical harm,synthetic_tanglish
TCB0096,listen sexual pressure kudukka koodadhu online la macha,Tanglish,1,other,0,0,0,0,0,1,0,high,unwanted sexual pressure or abusive sexual request,synthetic_tanglish
TCB0097,nee andha community people romba kevalam inga ah,Tanglish,1,group,0,0,0,1,0,0,0,high,group-targeted hateful language,synthetic_tanglish
TCB0098,correct ah sonna honestly,Tanglish,0,none,0,0,0,0,0,0,0,none,"normal, neutral, or supportive statement",synthetic_tanglish
TCB0099,true bro project nalla develop aaguthu bro,Tanglish,0,none,0,0,0,0,0,0,0,none,"normal, neutral, or supportive statement",synthetic_tanglish
TCB0100,listen andha community ah nambave mudiyadhu intha post la,Tanglish,1,group,0,0,0,1,0,0,0,medium,group-targeted hateful language,synthetic_tanglish
TCB0101,bro poda dei intha post la ah,Tanglish,1,individual,1,0,0,0,0,0,1,low,profane or abusive wording,synthetic_tanglish
TCB0102,bro sexual content anuppi disturb panna koodadhu macha,Tanglish,1,individual,0,0,0,0,0,1,0,medium,unwanted sexual pressure or abusive sexual request,synthetic_tanglish
TCB0103,dei nee unakku brain work aagala la,Tanglish,1,individual,1,0,0,0,0,0,0,medium,direct personal insult,synthetic_tanglish
TCB0104,true bro inniku session epdi pochu da,Tanglish,0,none,0,0,0,0,0,0,0,none,"normal, neutral, or supportive statement",synthetic_tanglish
TCB0105,nice ah all the best da bro,Tanglish,0,none,0,0,0,0,0,0,0,none,"normal, neutral, or supportive statement",synthetic_tanglish
TCB0106,true bro later discuss pannalam,Tanglish,0,none,0,0,0,0,0,0,0,none,"normal, neutral, or supportive statement",synthetic_tanglish
TCB0107,true bro project nalla develop aaguthu today,Tanglish,0,none,0,0,0,0,0,0,0,none,"normal, neutral, or supportive statement",synthetic_tanglish
TCB0108,seri nice explanation nu,Tanglish,0,none,0,0,0,0,0,0,0,none,"normal, neutral, or supportive statement",synthetic_tanglish
TCB0109,seriously sexual content anuppi disturb panna koodadhu social media la bro,Tanglish,1,other,0,0,0,0,0,1,0,medium,unwanted sexual pressure or abusive sexual request,synthetic_tanglish
TCB0110,ivan unna physical ah attack panniduven daily bro,Tanglish,1,individual,0,0,1,0,0,0,0,high,reference to physical harm,synthetic_tanglish
TCB0111,da good job bro nu,Tanglish,0,none,0,0,0,0,0,0,0,none,"normal, neutral, or supportive statement",synthetic_tanglish
TCB0112,macha inniku session epdi pochu honestly,Tanglish,0,none,0,0,0,0,0,0,0,none,"normal, neutral, or supportive statement",synthetic_tanglish
TCB0113,naalaikku continue pannalam inniku,Tanglish,0,none,0,0,0,0,0,0,0,none,"normal, neutral, or supportive statement",synthetic_tanglish
TCB0114,nice ah solution useful ah irukku 👍,Tanglish,0,none,0,0,0,0,0,0,0,none,"normal, neutral, or supportive statement",synthetic_tanglish
TCB0115,seriously personal appearance ah target panni tease pannadha social media la ah,Tanglish,1,individual,0,0,0,0,1,0,0,high,unwanted sexualized or appearance-based harassment,synthetic_tanglish
TCB0116,true bro movie epdi irundhuchu bro,Tanglish,0,none,0,0,0,0,0,0,0,none,"normal, neutral, or supportive statement",synthetic_tanglish
TCB0117,bro team work nalla pannenga da,Tanglish,0,none,0,0,0,0,0,0,0,none,"normal, neutral, or supportive statement",synthetic_tanglish
TCB0118,consent illama private photo kekkadha comment section la ippo,Tanglish,1,individual,0,0,0,0,0,1,0,high,unwanted sexual pressure or abusive sexual request,synthetic_tanglish
TCB0119,true bro nee nalla work pannita,Tanglish,0,none,0,0,0,0,0,0,0,none,"normal, neutral, or supportive statement",synthetic_tanglish
TCB0120,yes project nalla develop aaguthu,Tanglish,0,none,0,0,0,0,0,0,0,none,"normal, neutral, or supportive statement",synthetic_tanglish
TCB0121,macha project nalla develop aaguthu,Tanglish,0,none,0,0,0,0,0,0,0,none,"normal, neutral, or supportive statement",synthetic_tanglish
TCB0122,actually inniku session epdi pochu today,Tanglish,0,none,0,0,0,0,0,0,0,none,"normal, neutral, or supportive statement",synthetic_tanglish
TCB0123,ivan poda poi velaiya paaru chat la macha,Tanglish,1,other,0,0,0,0,0,0,1,medium,profane or abusive wording,synthetic_tanglish
TCB0124,honestly database update panniten honestly,Tanglish,0,none,0,0,0,0,0,0,0,none,"normal, neutral, or supportive statement",synthetic_tanglish
TCB0125,da happy for your progress today,Tanglish,0,none,0,0,0,0,0,0,0,none,"normal, neutral, or supportive statement",synthetic_tanglish
TCB0126,dei mokka poda,Tanglish,1,other,1,0,0,0,0,0,1,medium,profane or abusive wording,synthetic_tanglish
TCB0127,da assignment submit pannitiya inniku,Tanglish,0,none,0,0,0,0,0,0,0,none,"normal, neutral, or supportive statement",synthetic_tanglish
TCB0128,nee nee stop pannalana problem aagum nu,Tanglish,1,individual,0,1,0,0,0,0,0,high,threatening language,synthetic_tanglish
TCB0129,ivan unna adichiduven social media la,Tanglish,1,other,0,0,1,0,0,0,0,high,reference to physical harm,synthetic_tanglish
TCB0130,dei andha community people romba kevalam message la nu,Tanglish,1,group,0,0,0,1,0,0,0,medium,group-targeted hateful language,synthetic_tanglish
TCB0131,seriously podi loosu chat la ah,Tanglish,1,individual,0,0,0,0,0,0,1,medium,profane or abusive wording,synthetic_tanglish
TCB0132,true bro naan unakku support panren la,Tanglish,0,none,0,0,0,0,0,0,0,none,"normal, neutral, or supportive statement",synthetic_tanglish
TCB0133,unna damage panniduven intha post la macha,Tanglish,1,individual,0,0,1,0,0,0,0,medium,reference to physical harm,synthetic_tanglish
TCB0134,ava un body pathi public ah pesa vendam intha post la macha,Tanglish,1,individual,0,0,0,0,1,0,0,high,unwanted sexualized or appearance-based harassment,synthetic_tanglish
TCB0135,listen unna hurt panniduven online la ippo,Tanglish,1,other,0,1,1,0,0,0,0,medium,reference to physical harm,synthetic_tanglish
TCB0136,dei nee andha community people romba kevalam da,Tanglish,1,group,0,0,0,1,0,0,0,high,group-targeted hateful language,synthetic_tanglish
TCB0137,nee ava mela unwanted comments podradhu harassment chat la ippo,Tanglish,1,individual,0,0,0,0,1,0,0,medium,unwanted sexualized or appearance-based harassment,synthetic_tanglish
TCB0138,ava mela unwanted comments podradhu harassment social media la macha,Tanglish,1,individual,0,0,0,0,1,0,0,medium,unwanted sexualized or appearance-based harassment,synthetic_tanglish
TCB0139,true bro keep going bro inniku,Tanglish,0,none,0,0,0,0,0,0,0,none,"normal, neutral, or supportive statement",synthetic_tanglish
TCB0140,naan unakku support panren la,Tanglish,0,none,0,0,0,0,0,0,0,none,"normal, neutral, or supportive statement",synthetic_tanglish
TCB0141,macha private content force panna vendam online la macha,Tanglish,1,individual,0,0,0,0,0,1,0,medium,unwanted sexual pressure or abusive sexual request,synthetic_tanglish
TCB0142,bro poda mental social media la podi,Tanglish,1,individual,0,0,0,0,0,0,1,low,profane or abusive wording,synthetic_tanglish
TCB0143,macha personal appearance ah target panni tease pannadha message la da,Tanglish,1,individual,0,0,0,0,1,0,0,medium,unwanted sexualized or appearance-based harassment,synthetic_tanglish
TCB0144,dei unna physical ah attack panniduven public ah macha,Tanglish,1,individual,0,0,1,0,0,0,0,high,reference to physical harm,synthetic_tanglish
TCB0145,bro poda poi velaiya paaru comment section la la,Tanglish,1,other,0,0,0,0,0,0,1,low,profane or abusive wording,synthetic_tanglish
TCB0146,true bro thanks for helping me today,Tanglish,0,none,0,0,0,0,0,0,0,none,"normal, neutral, or supportive statement",synthetic_tanglish
TCB0147,yes nice explanation da,Tanglish,0,none,0,0,0,0,0,0,0,none,"normal, neutral, or supportive statement",synthetic_tanglish
TCB0148,seriously unakku common sense illa inga ippo,Tanglish,1,individual,1,0,0,0,0,0,1,low,direct personal insult,synthetic_tanglish
TCB0149,nice ah good job bro,Tanglish,0,none,0,0,0,0,0,0,0,none,"normal, neutral, or supportive statement",synthetic_tanglish
TCB0150,seri all the best da nu,Tanglish,0,none,0,0,0,0,0,0,0,none,"normal, neutral, or supportive statement",synthetic_tanglish
TCB0151,da super ah panniruka inniku,Tanglish,0,none,0,0,0,0,0,0,0,none,"normal, neutral, or supportive statement",synthetic_tanglish
TCB0152,actually database update panniten 👍,Tanglish,0,none,0,0,0,0,0,0,0,none,"normal, neutral, or supportive statement",synthetic_tanglish
TCB0153,ivan andha community ah nambave mudiyadhu public ah da,Tanglish,1,group,0,0,0,1,0,0,0,medium,group-targeted hateful language,synthetic_tanglish
TCB0154,true bro all the best da la,Tanglish,0,none,0,0,0,0,0,0,0,none,"normal, neutral, or supportive statement",synthetic_tanglish
TCB0155,seriously nee oru waste fellow daily podi,Tanglish,1,individual,1,0,0,0,0,0,0,low,direct personal insult,synthetic_tanglish
TCB0156,actually all the best da today,Tanglish,0,none,0,0,0,0,0,0,0,none,"normal, neutral, or supportive statement",synthetic_tanglish
TCB0157,yes seri paakalam honestly,Tanglish,0,none,0,0,0,0,0,0,0,none,"normal, neutral, or supportive statement",synthetic_tanglish
TCB0158,true bro happy for your progress,Tanglish,0,none,0,0,0,0,0,0,0,none,"normal, neutral, or supportive statement",synthetic_tanglish
TCB0159,true bro nice explanation la,Tanglish,0,none,0,0,0,0,0,0,0,none,"normal, neutral, or supportive statement",synthetic_tanglish
TCB0160,da good job bro 👍,Tanglish,0,none,0,0,0,0,0,0,0,none,"normal, neutral, or supportive statement",synthetic_tanglish
TCB0161,seri indha idea useful ah irukku bro,Tanglish,0,none,0,0,0,0,0,0,0,none,"normal, neutral, or supportive statement",synthetic_tanglish
TCB0162,un photo ku sexual comment podradhu wrong daily poda,Tanglish,1,individual,0,0,0,0,1,0,0,medium,unwanted sexualized or appearance-based harassment,synthetic_tanglish
TCB0163,ava private photo share panna force pannadha daily da,Tanglish,1,other,0,0,0,0,1,1,0,high,unwanted sexual pressure or abusive sexual request,synthetic_tanglish
TCB0164,dei nee unna physical ah attack panniduven online la macha,Tanglish,1,individual,0,1,1,0,0,0,0,high,reference to physical harm,synthetic_tanglish
TCB0165,da nee daily improve aagite irukka la,Tanglish,0,none,0,0,0,0,0,0,0,none,"normal, neutral, or supportive statement",synthetic_tanglish
TCB0166,bro nee romba stupid public ah,Tanglish,1,individual,1,0,0,0,0,0,1,medium,direct personal insult,synthetic_tanglish
TCB0167,nice explanation la,Tanglish,0,none,0,0,0,0,0,0,0,none,"normal, neutral, or supportive statement",synthetic_tanglish
TCB0168,ava fight panna vandha paathukalam public ah podi,Tanglish,1,other,0,1,1,0,0,0,0,medium,reference to physical harm,synthetic_tanglish
TCB0169,po da inga irundhu inga,Tanglish,1,individual,1,0,0,0,0,0,1,low,profane or abusive wording,synthetic_tanglish
TCB0170,seri meeting five mani ku irukku nu,Tanglish,0,none,0,0,0,0,0,0,0,none,"normal, neutral, or supportive statement",synthetic_tanglish
TCB0171,true bro presentation clear ah irundhuchu today,Tanglish,0,none,0,0,0,0,0,0,0,none,"normal, neutral, or supportive statement",synthetic_tanglish
TCB0172,nice ah thanks for helping me bro,Tanglish,0,none,0,0,0,0,0,0,0,none,"normal, neutral, or supportive statement",synthetic_tanglish
TCB0173,dei nee sexual content anuppi disturb panna koodadhu inga bro,Tanglish,1,other,0,0,0,0,0,1,0,high,unwanted sexual pressure or abusive sexual request,synthetic_tanglish
TCB0174,unna vida maaten nu nenachuko social media la ah,Tanglish,1,individual,0,1,1,0,0,0,0,high,threatening language,synthetic_tanglish
TCB0175,dei nee inga vandha unakku problem message la ippo,Tanglish,1,individual,0,1,1,0,0,0,0,high,threatening language,synthetic_tanglish
TCB0176,ava online la unwanted sexual attention kudukkadha daily da,Tanglish,1,other,0,0,0,0,1,0,0,high,unwanted sexualized or appearance-based harassment,synthetic_tanglish
TCB0177,ava un appearance pathi unwanted comment poda vendam daily,Tanglish,1,other,0,0,0,0,1,0,0,medium,unwanted sexualized or appearance-based harassment,synthetic_tanglish
TCB0178,actually database update panniten today,Tanglish,0,none,0,0,0,0,0,0,0,none,"normal, neutral, or supportive statement",synthetic_tanglish
TCB0179,nee unakku consequences irukkum ah,Tanglish,1,other,0,1,1,0,0,0,0,high,threatening language,synthetic_tanglish
TCB0180,seriously enna paaru naan unna paathukuren public ah,Tanglish,1,individual,0,1,1,0,0,0,0,medium,threatening language,synthetic_tanglish
TCB0181,ivan andha community people romba kevalam chat la ippo,Tanglish,1,group,0,0,0,1,0,0,0,high,group-targeted hateful language,synthetic_tanglish
TCB0182,actually all the best da la,Tanglish,0,none,0,0,0,0,0,0,0,none,"normal, neutral, or supportive statement",synthetic_tanglish
TCB0183,yes good job bro 👍,Tanglish,0,none,0,0,0,0,0,0,0,none,"normal, neutral, or supportive statement",synthetic_tanglish
TCB0184,ava sexual content anuppi disturb panna koodadhu intha post la poda,Tanglish,1,individual,0,0,0,0,0,1,0,high,unwanted sexual pressure or abusive sexual request,synthetic_tanglish
TCB0185,honestly naalaikku continue pannalam nu,Tanglish,0,none,0,0,0,0,0,0,0,none,"normal, neutral, or supportive statement",synthetic_tanglish
TCB0186,seriously sexual pressure kudukka koodadhu intha post la nu,Tanglish,1,individual,0,0,0,0,0,1,0,high,unwanted sexual pressure or abusive sexual request,synthetic_tanglish
TCB0187,seriously private photo share panna force pannadha social media la da,Tanglish,1,individual,0,0,0,0,1,1,0,medium,unwanted sexual pressure or abusive sexual request,synthetic_tanglish
TCB0188,true bro keep going bro honestly,Tanglish,0,none,0,0,0,0,0,0,0,none,"normal, neutral, or supportive statement",synthetic_tanglish
TCB0189,bro nee careful ah iru social media la,Tanglish,1,individual,0,1,1,0,0,0,0,high,threatening language,synthetic_tanglish
TCB0190,dei dei poda inga podi,Tanglish,1,individual,1,0,0,0,0,0,1,medium,profane or abusive wording,synthetic_tanglish
TCB0191,bro keep going bro da,Tanglish,0,none,0,0,0,0,0,0,0,none,"normal, neutral, or supportive statement",synthetic_tanglish
TCB0192,yes correct ah sonna today,Tanglish,0,none,0,0,0,0,0,0,0,none,"normal, neutral, or supportive statement",synthetic_tanglish
TCB0193,macha naalaikku continue pannalam today,Tanglish,0,none,0,0,0,0,0,0,0,none,"normal, neutral, or supportive statement",synthetic_tanglish
TCB0194,ava dei poda inga intha post la macha,Tanglish,1,individual,1,0,0,0,0,0,1,medium,profane or abusive wording,synthetic_tanglish
TCB0195,macha assignment submit pannitiya nu,Tanglish,0,none,0,0,0,0,0,0,0,none,"normal, neutral, or supportive statement",synthetic_tanglish
TCB0196,macha correct ah sonna today,Tanglish,0,none,0,0,0,0,0,0,0,none,"normal, neutral, or supportive statement",synthetic_tanglish
TCB0197,seri thanks for helping me inniku,Tanglish,0,none,0,0,0,0,0,0,0,none,"normal, neutral, or supportive statement",synthetic_tanglish
TCB0198,ava unakku sense eh illa intha post la poda,Tanglish,1,individual,1,0,0,0,0,0,1,low,direct personal insult,synthetic_tanglish
TCB0199,macha dei poda inga message la da,Tanglish,1,individual,0,0,0,0,0,0,1,medium,profane or abusive wording,synthetic_tanglish
TCB0200,actually nee daily improve aagite irukka honestly,Tanglish,0,none,0,0,0,0,0,0,0,none,"normal, neutral, or supportive statement",synthetic_tanglish
TCB0201,listen unna adikka varuven message la la,Tanglish,1,individual,0,0,1,0,0,0,0,high,reference to physical harm,synthetic_tanglish
TCB0202,honestly assignment submit pannitiya nu,Tanglish,0,none,0,0,0,0,0,0,0,none,"normal, neutral, or supportive statement",synthetic_tanglish
TCB0203,nee andha group people ellam mosam message la ippo,Tanglish,1,group,0,0,0,1,0,0,0,medium,group-targeted hateful language,synthetic_tanglish
TCB0204,ava unna adichiduven intha post la ippo,Tanglish,1,individual,0,1,1,0,0,0,0,high,reference to physical harm,synthetic_tanglish
TCB0205,bro unakku nalla warning idhu social media la,Tanglish,1,individual,0,1,0,0,0,0,0,high,threatening language,synthetic_tanglish
TCB0206,un appearance pathi unwanted comment poda vendam intha post la,Tanglish,1,individual,0,0,0,0,1,0,0,medium,unwanted sexualized or appearance-based harassment,synthetic_tanglish
TCB0207,honestly nice explanation la,Tanglish,0,none,0,0,0,0,0,0,0,none,"normal, neutral, or supportive statement",synthetic_tanglish
TCB0208,nee sexual pressure kudukka koodadhu public ah la,Tanglish,1,individual,0,0,0,0,0,1,0,medium,unwanted sexual pressure or abusive sexual request,synthetic_tanglish
TCB0209,nee oru waste fellow chat la nu,Tanglish,1,individual,1,0,0,0,0,0,0,medium,direct personal insult,synthetic_tanglish
TCB0210,da later discuss pannalam honestly,Tanglish,0,none,0,0,0,0,0,0,0,none,"normal, neutral, or supportive statement",synthetic_tanglish
TCB0211,nice explanation da,Tanglish,0,none,0,0,0,0,0,0,0,none,"normal, neutral, or supportive statement",synthetic_tanglish
TCB0212,dei nee poda waste inga podi,Tanglish,1,other,0,0,0,0,0,0,1,medium,profane or abusive wording,synthetic_tanglish
TCB0213,true bro semma performance today,Tanglish,0,none,0,0,0,0,0,0,0,none,"normal, neutral, or supportive statement",synthetic_tanglish
TCB0214,bro nee daily improve aagite irukka bro,Tanglish,0,none,0,0,0,0,0,0,0,none,"normal, neutral, or supportive statement",synthetic_tanglish
TCB0215,actually inniku session epdi pochu la,Tanglish,0,none,0,0,0,0,0,0,0,none,"normal, neutral, or supportive statement",synthetic_tanglish
TCB0216,macha un body pathi public ah pesa vendam message la ippo,Tanglish,1,other,0,0,0,0,1,0,0,medium,unwanted sexualized or appearance-based harassment,synthetic_tanglish
TCB0217,seri solution useful ah irukku honestly,Tanglish,0,none,0,0,0,0,0,0,0,none,"normal, neutral, or supportive statement",synthetic_tanglish
TCB0218,nice ah meeting five mani ku irukku nu,Tanglish,0,none,0,0,0,0,0,0,0,none,"normal, neutral, or supportive statement",synthetic_tanglish
TCB0219,macha dei mokka public ah nu,Tanglish,1,other,1,0,0,0,0,0,1,medium,profane or abusive wording,synthetic_tanglish
TCB0220,da code check pannitu sollu 👍,Tanglish,0,none,0,0,0,0,0,0,0,none,"normal, neutral, or supportive statement",synthetic_tanglish
TCB0221,yes meeting five mani ku irukku macha,Tanglish,0,none,0,0,0,0,0,0,0,none,"normal, neutral, or supportive statement",synthetic_tanglish
TCB0222,seri happy for your progress inniku,Tanglish,0,none,0,0,0,0,0,0,0,none,"normal, neutral, or supportive statement",synthetic_tanglish
TCB0223,yes semma performance la,Tanglish,0,none,0,0,0,0,0,0,0,none,"normal, neutral, or supportive statement",synthetic_tanglish
TCB0224,correct ah sonna,Tanglish,0,none,0,0,0,0,0,0,0,none,"normal, neutral, or supportive statement",synthetic_tanglish
TCB0225,true bro project nalla develop aaguthu la,Tanglish,0,none,0,0,0,0,0,0,0,none,"normal, neutral, or supportive statement",synthetic_tanglish
TCB0226,assignment submit pannitiya today,Tanglish,0,none,0,0,0,0,0,0,0,none,"normal, neutral, or supportive statement",synthetic_tanglish
TCB0227,yes semma performance bro,Tanglish,0,none,0,0,0,0,0,0,0,none,"normal, neutral, or supportive statement",synthetic_tanglish
TCB0228,seriously nee careful ah iru inga ah,Tanglish,1,other,0,1,0,0,0,0,0,medium,threatening language,synthetic_tanglish
TCB0229,macha consent illama sexual request pannadha social media la poda,Tanglish,1,other,0,0,0,0,1,1,0,medium,unwanted sexual pressure or abusive sexual request,synthetic_tanglish
TCB0230,actually meeting five mani ku irukku la,Tanglish,0,none,0,0,0,0,0,0,0,none,"normal, neutral, or supportive statement",synthetic_tanglish
TCB0231,nice ah project nalla develop aaguthu macha,Tanglish,0,none,0,0,0,0,0,0,0,none,"normal, neutral, or supportive statement",synthetic_tanglish
TCB0232,nee poda loosu daily poda,Tanglish,1,individual,0,0,0,0,0,0,1,medium,profane or abusive wording,synthetic_tanglish
TCB0233,true bro code check pannitu sollu da,Tanglish,0,none,0,0,0,0,0,0,0,none,"normal, neutral, or supportive statement",synthetic_tanglish
TCB0234,da nice explanation honestly,Tanglish,0,none,0,0,0,0,0,0,0,none,"normal, neutral, or supportive statement",synthetic_tanglish
TCB0235,macha class nalla irundhucha la,Tanglish,0,none,0,0,0,0,0,0,0,none,"normal, neutral, or supportive statement",synthetic_tanglish
TCB0236,true bro seri paakalam inniku,Tanglish,0,none,0,0,0,0,0,0,0,none,"normal, neutral, or supportive statement",synthetic_tanglish
TCB0237,dei unna hurt panniduven social media la macha,Tanglish,1,other,0,0,1,0,0,0,0,medium,reference to physical harm,synthetic_tanglish
TCB0238,listen naan unna confront panren message la la,Tanglish,1,individual,0,1,1,0,0,0,0,high,threatening language,synthetic_tanglish
TCB0239,da code check pannitu sollu la,Tanglish,0,none,0,0,0,0,0,0,0,none,"normal, neutral, or supportive statement",synthetic_tanglish
TCB0240,listen nee oru useless fellow message la macha,Tanglish,1,individual,1,0,0,0,0,0,0,medium,direct personal insult,synthetic_tanglish
TCB0241,nee po da inga irundhu online la,Tanglish,1,individual,0,0,0,0,0,0,1,medium,profane or abusive wording,synthetic_tanglish
TCB0242,macha database update panniten macha,Tanglish,0,none,0,0,0,0,0,0,0,none,"normal, neutral, or supportive statement",synthetic_tanglish
TCB0243,ava unakku basic knowledge kooda illa ah,Tanglish,1,other,1,0,0,0,0,0,0,low,direct personal insult,synthetic_tanglish
TCB0244,class nalla irundhucha macha,Tanglish,0,none,0,0,0,0,0,0,0,none,"normal, neutral, or supportive statement",synthetic_tanglish
TCB0245,honestly all the best da honestly,Tanglish,0,none,0,0,0,0,0,0,0,none,"normal, neutral, or supportive statement",synthetic_tanglish
TCB0246,bro sandaila unna adikka thonudhu message la la,Tanglish,1,individual,0,1,1,0,0,0,0,medium,reference to physical harm,synthetic_tanglish
TCB0247,honestly presentation clear ah irundhuchu today,Tanglish,0,none,0,0,0,0,0,0,0,none,"normal, neutral, or supportive statement",synthetic_tanglish
TCB0248,yes happy for your progress macha,Tanglish,0,none,0,0,0,0,0,0,0,none,"normal, neutral, or supportive statement",synthetic_tanglish
TCB0249,dei nee dei summa iru chat la bro,Tanglish,1,other,1,0,0,0,0,0,1,medium,profane or abusive wording,synthetic_tanglish
TCB0250,seri good job bro inniku,Tanglish,0,none,0,0,0,0,0,0,0,none,"normal, neutral, or supportive statement",synthetic_tanglish
TCB0251,yes nee nalla work pannita bro,Tanglish,0,none,0,0,0,0,0,0,0,none,"normal, neutral, or supportive statement",synthetic_tanglish
TCB0252,ava nee oru embarrassment social media la ippo,Tanglish,1,other,1,0,0,0,0,0,0,medium,direct personal insult,synthetic_tanglish
TCB0253,seri thanks for helping me macha,Tanglish,0,none,0,0,0,0,0,0,0,none,"normal, neutral, or supportive statement",synthetic_tanglish
TCB0254,actually food saptiya bro,Tanglish,0,none,0,0,0,0,0,0,0,none,"normal, neutral, or supportive statement",synthetic_tanglish
TCB0255,later discuss pannalam la,Tanglish,0,none,0,0,0,0,0,0,0,none,"normal, neutral, or supportive statement",synthetic_tanglish
TCB0256,actually correct ah sonna honestly,Tanglish,0,none,0,0,0,0,0,0,0,none,"normal, neutral, or supportive statement",synthetic_tanglish
TCB0257,nice ah correct ah sonna honestly,Tanglish,0,none,0,0,0,0,0,0,0,none,"normal, neutral, or supportive statement",synthetic_tanglish
TCB0258,listen ava mela unwanted comments podradhu harassment intha post la ippo,Tanglish,1,individual,0,0,0,0,1,0,0,medium,unwanted sexualized or appearance-based harassment,synthetic_tanglish
TCB0259,macha class nalla irundhucha 👍,Tanglish,0,none,0,0,0,0,0,0,0,none,"normal, neutral, or supportive statement",synthetic_tanglish
TCB0260,seri naalaikku continue pannalam honestly,Tanglish,0,none,0,0,0,0,0,0,0,none,"normal, neutral, or supportive statement",synthetic_tanglish
TCB0261,dei nee andha community people romba kevalam online la ippo,Tanglish,1,group,0,0,0,1,0,0,0,high,group-targeted hateful language,synthetic_tanglish
TCB0262,nee andha group ellam useless la,Tanglish,1,group,0,0,0,1,0,0,0,medium,group-targeted hateful language,synthetic_tanglish
TCB0263,true bro good job bro la,Tanglish,0,none,0,0,0,0,0,0,0,none,"normal, neutral, or supportive statement",synthetic_tanglish
TCB0264,dei ava mela unwanted comments podradhu harassment online la da,Tanglish,1,individual,0,0,0,0,1,0,0,high,unwanted sexualized or appearance-based harassment,synthetic_tanglish
TCB0265,seriously nee enna pannalum naan respond panren la,Tanglish,1,other,0,1,1,0,0,0,0,high,threatening language,synthetic_tanglish
TCB0266,true bro nice explanation 👍,Tanglish,0,none,0,0,0,0,0,0,0,none,"normal, neutral, or supportive statement",synthetic_tanglish
TCB0267,dei nee andha people ellam problem daily podi,Tanglish,1,group,0,0,0,1,0,0,0,high,group-targeted hateful language,synthetic_tanglish
TCB0268,nice ah good job bro honestly,Tanglish,0,none,0,0,0,0,0,0,0,none,"normal, neutral, or supportive statement",synthetic_tanglish
TCB0269,true bro database update panniten nu,Tanglish,0,none,0,0,0,0,0,0,0,none,"normal, neutral, or supportive statement",synthetic_tanglish
TCB0270,seriously andha people ellam problem macha,Tanglish,1,group,0,0,0,1,0,0,0,medium,group-targeted hateful language,synthetic_tanglish
TCB0271,ivan podi dei daily macha,Tanglish,1,individual,1,0,0,0,0,0,1,low,profane or abusive wording,synthetic_tanglish
TCB0272,ivan personal appearance ah target panni tease pannadha online la nu,Tanglish,1,individual,0,0,0,0,1,0,0,high,unwanted sexualized or appearance-based harassment,synthetic_tanglish
TCB0273,yes inniku session epdi pochu inniku,Tanglish,0,none,0,0,0,0,0,0,0,none,"normal, neutral, or supportive statement",synthetic_tanglish
TCB0274,ivan podi loosu social media la ah,Tanglish,1,individual,0,0,0,0,0,0,1,low,profane or abusive wording,synthetic_tanglish
TCB0275,seri un effort romba nalla irukku,Tanglish,0,none,0,0,0,0,0,0,0,none,"normal, neutral, or supportive statement",synthetic_tanglish
TCB0276,dei nee sandaila unna adikka thonudhu chat la poda,Tanglish,1,other,0,0,1,0,0,0,0,medium,reference to physical harm,synthetic_tanglish
TCB0277,unakku physical harm panniduven message la da,Tanglish,1,individual,0,0,1,0,0,0,0,high,reference to physical harm,synthetic_tanglish
TCB0278,da indha idea useful ah irukku 👍,Tanglish,0,none,0,0,0,0,0,0,0,none,"normal, neutral, or supportive statement",synthetic_tanglish
TCB0279,un photo paathu sexual comments podradhu wrong ippo,Tanglish,1,individual,0,0,0,0,1,0,0,medium,unwanted sexualized or appearance-based harassment,synthetic_tanglish
TCB0280,dei nee naan unna confront panren public ah,Tanglish,1,individual,0,1,0,0,0,0,0,high,threatening language,synthetic_tanglish
TCB0281,listen podi loosu public ah,Tanglish,1,individual,0,0,0,0,0,0,1,medium,profane or abusive wording,synthetic_tanglish
TCB0282,dei mokka daily da,Tanglish,1,individual,1,0,0,0,0,0,1,medium,profane or abusive wording,synthetic_tanglish
TCB0283,seriously unna adikka varuven chat la ah,Tanglish,1,individual,0,1,1,0,0,0,0,medium,reference to physical harm,synthetic_tanglish
TCB0284,seri class nalla irundhucha,Tanglish,0,none,0,0,0,0,0,0,0,none,"normal, neutral, or supportive statement",synthetic_tanglish
TCB0285,honestly naan unakku support panren da,Tanglish,0,none,0,0,0,0,0,0,0,none,"normal, neutral, or supportive statement",synthetic_tanglish
TCB0286,honestly keep going bro macha,Tanglish,0,none,0,0,0,0,0,0,0,none,"normal, neutral, or supportive statement",synthetic_tanglish
TCB0287,true bro happy for your progress inniku,Tanglish,0,none,0,0,0,0,0,0,0,none,"normal, neutral, or supportive statement",synthetic_tanglish
TCB0288,actually semma performance da,Tanglish,0,none,0,0,0,0,0,0,0,none,"normal, neutral, or supportive statement",synthetic_tanglish
TCB0289,ava un appearance pathi unwanted comment poda vendam message la macha,Tanglish,1,individual,0,0,0,0,1,0,0,medium,unwanted sexualized or appearance-based harassment,synthetic_tanglish
TCB0290,da un effort romba nalla irukku la,Tanglish,0,none,0,0,0,0,0,0,0,none,"normal, neutral, or supportive statement",synthetic_tanglish
TCB0291,macha un performance romba kevalam message la podi,Tanglish,1,other,1,0,0,0,0,0,0,medium,direct personal insult,synthetic_tanglish
TCB0292,seri un effort romba nalla irukku da,Tanglish,0,none,0,0,0,0,0,0,0,none,"normal, neutral, or supportive statement",synthetic_tanglish
TCB0293,listen poda waste inga,Tanglish,1,other,0,0,0,0,0,0,1,low,profane or abusive wording,synthetic_tanglish
TCB0294,bro avanga ellarum same madhiri comment section la la,Tanglish,1,group,0,0,0,1,0,0,0,medium,group-targeted hateful language,synthetic_tanglish
TCB0295,nice ah correct ah sonna bro,Tanglish,0,none,0,0,0,0,0,0,0,none,"normal, neutral, or supportive statement",synthetic_tanglish
TCB0296,da thanks for helping me 👍,Tanglish,0,none,0,0,0,0,0,0,0,none,"normal, neutral, or supportive statement",synthetic_tanglish
TCB0297,poda mental message la podi,Tanglish,1,other,1,0,0,0,0,0,1,low,profane or abusive wording,synthetic_tanglish
TCB0298,nee oru loosu chat la nu,Tanglish,1,other,1,0,0,0,0,0,1,medium,direct personal insult,synthetic_tanglish
TCB0299,dei nee consent illama private photo kekkadha daily poda,Tanglish,1,other,0,0,0,0,1,1,0,medium,unwanted sexual pressure or abusive sexual request,synthetic_tanglish
TCB0300,seri rest eduthuko da,Tanglish,0,none,0,0,0,0,0,0,0,none,"normal, neutral, or supportive statement",synthetic_tanglish
TCB0301,macha database update panniten inniku,Tanglish,0,none,0,0,0,0,0,0,0,none,"normal, neutral, or supportive statement",synthetic_tanglish
TCB0302,macha un effort romba nalla irukku nu,Tanglish,0,none,0,0,0,0,0,0,0,none,"normal, neutral, or supportive statement",synthetic_tanglish
TCB0303,nee inga vandha unakku problem comment section la ippo,Tanglish,1,individual,0,1,0,0,0,0,0,medium,threatening language,synthetic_tanglish
TCB0304,nice ah database update panniten,Tanglish,0,none,0,0,0,0,0,0,0,none,"normal, neutral, or supportive statement",synthetic_tanglish
TCB0305,actually keep going bro,Tanglish,0,none,0,0,0,0,0,0,0,none,"normal, neutral, or supportive statement",synthetic_tanglish
TCB0306,actually nee daily improve aagite irukka 👍,Tanglish,0,none,0,0,0,0,0,0,0,none,"normal, neutral, or supportive statement",synthetic_tanglish
TCB0307,nice ah presentation clear ah irundhuchu macha,Tanglish,0,none,0,0,0,0,0,0,0,none,"normal, neutral, or supportive statement",synthetic_tanglish
TCB0308,private photo share panna force pannadha message la podi,Tanglish,1,other,0,0,0,0,1,1,0,medium,unwanted sexual pressure or abusive sexual request,synthetic_tanglish
TCB0309,true bro keep going bro,Tanglish,0,none,0,0,0,0,0,0,0,none,"normal, neutral, or supportive statement",synthetic_tanglish
TCB0310,bro thanks for helping me 👍,Tanglish,0,none,0,0,0,0,0,0,0,none,"normal, neutral, or supportive statement",synthetic_tanglish
TCB0311,seri class nalla irundhucha macha,Tanglish,0,none,0,0,0,0,0,0,0,none,"normal, neutral, or supportive statement",synthetic_tanglish
TCB0312,bro nice explanation la,Tanglish,0,none,0,0,0,0,0,0,0,none,"normal, neutral, or supportive statement",synthetic_tanglish
TCB0313,macha naan unakku support panren,Tanglish,0,none,0,0,0,0,0,0,0,none,"normal, neutral, or supportive statement",synthetic_tanglish
TCB0314,true bro naalaikku continue pannalam macha,Tanglish,0,none,0,0,0,0,0,0,0,none,"normal, neutral, or supportive statement",synthetic_tanglish
TCB0315,dei nee un body pathi public ah pesa vendam online la la,Tanglish,1,other,0,0,0,0,1,0,0,high,unwanted sexualized or appearance-based harassment,synthetic_tanglish
TCB0316,ivan consent illama private photo kekkadha chat la ah,Tanglish,1,individual,0,0,0,0,1,1,0,high,unwanted sexual pressure or abusive sexual request,synthetic_tanglish
TCB0317,dei unakku sense eh illa chat la nu,Tanglish,1,other,1,0,0,0,0,0,0,low,direct personal insult,synthetic_tanglish
TCB0318,ivan unakku physical harm panniduven message la,Tanglish,1,individual,0,0,1,0,0,0,0,medium,reference to physical harm,synthetic_tanglish
TCB0319,yes nee daily improve aagite irukka bro,Tanglish,0,none,0,0,0,0,0,0,0,none,"normal, neutral, or supportive statement",synthetic_tanglish
TCB0320,avanga ellarum same madhiri inga macha,Tanglish,1,group,0,0,0,1,0,0,0,medium,group-targeted hateful language,synthetic_tanglish
TCB0321,seri happy for your progress nu,Tanglish,0,none,0,0,0,0,0,0,0,none,"normal, neutral, or supportive statement",synthetic_tanglish
TCB0322,ava unna damage panniduven social media la macha,Tanglish,1,other,0,0,1,0,0,0,0,high,reference to physical harm,synthetic_tanglish
TCB0323,ivan sexual pressure kudukka koodadhu inga ah,Tanglish,1,other,0,0,0,0,0,1,0,medium,unwanted sexual pressure or abusive sexual request,synthetic_tanglish
TCB0324,true bro inniku session epdi pochu la,Tanglish,0,none,0,0,0,0,0,0,0,none,"normal, neutral, or supportive statement",synthetic_tanglish
TCB0325,bro avanga group ah support panna koodadhu online la macha,Tanglish,1,group,0,0,0,1,0,0,0,medium,group-targeted hateful language,synthetic_tanglish
TCB0326,dei nee unakku basic knowledge kooda illa message la ippo,Tanglish,1,other,1,0,0,0,0,0,0,medium,direct personal insult,synthetic_tanglish
TCB0327,bro naalaikku continue pannalam nu,Tanglish,0,none,0,0,0,0,0,0,0,none,"normal, neutral, or supportive statement",synthetic_tanglish
TCB0328,seriously unakku physical harm panniduven chat la podi,Tanglish,1,other,0,1,1,0,0,0,0,high,reference to physical harm,synthetic_tanglish
TCB0329,da presentation clear ah irundhuchu macha,Tanglish,0,none,0,0,0,0,0,0,0,none,"normal, neutral, or supportive statement",synthetic_tanglish
TCB0330,nee nee oru loosu online la podi,Tanglish,1,individual,1,0,0,0,0,0,1,medium,direct personal insult,synthetic_tanglish
TCB0331,da thanks for helping me today,Tanglish,0,none,0,0,0,0,0,0,0,none,"normal, neutral, or supportive statement",synthetic_tanglish
TCB0332,macha nee oru useless fellow message la la,Tanglish,1,individual,1,0,0,0,0,0,0,low,direct personal insult,synthetic_tanglish
TCB0333,listen nee pesuradhellam mokka inga macha,Tanglish,1,individual,1,0,0,0,0,0,1,medium,direct personal insult,synthetic_tanglish
TCB0334,true bro nee daily improve aagite irukka da,Tanglish,0,none,0,0,0,0,0,0,0,none,"normal, neutral, or supportive statement",synthetic_tanglish
TCB0335,seriously nee oru failure intha post la,Tanglish,1,individual,1,0,0,0,0,0,1,medium,direct personal insult,synthetic_tanglish
TCB0336,ava un body ah comment panni disturb pannadha daily la,Tanglish,1,individual,0,0,0,0,1,0,0,medium,unwanted sexualized or appearance-based harassment,synthetic_tanglish
TCB0337,listen personal appearance ah target panni tease pannadha intha post la la,Tanglish,1,individual,0,0,0,0,1,0,0,medium,unwanted sexualized or appearance-based harassment,synthetic_tanglish
TCB0338,seriously nee careful ah iru message la ah,Tanglish,1,individual,0,1,0,0,0,0,0,high,threatening language,synthetic_tanglish
TCB0339,bro movie epdi irundhuchu da,Tanglish,0,none,0,0,0,0,0,0,0,none,"normal, neutral, or supportive statement",synthetic_tanglish
TCB0340,ivan innoru thadava ippadi pesina serious ah irukkum online la bro,Tanglish,1,individual,0,1,1,0,0,0,0,medium,threatening language,synthetic_tanglish
TCB0341,actually nee daily improve aagite irukka bro,Tanglish,0,none,0,0,0,0,0,0,0,none,"normal, neutral, or supportive statement",synthetic_tanglish
TCB0342,dei un photo paathu sexual comments podradhu wrong comment section la poda,Tanglish,1,individual,0,0,0,0,1,0,0,high,unwanted sexualized or appearance-based harassment,synthetic_tanglish
TCB0343,yes class nalla irundhucha da,Tanglish,0,none,0,0,0,0,0,0,0,none,"normal, neutral, or supportive statement",synthetic_tanglish
TCB0344,macha semma performance inniku,Tanglish,0,none,0,0,0,0,0,0,0,none,"normal, neutral, or supportive statement",synthetic_tanglish
TCB0345,true bro food saptiya,Tanglish,0,none,0,0,0,0,0,0,0,none,"normal, neutral, or supportive statement",synthetic_tanglish
TCB0346,true bro nee nalla work pannita today,Tanglish,0,none,0,0,0,0,0,0,0,none,"normal, neutral, or supportive statement",synthetic_tanglish
TCB0347,bro solution useful ah irukku bro,Tanglish,0,none,0,0,0,0,0,0,0,none,"normal, neutral, or supportive statement",synthetic_tanglish
TCB0348,dei nee total dummy intha post la macha,Tanglish,1,individual,1,0,0,0,0,0,1,medium,direct personal insult,synthetic_tanglish
TCB0349,ivan innoru thadava ippadi pesina serious ah irukkum comment section la nu,Tanglish,1,individual,0,1,1,0,0,0,0,medium,threatening language,synthetic_tanglish
TCB0350,macha innoru message anuppina paathuko public ah nu,Tanglish,1,individual,0,1,0,0,0,0,0,medium,threatening language,synthetic_tanglish
TCB0351,macha nee nalla work pannita inniku,Tanglish,0,none,0,0,0,0,0,0,0,none,"normal, neutral, or supportive statement",synthetic_tanglish
TCB0352,macha database update panniten la,Tanglish,0,none,0,0,0,0,0,0,0,none,"normal, neutral, or supportive statement",synthetic_tanglish
TCB0353,dei avanai poi adichidu la,Tanglish,1,individual,0,0,1,0,0,0,0,medium,reference to physical harm,synthetic_tanglish
TCB0354,dei nee un photo paathu sexual comments podradhu wrong social media la da,Tanglish,1,individual,0,0,0,0,1,0,0,medium,unwanted sexualized or appearance-based harassment,synthetic_tanglish
TCB0355,nice ah team work nalla pannenga 👍,Tanglish,0,none,0,0,0,0,0,0,0,none,"normal, neutral, or supportive statement",synthetic_tanglish
TCB0356,true bro nice explanation,Tanglish,0,none,0,0,0,0,0,0,0,none,"normal, neutral, or supportive statement",synthetic_tanglish
TCB0357,ivan poda mental intha post la poda,Tanglish,1,other,0,0,0,0,0,0,1,low,profane or abusive wording,synthetic_tanglish
TCB0358,nee oru embarrassment bro,Tanglish,1,individual,1,0,0,0,0,0,0,medium,direct personal insult,synthetic_tanglish
TCB0359,bro unakku nalla warning idhu daily poda,Tanglish,1,other,0,1,0,0,0,0,0,medium,threatening language,synthetic_tanglish
TCB0360,seri meeting five mani ku irukku,Tanglish,0,none,0,0,0,0,0,0,0,none,"normal, neutral, or supportive statement",synthetic_tanglish
TCB0361,seri project nalla develop aaguthu inniku,Tanglish,0,none,0,0,0,0,0,0,0,none,"normal, neutral, or supportive statement",synthetic_tanglish
TCB0362,yes later discuss pannalam today,Tanglish,0,none,0,0,0,0,0,0,0,none,"normal, neutral, or supportive statement",synthetic_tanglish
TCB0363,dei nee nee romba stupid public ah,Tanglish,1,individual,1,0,0,0,0,0,0,medium,direct personal insult,synthetic_tanglish
TCB0364,bro solution useful ah irukku da,Tanglish,0,none,0,0,0,0,0,0,0,none,"normal, neutral, or supportive statement",synthetic_tanglish
TCB0365,nice ah naan unakku support panren today,Tanglish,0,none,0,0,0,0,0,0,0,none,"normal, neutral, or supportive statement",synthetic_tanglish
TCB0366,yes rest eduthuko nu,Tanglish,0,none,0,0,0,0,0,0,0,none,"normal, neutral, or supportive statement",synthetic_tanglish
TCB0367,nee unakku common sense illa online la bro,Tanglish,1,individual,1,0,0,0,0,0,0,low,direct personal insult,synthetic_tanglish
TCB0368,actually nee nalla work pannita today,Tanglish,0,none,0,0,0,0,0,0,0,none,"normal, neutral, or supportive statement",synthetic_tanglish
TCB0369,actually nice explanation inniku,Tanglish,0,none,0,0,0,0,0,0,0,none,"normal, neutral, or supportive statement",synthetic_tanglish
TCB0370,macha sexual content anuppi disturb panna koodadhu inga poda,Tanglish,1,individual,0,0,0,0,0,1,0,medium,unwanted sexual pressure or abusive sexual request,synthetic_tanglish
TCB0371,ava un appearance pathi unwanted comment poda vendam message la nu,Tanglish,1,individual,0,0,0,0,1,0,0,medium,unwanted sexualized or appearance-based harassment,synthetic_tanglish
TCB0372,true bro database update panniten macha,Tanglish,0,none,0,0,0,0,0,0,0,none,"normal, neutral, or supportive statement",synthetic_tanglish
TCB0373,honestly thanks for helping me inniku,Tanglish,0,none,0,0,0,0,0,0,0,none,"normal, neutral, or supportive statement",synthetic_tanglish
TCB0374,bro good job bro macha,Tanglish,0,none,0,0,0,0,0,0,0,none,"normal, neutral, or supportive statement",synthetic_tanglish
TCB0375,seriously unna adikka varuven comment section la,Tanglish,1,individual,0,1,1,0,0,0,0,high,reference to physical harm,synthetic_tanglish
TCB0376,nice ah keep going bro honestly,Tanglish,0,none,0,0,0,0,0,0,0,none,"normal, neutral, or supportive statement",synthetic_tanglish
TCB0377,nice ah database update panniten la,Tanglish,0,none,0,0,0,0,0,0,0,none,"normal, neutral, or supportive statement",synthetic_tanglish
TCB0378,ava online la unwanted sexual attention kudukkadha inga da,Tanglish,1,individual,0,0,0,0,1,0,0,high,unwanted sexualized or appearance-based harassment,synthetic_tanglish
TCB0379,seriously nee pesuradhellam mokka daily ah,Tanglish,1,individual,1,0,0,0,0,0,0,low,direct personal insult,synthetic_tanglish
TCB0380,actually food saptiya la,Tanglish,0,none,0,0,0,0,0,0,0,none,"normal, neutral, or supportive statement",synthetic_tanglish
TCB0381,ivan podi poi ukkaru online la bro,Tanglish,1,other,0,0,0,0,0,0,1,low,profane or abusive wording,synthetic_tanglish
TCB0382,ivan unakku brain work aagala public ah poda,Tanglish,1,individual,1,0,0,0,0,0,0,low,direct personal insult,synthetic_tanglish
TCB0383,true bro seri paakalam la,Tanglish,0,none,0,0,0,0,0,0,0,none,"normal, neutral, or supportive statement",synthetic_tanglish
TCB0384,da thanks for helping me bro,Tanglish,0,none,0,0,0,0,0,0,0,none,"normal, neutral, or supportive statement",synthetic_tanglish
TCB0385,dei nee enna paaru naan unna paathukuren podi,Tanglish,1,individual,0,1,1,0,0,0,0,high,threatening language,synthetic_tanglish
TCB0386,nice ah naalaikku continue pannalam la,Tanglish,0,none,0,0,0,0,0,0,0,none,"normal, neutral, or supportive statement",synthetic_tanglish
TCB0387,actually later discuss pannalam bro,Tanglish,0,none,0,0,0,0,0,0,0,none,"normal, neutral, or supportive statement",synthetic_tanglish
TCB0388,seri seri paakalam inniku,Tanglish,0,none,0,0,0,0,0,0,0,none,"normal, neutral, or supportive statement",synthetic_tanglish
TCB0389,seriously avanga group ah support panna koodadhu intha post la bro,Tanglish,1,group,0,0,0,1,0,0,0,medium,group-targeted hateful language,synthetic_tanglish
TCB0390,actually semma performance nu,Tanglish,0,none,0,0,0,0,0,0,0,none,"normal, neutral, or supportive statement",synthetic_tanglish
TCB0391,da nice explanation today,Tanglish,0,none,0,0,0,0,0,0,0,none,"normal, neutral, or supportive statement",synthetic_tanglish
TCB0392,seriously nee onnum purinjikala message la nu,Tanglish,1,individual,1,0,0,0,0,0,1,low,direct personal insult,synthetic_tanglish
TCB0393,ivan dei summa iru intha post la,Tanglish,1,other,0,0,0,0,0,0,1,medium,profane or abusive wording,synthetic_tanglish
TCB0394,true bro presentation clear ah irundhuchu inniku,Tanglish,0,none,0,0,0,0,0,0,0,none,"normal, neutral, or supportive statement",synthetic_tanglish
TCB0395,honestly solution useful ah irukku inniku,Tanglish,0,none,0,0,0,0,0,0,0,none,"normal, neutral, or supportive statement",synthetic_tanglish
TCB0396,honestly super ah panniruka honestly,Tanglish,0,none,0,0,0,0,0,0,0,none,"normal, neutral, or supportive statement",synthetic_tanglish
TCB0397,seri inniku session epdi pochu honestly,Tanglish,0,none,0,0,0,0,0,0,0,none,"normal, neutral, or supportive statement",synthetic_tanglish
TCB0398,dei nee online la unwanted sexual attention kudukkadha daily ippo,Tanglish,1,individual,0,0,0,0,1,0,0,high,unwanted sexualized or appearance-based harassment,synthetic_tanglish
TCB0399,true bro later discuss pannalam inniku,Tanglish,0,none,0,0,0,0,0,0,0,none,"normal, neutral, or supportive statement",synthetic_tanglish
TCB0400,bro code check pannitu sollu 👍,Tanglish,0,none,0,0,0,0,0,0,0,none,"normal, neutral, or supportive statement",synthetic_tanglish
TCB0401,seri food saptiya 👍,Tanglish,0,none,0,0,0,0,0,0,0,none,"normal, neutral, or supportive statement",synthetic_tanglish
TCB0402,bro rest eduthuko bro,Tanglish,0,none,0,0,0,0,0,0,0,none,"normal, neutral, or supportive statement",synthetic_tanglish
TCB0403,andha group people ellam mosam social media la bro,Tanglish,1,group,0,0,0,1,0,0,0,high,group-targeted hateful language,synthetic_tanglish
TCB0404,enna paaru naan unna paathukuren public ah ah,Tanglish,1,individual,0,1,1,0,0,0,0,high,threatening language,synthetic_tanglish
TCB0405,ivan consent illama sexual request pannadha public ah bro,Tanglish,1,individual,0,0,0,0,0,1,0,high,unwanted sexual pressure or abusive sexual request,synthetic_tanglish
TCB0406,nice ah super ah panniruka da,Tanglish,0,none,0,0,0,0,0,0,0,none,"normal, neutral, or supportive statement",synthetic_tanglish
TCB0407,seriously sandaila unna adikka thonudhu intha post la ah,Tanglish,1,individual,0,1,1,0,0,0,0,high,reference to physical harm,synthetic_tanglish
TCB0408,sexual pressure kudukka koodadhu social media la la,Tanglish,1,individual,0,0,0,0,0,1,0,medium,unwanted sexual pressure or abusive sexual request,synthetic_tanglish
TCB0409,macha nee enna pannalum naan respond panren intha post la da,Tanglish,1,individual,0,1,1,0,0,0,0,high,threatening language,synthetic_tanglish
TCB0410,nee online la unwanted sexual attention kudukkadha message la macha,Tanglish,1,individual,0,0,0,0,1,0,0,high,unwanted sexualized or appearance-based harassment,synthetic_tanglish
TCB0411,honestly all the best da da,Tanglish,0,none,0,0,0,0,0,0,0,none,"normal, neutral, or supportive statement",synthetic_tanglish
TCB0412,unakku physical harm panniduven chat la nu,Tanglish,1,individual,0,1,1,0,0,0,0,high,reference to physical harm,synthetic_tanglish
TCB0413,nice ah thanks for helping me,Tanglish,0,none,0,0,0,0,0,0,0,none,"normal, neutral, or supportive statement",synthetic_tanglish
TCB0414,dei nee private content force panna vendam social media la macha,Tanglish,1,other,0,0,0,0,1,1,0,high,unwanted sexual pressure or abusive sexual request,synthetic_tanglish
TCB0415,nee unakku brain work aagala inga la,Tanglish,1,individual,1,0,0,0,0,0,1,medium,direct personal insult,synthetic_tanglish
TCB0416,da meeting five mani ku irukku honestly,Tanglish,0,none,0,0,0,0,0,0,0,none,"normal, neutral, or supportive statement",synthetic_tanglish
TCB0417,seri meeting five mani ku irukku inniku,Tanglish,0,none,0,0,0,0,0,0,0,none,"normal, neutral, or supportive statement",synthetic_tanglish
TCB0418,listen unna vida maaten nu nenachuko inga nu,Tanglish,1,other,0,1,0,0,0,0,0,medium,threatening language,synthetic_tanglish
TCB0419,listen avanga group ah support panna koodadhu daily podi,Tanglish,1,group,0,0,0,1,0,0,0,high,group-targeted hateful language,synthetic_tanglish
TCB0420,bro keep going bro macha,Tanglish,0,none,0,0,0,0,0,0,0,none,"normal, neutral, or supportive statement",synthetic_tanglish
TCB0421,dei nee nee careful ah iru public ah da,Tanglish,1,individual,0,1,0,0,0,0,0,high,threatening language,synthetic_tanglish
TCB0422,dei poda comment section la ippo,Tanglish,1,other,1,0,0,0,0,0,1,low,profane or abusive wording,synthetic_tanglish
TCB0423,dei nee enna paaru naan unna paathukuren comment section la da,Tanglish,1,individual,0,1,1,0,0,0,0,medium,threatening language,synthetic_tanglish
TCB0424,seri good job bro bro,Tanglish,0,none,0,0,0,0,0,0,0,none,"normal, neutral, or supportive statement",synthetic_tanglish
TCB0425,honestly project nalla develop aaguthu 👍,Tanglish,0,none,0,0,0,0,0,0,0,none,"normal, neutral, or supportive statement",synthetic_tanglish
TCB0426,macha enna paaru naan unna paathukuren podi,Tanglish,1,individual,0,1,0,0,0,0,0,medium,threatening language,synthetic_tanglish
TCB0427,da team work nalla pannenga macha,Tanglish,0,none,0,0,0,0,0,0,0,none,"normal, neutral, or supportive statement",synthetic_tanglish
TCB0428,nice ah nice explanation la,Tanglish,0,none,0,0,0,0,0,0,0,none,"normal, neutral, or supportive statement",synthetic_tanglish
TCB0429,macha happy for your progress honestly,Tanglish,0,none,0,0,0,0,0,0,0,none,"normal, neutral, or supportive statement",synthetic_tanglish
TCB0430,yes indha idea useful ah irukku bro,Tanglish,0,none,0,0,0,0,0,0,0,none,"normal, neutral, or supportive statement",synthetic_tanglish
TCB0431,honestly food saptiya,Tanglish,0,none,0,0,0,0,0,0,0,none,"normal, neutral, or supportive statement",synthetic_tanglish
TCB0432,bro unakku edhuvume theriyadhu daily la,Tanglish,1,individual,1,0,0,0,0,0,1,medium,direct personal insult,synthetic_tanglish
TCB0433,true bro keep going bro nu,Tanglish,0,none,0,0,0,0,0,0,0,none,"normal, neutral, or supportive statement",synthetic_tanglish
TCB0434,nee un photo paathu sexual comments podradhu wrong daily ippo,Tanglish,1,individual,0,0,0,0,1,0,0,high,unwanted sexualized or appearance-based harassment,synthetic_tanglish
TCB0435,seri inniku session epdi pochu,Tanglish,0,none,0,0,0,0,0,0,0,none,"normal, neutral, or supportive statement",synthetic_tanglish
TCB0436,true bro presentation clear ah irundhuchu da,Tanglish,0,none,0,0,0,0,0,0,0,none,"normal, neutral, or supportive statement",synthetic_tanglish
TCB0437,ivan private content force panna vendam message la nu,Tanglish,1,individual,0,0,0,0,0,1,0,medium,unwanted sexual pressure or abusive sexual request,synthetic_tanglish
TCB0438,macha avanga group ah support panna koodadhu daily,Tanglish,1,group,0,0,0,1,0,0,0,high,group-targeted hateful language,synthetic_tanglish
TCB0439,ava podi loosu macha,Tanglish,1,individual,1,0,0,0,0,0,1,medium,profane or abusive wording,synthetic_tanglish
TCB0440,dei nee nee oru muttaal comment section la poda,Tanglish,1,individual,1,0,0,0,0,0,0,medium,direct personal insult,synthetic_tanglish
TCB0441,ava unna adikka varuven public ah ippo,Tanglish,1,other,0,0,1,0,0,0,0,high,reference to physical harm,synthetic_tanglish
TCB0442,macha presentation clear ah irundhuchu macha,Tanglish,0,none,0,0,0,0,0,0,0,none,"normal, neutral, or supportive statement",synthetic_tanglish
TCB0443,macha naalaikku continue pannalam la,Tanglish,0,none,0,0,0,0,0,0,0,none,"normal, neutral, or supportive statement",synthetic_tanglish
TCB0444,ava podi loosu comment section la,Tanglish,1,individual,0,0,0,0,0,0,1,medium,profane or abusive wording,synthetic_tanglish
TCB0445,seri correct ah sonna inniku,Tanglish,0,none,0,0,0,0,0,0,0,none,"normal, neutral, or supportive statement",synthetic_tanglish
TCB0446,true bro class nalla irundhucha la,Tanglish,0,none,0,0,0,0,0,0,0,none,"normal, neutral, or supportive statement",synthetic_tanglish
TCB0447,bro avanga group ah support panna koodadhu chat la la,Tanglish,1,group,0,0,0,1,0,0,0,medium,group-targeted hateful language,synthetic_tanglish
TCB0448,honestly presentation clear ah irundhuchu macha,Tanglish,0,none,0,0,0,0,0,0,0,none,"normal, neutral, or supportive statement",synthetic_tanglish
TCB0449,bro sandaila unna adikka thonudhu intha post la bro,Tanglish,1,other,0,1,1,0,0,0,0,high,reference to physical harm,synthetic_tanglish
TCB0450,bro thanks for helping me inniku,Tanglish,0,none,0,0,0,0,0,0,0,none,"normal, neutral, or supportive statement",synthetic_tanglish
TCB0451,true bro super ah panniruka honestly,Tanglish,0,none,0,0,0,0,0,0,0,none,"normal, neutral, or supportive statement",synthetic_tanglish
TCB0452,honestly seri paakalam today,Tanglish,0,none,0,0,0,0,0,0,0,none,"normal, neutral, or supportive statement",synthetic_tanglish
TCB0453,ava andha community people romba kevalam inga podi,Tanglish,1,group,0,0,0,1,0,0,0,medium,group-targeted hateful language,synthetic_tanglish
TCB0454,ava un photo paathu sexual comments podradhu wrong comment section la ah,Tanglish,1,other,0,0,0,0,1,0,0,high,unwanted sexualized or appearance-based harassment,synthetic_tanglish
TCB0455,seriously podi dei message la ippo,Tanglish,1,individual,0,0,0,0,0,0,1,medium,profane or abusive wording,synthetic_tanglish
TCB0456,macha naan unakku support panren 👍,Tanglish,0,none,0,0,0,0,0,0,0,none,"normal, neutral, or supportive statement",synthetic_tanglish
TCB0457,dei poda waste public ah,Tanglish,1,other,1,0,0,0,0,0,1,low,profane or abusive wording,synthetic_tanglish
TCB0458,macha seri paakalam macha,Tanglish,0,none,0,0,0,0,0,0,0,none,"normal, neutral, or supportive statement",synthetic_tanglish
TCB0459,dei un body ah comment panni disturb pannadha daily podi,Tanglish,1,individual,0,0,0,0,1,0,0,high,unwanted sexualized or appearance-based harassment,synthetic_tanglish
TCB0460,seri assignment submit pannitiya today,Tanglish,0,none,0,0,0,0,0,0,0,none,"normal, neutral, or supportive statement",synthetic_tanglish
TCB0461,dei nee andha people ellam problem social media la bro,Tanglish,1,group,0,0,0,1,0,0,0,medium,group-targeted hateful language,synthetic_tanglish
TCB0462,seriously andha community people romba kevalam intha post la bro,Tanglish,1,group,0,0,0,1,0,0,0,high,group-targeted hateful language,synthetic_tanglish
TCB0463,dei nee private content force panna vendam online la ippo,Tanglish,1,individual,0,0,0,0,0,1,0,high,unwanted sexual pressure or abusive sexual request,synthetic_tanglish
TCB0464,nice ah thanks for helping me macha,Tanglish,0,none,0,0,0,0,0,0,0,none,"normal, neutral, or supportive statement",synthetic_tanglish
TCB0465,honestly code check pannitu sollu la,Tanglish,0,none,0,0,0,0,0,0,0,none,"normal, neutral, or supportive statement",synthetic_tanglish
TCB0466,bro nee careful ah iru comment section la,Tanglish,1,individual,0,1,0,0,0,0,0,high,threatening language,synthetic_tanglish
TCB0467,dei nee poda mental message la la,Tanglish,1,other,0,0,0,0,0,0,1,low,profane or abusive wording,synthetic_tanglish
TCB0468,ava consent illama private photo kekkadha message la la,Tanglish,1,individual,0,0,0,0,1,1,0,medium,unwanted sexual pressure or abusive sexual request,synthetic_tanglish
TCB0469,nee poda loosu comment section la la,Tanglish,1,other,1,0,0,0,0,0,1,low,profane or abusive wording,synthetic_tanglish
TCB0470,yes presentation clear ah irundhuchu nu,Tanglish,0,none,0,0,0,0,0,0,0,none,"normal, neutral, or supportive statement",synthetic_tanglish
TCB0471,dei nee oru joker comment section la poda,Tanglish,1,individual,1,0,0,0,0,0,1,medium,direct personal insult,synthetic_tanglish
TCB0472,da keep going bro inniku,Tanglish,0,none,0,0,0,0,0,0,0,none,"normal, neutral, or supportive statement",synthetic_tanglish
TCB0473,ivan private content force panna vendam online la ah,Tanglish,1,individual,0,0,0,0,1,1,0,high,unwanted sexual pressure or abusive sexual request,synthetic_tanglish
TCB0474,ivan consent illama sexual request pannadha comment section la poda,Tanglish,1,other,0,0,0,0,1,1,0,medium,unwanted sexual pressure or abusive sexual request,synthetic_tanglish
TCB0475,macha un performance romba kevalam comment section la ah,Tanglish,1,other,1,0,0,0,0,0,0,medium,direct personal insult,synthetic_tanglish
TCB0476,dei nee andha group people ellam mosam social media la,Tanglish,1,group,0,0,0,1,0,0,0,medium,group-targeted hateful language,synthetic_tanglish
TCB0477,nee consent illama private photo kekkadha inga da,Tanglish,1,individual,0,0,0,0,0,1,0,medium,unwanted sexual pressure or abusive sexual request,synthetic_tanglish
TCB0478,da code check pannitu sollu macha,Tanglish,0,none,0,0,0,0,0,0,0,none,"normal, neutral, or supportive statement",synthetic_tanglish
TCB0479,listen un body ah comment panni disturb pannadha public ah poda,Tanglish,1,other,0,0,0,0,1,0,0,medium,unwanted sexualized or appearance-based harassment,synthetic_tanglish
TCB0480,poda da social media la da,Tanglish,1,individual,1,0,0,0,0,0,1,low,profane or abusive wording,synthetic_tanglish
TCB0481,macha keep going bro 👍,Tanglish,0,none,0,0,0,0,0,0,0,none,"normal, neutral, or supportive statement",synthetic_tanglish
TCB0482,dei nee un body pathi public ah pesa vendam intha post la,Tanglish,1,individual,0,0,0,0,1,0,0,medium,unwanted sexualized or appearance-based harassment,synthetic_tanglish
TCB0483,seriously unakku common sense illa message la poda,Tanglish,1,individual,1,0,0,0,0,0,1,low,direct personal insult,synthetic_tanglish
TCB0484,ivan avanga group ah support panna koodadhu intha post la podi,Tanglish,1,group,0,0,0,1,0,0,0,medium,group-targeted hateful language,synthetic_tanglish
TCB0485,macha code check pannitu sollu macha,Tanglish,0,none,0,0,0,0,0,0,0,none,"normal, neutral, or supportive statement",synthetic_tanglish
TCB0486,ava un body ah comment panni disturb pannadha chat la da,Tanglish,1,individual,0,0,0,0,1,0,0,medium,unwanted sexualized or appearance-based harassment,synthetic_tanglish
TCB0487,bro team work nalla pannenga la,Tanglish,0,none,0,0,0,0,0,0,0,none,"normal, neutral, or supportive statement",synthetic_tanglish
TCB0488,seriously nee inga vandha unakku problem online la podi,Tanglish,1,individual,0,1,0,0,0,0,0,high,threatening language,synthetic_tanglish
TCB0489,nice explanation nu,Tanglish,0,none,0,0,0,0,0,0,0,none,"normal, neutral, or supportive statement",synthetic_tanglish
TCB0490,bro keep going bro 👍,Tanglish,0,none,0,0,0,0,0,0,0,none,"normal, neutral, or supportive statement",synthetic_tanglish
TCB0491,bro podi poi ukkaru message la ippo,Tanglish,1,individual,0,0,0,0,0,0,1,low,profane or abusive wording,synthetic_tanglish
TCB0492,dei unnoda actions ku answer kudukkanum social media la,Tanglish,1,other,0,1,1,0,0,0,0,medium,threatening language,synthetic_tanglish
TCB0493,ava un photo ku sexual comment podradhu wrong daily la,Tanglish,1,individual,0,0,0,0,1,0,0,medium,unwanted sexualized or appearance-based harassment,synthetic_tanglish
TCB0494,dei andha group people ellam mosam inga poda,Tanglish,1,group,0,0,0,1,0,0,0,medium,group-targeted hateful language,synthetic_tanglish
TCB0495,bro assignment submit pannitiya honestly,Tanglish,0,none,0,0,0,0,0,0,0,none,"normal, neutral, or supportive statement",synthetic_tanglish
TCB0496,actually correct ah sonna da,Tanglish,0,none,0,0,0,0,0,0,0,none,"normal, neutral, or supportive statement",synthetic_tanglish
TCB0497,actually thanks for helping me today,Tanglish,0,none,0,0,0,0,0,0,0,none,"normal, neutral, or supportive statement",synthetic_tanglish
TCB0498,da naan unakku support panren,Tanglish,0,none,0,0,0,0,0,0,0,none,"normal, neutral, or supportive statement",synthetic_tanglish
TCB0499,seri movie epdi irundhuchu,Tanglish,0,none,0,0,0,0,0,0,0,none,"normal, neutral, or supportive statement",synthetic_tanglish
TCB0500,dei un body ah comment panni disturb pannadha public ah poda,Tanglish,1,other,0,0,0,0,1,0,0,medium,unwanted sexualized or appearance-based harassment,synthetic_tanglish
TCB0501,seriously unakku physical harm panniduven intha post la nu,Tanglish,1,individual,0,0,1,0,0,0,0,high,reference to physical harm,synthetic_tanglish
TCB0502,naalaikku continue pannalam da,Tanglish,0,none,0,0,0,0,0,0,0,none,"normal, neutral, or supportive statement",synthetic_tanglish
TCB0503,seri code check pannitu sollu honestly,Tanglish,0,none,0,0,0,0,0,0,0,none,"normal, neutral, or supportive statement",synthetic_tanglish
TCB0504,nice ah assignment submit pannitiya da,Tanglish,0,none,0,0,0,0,0,0,0,none,"normal, neutral, or supportive statement",synthetic_tanglish
TCB0505,nee online la unwanted sexual attention kudukkadha intha post la nu,Tanglish,1,individual,0,0,0,0,1,0,0,medium,unwanted sexualized or appearance-based harassment,synthetic_tanglish
TCB0506,nice ah naan unakku support panren nu,Tanglish,0,none,0,0,0,0,0,0,0,none,"normal, neutral, or supportive statement",synthetic_tanglish
TCB0507,bro private content force panna vendam inga nu,Tanglish,1,individual,0,0,0,0,0,1,0,high,unwanted sexual pressure or abusive sexual request,synthetic_tanglish
TCB0508,nee unna vida maaten nu nenachuko chat la ah,Tanglish,1,individual,0,1,0,0,0,0,0,high,threatening language,synthetic_tanglish
TCB0509,nee avanai poi adichidu public ah da,Tanglish,1,individual,0,0,1,0,0,0,0,high,reference to physical harm,synthetic_tanglish
TCB0510,da good job bro inniku,Tanglish,0,none,0,0,0,0,0,0,0,none,"normal, neutral, or supportive statement",synthetic_tanglish
TCB0511,bro un body pathi public ah pesa vendam online la da,Tanglish,1,other,0,0,0,0,1,0,0,high,unwanted sexualized or appearance-based harassment,synthetic_tanglish
TCB0512,dei nee avanai poi adichidu public ah ah,Tanglish,1,individual,0,1,1,0,0,0,0,medium,reference to physical harm,synthetic_tanglish
TCB0513,listen unna physical ah attack panniduven message la da,Tanglish,1,other,0,0,1,0,0,0,0,high,reference to physical harm,synthetic_tanglish
TCB0514,macha andha group ellam useless intha post la podi,Tanglish,1,group,0,0,0,1,0,0,0,high,group-targeted hateful language,synthetic_tanglish
TCB0515,personal appearance ah target panni tease pannadha inga nu,Tanglish,1,individual,0,0,0,0,1,0,0,high,unwanted sexualized or appearance-based harassment,synthetic_tanglish
TCB0516,bro nee careful ah iru public ah,Tanglish,1,individual,0,1,1,0,0,0,0,medium,threatening language,synthetic_tanglish
TCB0517,macha poda loosu public ah ippo,Tanglish,1,other,0,0,0,0,0,0,1,medium,profane or abusive wording,synthetic_tanglish
TCB0518,un photo paathu sexual comments podradhu wrong comment section la nu,Tanglish,1,other,0,0,0,0,1,0,0,high,unwanted sexualized or appearance-based harassment,synthetic_tanglish
TCB0519,macha super ah panniruka inniku,Tanglish,0,none,0,0,0,0,0,0,0,none,"normal, neutral, or supportive statement",synthetic_tanglish
TCB0520,true bro indha idea useful ah irukku nu,Tanglish,0,none,0,0,0,0,0,0,0,none,"normal, neutral, or supportive statement",synthetic_tanglish
TCB0521,yes nee daily improve aagite irukka honestly,Tanglish,0,none,0,0,0,0,0,0,0,none,"normal, neutral, or supportive statement",synthetic_tanglish
TCB0522,ava innoru thadava ippadi pesina serious ah irukkum online la poda,Tanglish,1,individual,0,1,0,0,0,0,0,high,threatening language,synthetic_tanglish
TCB0523,ivan unna beat panniduven public ah bro,Tanglish,1,individual,0,1,1,0,0,0,0,high,reference to physical harm,synthetic_tanglish
TCB0524,dei sexual content anuppi disturb panna koodadhu intha post la podi,Tanglish,1,individual,0,0,0,0,0,1,0,high,unwanted sexual pressure or abusive sexual request,synthetic_tanglish
TCB0525,project nalla develop aaguthu la,Tanglish,0,none,0,0,0,0,0,0,0,none,"normal, neutral, or supportive statement",synthetic_tanglish
TCB0526,macha super ah panniruka today,Tanglish,0,none,0,0,0,0,0,0,0,none,"normal, neutral, or supportive statement",synthetic_tanglish
TCB0527,bro inniku session epdi pochu,Tanglish,0,none,0,0,0,0,0,0,0,none,"normal, neutral, or supportive statement",synthetic_tanglish
TCB0528,dei nee unna hurt panniduven inga podi,Tanglish,1,individual,0,0,1,0,0,0,0,high,reference to physical harm,synthetic_tanglish
TCB0529,honestly good job bro,Tanglish,0,none,0,0,0,0,0,0,0,none,"normal, neutral, or supportive statement",synthetic_tanglish
TCB0530,macha food saptiya macha,Tanglish,0,none,0,0,0,0,0,0,0,none,"normal, neutral, or supportive statement",synthetic_tanglish
TCB0531,nee unakku physical harm panniduven comment section la ah,Tanglish,1,individual,0,1,1,0,0,0,0,high,reference to physical harm,synthetic_tanglish
TCB0532,bro indha idea useful ah irukku,Tanglish,0,none,0,0,0,0,0,0,0,none,"normal, neutral, or supportive statement",synthetic_tanglish
TCB0533,dei sandaila unna adikka thonudhu message la podi,Tanglish,1,individual,0,0,1,0,0,0,0,medium,reference to physical harm,synthetic_tanglish
TCB0534,ava unna adikka varuven la,Tanglish,1,other,0,0,1,0,0,0,0,high,reference to physical harm,synthetic_tanglish
TCB0535,true bro correct ah sonna honestly,Tanglish,0,none,0,0,0,0,0,0,0,none,"normal, neutral, or supportive statement",synthetic_tanglish
TCB0536,actually super ah panniruka today,Tanglish,0,none,0,0,0,0,0,0,0,none,"normal, neutral, or supportive statement",synthetic_tanglish
TCB0537,honestly class nalla irundhucha da,Tanglish,0,none,0,0,0,0,0,0,0,none,"normal, neutral, or supportive statement",synthetic_tanglish
TCB0538,listen unna adichiduven public ah podi,Tanglish,1,individual,0,0,1,0,0,0,0,high,reference to physical harm,synthetic_tanglish
TCB0539,da database update panniten nu,Tanglish,0,none,0,0,0,0,0,0,0,none,"normal, neutral, or supportive statement",synthetic_tanglish
TCB0540,yes inniku session epdi pochu honestly,Tanglish,0,none,0,0,0,0,0,0,0,none,"normal, neutral, or supportive statement",synthetic_tanglish
TCB0541,dei personal appearance ah target panni tease pannadha daily la,Tanglish,1,individual,0,0,0,0,1,0,0,medium,unwanted sexualized or appearance-based harassment,synthetic_tanglish
TCB0542,actually nice explanation 👍,Tanglish,0,none,0,0,0,0,0,0,0,none,"normal, neutral, or supportive statement",synthetic_tanglish
TCB0543,seri solution useful ah irukku nu,Tanglish,0,none,0,0,0,0,0,0,0,none,"normal, neutral, or supportive statement",synthetic_tanglish
TCB0544,yes assignment submit pannitiya nu,Tanglish,0,none,0,0,0,0,0,0,0,none,"normal, neutral, or supportive statement",synthetic_tanglish
TCB0545,actually indha idea useful ah irukku bro,Tanglish,0,none,0,0,0,0,0,0,0,none,"normal, neutral, or supportive statement",synthetic_tanglish
TCB0546,innoru thadava ippadi pesina serious ah irukkum inga nu,Tanglish,1,individual,0,1,1,0,0,0,0,medium,threatening language,synthetic_tanglish
TCB0547,seriously unwanted sexual message anuppadha comment section la macha,Tanglish,1,individual,0,0,0,0,0,1,0,medium,unwanted sexual pressure or abusive sexual request,synthetic_tanglish
TCB0548,dei nee pesuradhellam mokka public ah ah,Tanglish,1,individual,1,0,0,0,0,0,1,medium,direct personal insult,synthetic_tanglish
TCB0549,da presentation clear ah irundhuchu la,Tanglish,0,none,0,0,0,0,0,0,0,none,"normal, neutral, or supportive statement",synthetic_tanglish
TCB0550,da un effort romba nalla irukku,Tanglish,0,none,0,0,0,0,0,0,0,none,"normal, neutral, or supportive statement",synthetic_tanglish
TCB0551,seri naan unakku support panren macha,Tanglish,0,none,0,0,0,0,0,0,0,none,"normal, neutral, or supportive statement",synthetic_tanglish
TCB0552,ivan nee oru waste fellow message la nu,Tanglish,1,other,1,0,0,0,0,0,1,low,direct personal insult,synthetic_tanglish
TCB0553,nee podi loosu comment section la da,Tanglish,1,individual,0,0,0,0,0,0,1,low,profane or abusive wording,synthetic_tanglish
TCB0554,ivan andha community people romba kevalam intha post la,Tanglish,1,group,0,0,0,1,0,0,0,medium,group-targeted hateful language,synthetic_tanglish
TCB0555,seriously unakku physical harm panniduven daily poda,Tanglish,1,individual,0,0,1,0,0,0,0,medium,reference to physical harm,synthetic_tanglish
TCB0556,seri movie epdi irundhuchu today,Tanglish,0,none,0,0,0,0,0,0,0,none,"normal, neutral, or supportive statement",synthetic_tanglish
TCB0557,actually class nalla irundhucha,Tanglish,0,none,0,0,0,0,0,0,0,none,"normal, neutral, or supportive statement",synthetic_tanglish
TCB0558,true bro naan unakku support panren honestly,Tanglish,0,none,0,0,0,0,0,0,0,none,"normal, neutral, or supportive statement",synthetic_tanglish
TCB0559,bro poda poi velaiya paaru daily nu,Tanglish,1,individual,0,0,0,0,0,0,1,medium,profane or abusive wording,synthetic_tanglish
TCB0560,nee innoru thadava ippadi pesina serious ah irukkum inga nu,Tanglish,1,individual,0,1,0,0,0,0,0,high,threatening language,synthetic_tanglish
TCB0561,dei nee enna pannalum naan respond panren chat la ah,Tanglish,1,other,0,1,1,0,0,0,0,high,threatening language,synthetic_tanglish
TCB0562,bro andha people ellam problem intha post la ah,Tanglish,1,group,0,0,0,1,0,0,0,medium,group-targeted hateful language,synthetic_tanglish
TCB0563,dei nee podi poi ukkaru chat la bro,Tanglish,1,individual,0,0,0,0,0,0,1,low,profane or abusive wording,synthetic_tanglish
TCB0564,honestly good job bro la,Tanglish,0,none,0,0,0,0,0,0,0,none,"normal, neutral, or supportive statement",synthetic_tanglish
TCB0565,nice ah movie epdi irundhuchu inniku,Tanglish,0,none,0,0,0,0,0,0,0,none,"normal, neutral, or supportive statement",synthetic_tanglish
TCB0566,code check pannitu sollu honestly,Tanglish,0,none,0,0,0,0,0,0,0,none,"normal, neutral, or supportive statement",synthetic_tanglish
TCB0567,nee un photo ku sexual comment podradhu wrong intha post la ah,Tanglish,1,other,0,0,0,0,1,0,0,high,unwanted sexualized or appearance-based harassment,synthetic_tanglish
TCB0568,dei fight panna vandha paathukalam comment section la macha,Tanglish,1,individual,0,1,1,0,0,0,0,medium,reference to physical harm,synthetic_tanglish
TCB0569,macha private photo share panna force pannadha comment section la la,Tanglish,1,individual,0,0,0,0,0,1,0,medium,unwanted sexual pressure or abusive sexual request,synthetic_tanglish
TCB0570,macha code check pannitu sollu honestly,Tanglish,0,none,0,0,0,0,0,0,0,none,"normal, neutral, or supportive statement",synthetic_tanglish
TCB0571,dei consent illama sexual request pannadha bro,Tanglish,1,individual,0,0,0,0,0,1,0,high,unwanted sexual pressure or abusive sexual request,synthetic_tanglish
TCB0572,true bro database update panniten 👍,Tanglish,0,none,0,0,0,0,0,0,0,none,"normal, neutral, or supportive statement",synthetic_tanglish
TCB0573,ava un photo ku sexual comment podradhu wrong public ah,Tanglish,1,individual,0,0,0,0,1,0,0,medium,unwanted sexualized or appearance-based harassment,synthetic_tanglish
TCB0574,dei nee private content force panna vendam chat la,Tanglish,1,individual,0,0,0,0,0,1,0,medium,unwanted sexual pressure or abusive sexual request,synthetic_tanglish
TCB0575,ivan avanga ellarum same madhiri la,Tanglish,1,group,0,0,0,1,0,0,0,medium,group-targeted hateful language,synthetic_tanglish
TCB0576,team work nalla pannenga da,Tanglish,0,none,0,0,0,0,0,0,0,none,"normal, neutral, or supportive statement",synthetic_tanglish
TCB0577,online la unwanted sexual attention kudukkadha online la da,Tanglish,1,other,0,0,0,0,1,0,0,high,unwanted sexualized or appearance-based harassment,synthetic_tanglish
TCB0578,true bro movie epdi irundhuchu la,Tanglish,0,none,0,0,0,0,0,0,0,none,"normal, neutral, or supportive statement",synthetic_tanglish
TCB0579,nee un photo paathu sexual comments podradhu wrong message la bro,Tanglish,1,individual,0,0,0,0,1,0,0,high,unwanted sexualized or appearance-based harassment,synthetic_tanglish
TCB0580,presentation clear ah irundhuchu la,Tanglish,0,none,0,0,0,0,0,0,0,none,"normal, neutral, or supportive statement",synthetic_tanglish
TCB0581,actually team work nalla pannenga inniku,Tanglish,0,none,0,0,0,0,0,0,0,none,"normal, neutral, or supportive statement",synthetic_tanglish
TCB0582,bro seri paakalam nu,Tanglish,0,none,0,0,0,0,0,0,0,none,"normal, neutral, or supportive statement",synthetic_tanglish
TCB0583,ava nee stop pannalana problem aagum comment section la nu,Tanglish,1,individual,0,1,0,0,0,0,0,high,threatening language,synthetic_tanglish
TCB0584,yes happy for your progress inniku,Tanglish,0,none,0,0,0,0,0,0,0,none,"normal, neutral, or supportive statement",synthetic_tanglish
TCB0585,bro unakku physical harm panniduven ippo,Tanglish,1,other,0,0,1,0,0,0,0,high,reference to physical harm,synthetic_tanglish
TCB0586,ava enna oru mokka person public ah,Tanglish,1,individual,1,0,0,0,0,0,1,low,direct personal insult,synthetic_tanglish
TCB0587,bro food saptiya inniku,Tanglish,0,none,0,0,0,0,0,0,0,none,"normal, neutral, or supportive statement",synthetic_tanglish
TCB0588,listen andha group ellam useless inga la,Tanglish,1,group,0,0,0,1,0,0,0,high,group-targeted hateful language,synthetic_tanglish
TCB0589,thanks for helping me nu,Tanglish,0,none,0,0,0,0,0,0,0,none,"normal, neutral, or supportive statement",synthetic_tanglish
TCB0590,macha unnoda actions ku answer kudukkanum public ah macha,Tanglish,1,other,0,1,0,0,0,0,0,medium,threatening language,synthetic_tanglish
TCB0591,dei poda dei message la ah,Tanglish,1,individual,0,0,0,0,0,0,1,medium,profane or abusive wording,synthetic_tanglish
TCB0592,ivan nee oru failure message la,Tanglish,1,other,1,0,0,0,0,0,1,low,direct personal insult,synthetic_tanglish
TCB0593,ava un appearance pathi unwanted comment poda vendam comment section la nu,Tanglish,1,other,0,0,0,0,1,0,0,medium,unwanted sexualized or appearance-based harassment,synthetic_tanglish
TCB0594,seri naalaikku continue pannalam 👍,Tanglish,0,none,0,0,0,0,0,0,0,none,"normal, neutral, or supportive statement",synthetic_tanglish
TCB0595,nice ah database update panniten bro,Tanglish,0,none,0,0,0,0,0,0,0,none,"normal, neutral, or supportive statement",synthetic_tanglish
TCB0596,ivan dei summa iru comment section la da,Tanglish,1,individual,0,0,0,0,0,0,1,low,profane or abusive wording,synthetic_tanglish
TCB0597,macha avanai poi adichidu chat la ippo,Tanglish,1,individual,0,1,1,0,0,0,0,high,reference to physical harm,synthetic_tanglish
TCB0598,online la unwanted sexual attention kudukkadha intha post la bro,Tanglish,1,individual,0,0,0,0,1,0,0,medium,unwanted sexualized or appearance-based harassment,synthetic_tanglish
TCB0599,honestly thanks for helping me bro,Tanglish,0,none,0,0,0,0,0,0,0,none,"normal, neutral, or supportive statement",synthetic_tanglish
TCB0600,macha consent illama private photo kekkadha daily podi,Tanglish,1,individual,0,0,0,0,0,1,0,high,unwanted sexual pressure or abusive sexual request,synthetic_tanglish
TCB0601,database update panniten,Tanglish,0,none,0,0,0,0,0,0,0,none,"normal, neutral, or supportive statement",synthetic_tanglish
TCB0602,da presentation clear ah irundhuchu inniku,Tanglish,0,none,0,0,0,0,0,0,0,none,"normal, neutral, or supportive statement",synthetic_tanglish
TCB0603,dei summa iru online la podi,Tanglish,1,other,1,0,0,0,0,0,1,medium,profane or abusive wording,synthetic_tanglish
TCB0604,true bro code check pannitu sollu la,Tanglish,0,none,0,0,0,0,0,0,0,none,"normal, neutral, or supportive statement",synthetic_tanglish
TCB0605,honestly nice explanation 👍,Tanglish,0,none,0,0,0,0,0,0,0,none,"normal, neutral, or supportive statement",synthetic_tanglish
TCB0606,bro unwanted sexual message anuppadha inga ah,Tanglish,1,individual,0,0,0,0,0,1,0,medium,unwanted sexual pressure or abusive sexual request,synthetic_tanglish
TCB0607,nice ah meeting five mani ku irukku 👍,Tanglish,0,none,0,0,0,0,0,0,0,none,"normal, neutral, or supportive statement",synthetic_tanglish
TCB0608,nice ah nee daily improve aagite irukka macha,Tanglish,0,none,0,0,0,0,0,0,0,none,"normal, neutral, or supportive statement",synthetic_tanglish
TCB0609,dei consent illama sexual request pannadha social media la poda,Tanglish,1,individual,0,0,0,0,0,1,0,high,unwanted sexual pressure or abusive sexual request,synthetic_tanglish
TCB0610,listen andha community people romba kevalam intha post la,Tanglish,1,group,0,0,0,1,0,0,0,medium,group-targeted hateful language,synthetic_tanglish
TCB0611,bro naan unakku support panren,Tanglish,0,none,0,0,0,0,0,0,0,none,"normal, neutral, or supportive statement",synthetic_tanglish
TCB0612,da team work nalla pannenga honestly,Tanglish,0,none,0,0,0,0,0,0,0,none,"normal, neutral, or supportive statement",synthetic_tanglish
TCB0613,ava nee oru loosu,Tanglish,1,individual,1,0,0,0,0,0,0,medium,direct personal insult,synthetic_tanglish
TCB0614,macha movie epdi irundhuchu macha,Tanglish,0,none,0,0,0,0,0,0,0,none,"normal, neutral, or supportive statement",synthetic_tanglish
TCB0615,nee avanga ellarum same madhiri comment section la bro,Tanglish,1,group,0,0,0,1,0,0,0,high,group-targeted hateful language,synthetic_tanglish
TCB0616,true bro nice explanation bro,Tanglish,0,none,0,0,0,0,0,0,0,none,"normal, neutral, or supportive statement",synthetic_tanglish
TCB0617,listen dei summa iru public ah,Tanglish,1,individual,1,0,0,0,0,0,1,medium,profane or abusive wording,synthetic_tanglish
TCB0618,actually code check pannitu sollu la,Tanglish,0,none,0,0,0,0,0,0,0,none,"normal, neutral, or supportive statement",synthetic_tanglish
TCB0619,listen unakku sense eh illa online la macha,Tanglish,1,individual,1,0,0,0,0,0,1,low,direct personal insult,synthetic_tanglish
TCB0620,seri project nalla develop aaguthu nu,Tanglish,0,none,0,0,0,0,0,0,0,none,"normal, neutral, or supportive statement",synthetic_tanglish
TCB0621,nee nee careful ah iru inga macha,Tanglish,1,individual,0,1,0,0,0,0,0,medium,threatening language,synthetic_tanglish
TCB0622,da un effort romba nalla irukku macha,Tanglish,0,none,0,0,0,0,0,0,0,none,"normal, neutral, or supportive statement",synthetic_tanglish
TCB0623,yes naalaikku continue pannalam la,Tanglish,0,none,0,0,0,0,0,0,0,none,"normal, neutral, or supportive statement",synthetic_tanglish
TCB0624,nee nee oru useless fellow online la nu,Tanglish,1,individual,1,0,0,0,0,0,1,medium,direct personal insult,synthetic_tanglish
TCB0625,da movie epdi irundhuchu inniku,Tanglish,0,none,0,0,0,0,0,0,0,none,"normal, neutral, or supportive statement",synthetic_tanglish
TCB0626,nee andha group ellam useless daily la,Tanglish,1,group,0,0,0,1,0,0,0,medium,group-targeted hateful language,synthetic_tanglish
TCB0627,nee podi da ah,Tanglish,1,individual,1,0,0,0,0,0,1,medium,profane or abusive wording,synthetic_tanglish
TCB0628,bro ava mela unwanted comments podradhu harassment social media la podi,Tanglish,1,other,0,0,0,0,1,0,0,high,unwanted sexualized or appearance-based harassment,synthetic_tanglish
TCB0629,nee stop pannalana problem aagum daily poda,Tanglish,1,individual,0,1,0,0,0,0,0,high,threatening language,synthetic_tanglish
TCB0630,da indha idea useful ah irukku honestly,Tanglish,0,none,0,0,0,0,0,0,0,none,"normal, neutral, or supportive statement",synthetic_tanglish
TCB0631,ivan avanga group ah support panna koodadhu daily la,Tanglish,1,group,0,0,0,1,0,0,0,high,group-targeted hateful language,synthetic_tanglish
TCB0632,bro unna physical ah attack panniduven da,Tanglish,1,individual,0,0,1,0,0,0,0,high,reference to physical harm,synthetic_tanglish
TCB0633,inniku session epdi pochu today,Tanglish,0,none,0,0,0,0,0,0,0,none,"normal, neutral, or supportive statement",synthetic_tanglish
TCB0634,macha avanga madhiri people inga vendaam intha post la poda,Tanglish,1,group,0,0,0,1,0,0,0,medium,group-targeted hateful language,synthetic_tanglish
TCB0635,avanga madhiri people inga vendaam message la bro,Tanglish,1,group,0,0,0,1,0,0,0,high,group-targeted hateful language,synthetic_tanglish
TCB0636,nee dei mokka online la ah,Tanglish,1,other,0,0,0,0,0,0,1,low,profane or abusive wording,synthetic_tanglish
TCB0637,da keep going bro la,Tanglish,0,none,0,0,0,0,0,0,0,none,"normal, neutral, or supportive statement",synthetic_tanglish
TCB0638,listen enna paaru naan unna paathukuren social media la da,Tanglish,1,individual,0,1,1,0,0,0,0,medium,threatening language,synthetic_tanglish
TCB0639,nice ah un effort romba nalla irukku nu,Tanglish,0,none,0,0,0,0,0,0,0,none,"normal, neutral, or supportive statement",synthetic_tanglish
TCB0640,macha un effort romba nalla irukku 👍,Tanglish,0,none,0,0,0,0,0,0,0,none,"normal, neutral, or supportive statement",synthetic_tanglish
TCB0641,seri un effort romba nalla irukku inniku,Tanglish,0,none,0,0,0,0,0,0,0,none,"normal, neutral, or supportive statement",synthetic_tanglish
TCB0642,true bro correct ah sonna inniku,Tanglish,0,none,0,0,0,0,0,0,0,none,"normal, neutral, or supportive statement",synthetic_tanglish
TCB0643,bro meeting five mani ku irukku,Tanglish,0,none,0,0,0,0,0,0,0,none,"normal, neutral, or supportive statement",synthetic_tanglish
TCB0644,seriously consent illama private photo kekkadha social media la bro,Tanglish,1,other,0,0,0,0,1,1,0,medium,unwanted sexual pressure or abusive sexual request,synthetic_tanglish
TCB0645,dei dei poda inga message la,Tanglish,1,individual,1,0,0,0,0,0,1,low,profane or abusive wording,synthetic_tanglish
TCB0646,yes later discuss pannalam honestly,Tanglish,0,none,0,0,0,0,0,0,0,none,"normal, neutral, or supportive statement",synthetic_tanglish
TCB0647,da naan unakku support panren 👍,Tanglish,0,none,0,0,0,0,0,0,0,none,"normal, neutral, or supportive statement",synthetic_tanglish
TCB0648,listen unnoda actions ku answer kudukkanum social media la ippo,Tanglish,1,individual,0,1,0,0,0,0,0,high,threatening language,synthetic_tanglish
TCB0649,nee nee oru waste fellow chat la poda,Tanglish,1,other,1,0,0,0,0,0,1,medium,direct personal insult,synthetic_tanglish
TCB0650,honestly un effort romba nalla irukku honestly,Tanglish,0,none,0,0,0,0,0,0,0,none,"normal, neutral, or supportive statement",synthetic_tanglish
TCB0651,yes team work nalla pannenga today,Tanglish,0,none,0,0,0,0,0,0,0,none,"normal, neutral, or supportive statement",synthetic_tanglish
TCB0652,nice ah un effort romba nalla irukku inniku,Tanglish,0,none,0,0,0,0,0,0,0,none,"normal, neutral, or supportive statement",synthetic_tanglish
TCB0653,listen private photo share panna force pannadha,Tanglish,1,other,0,0,0,0,0,1,0,high,unwanted sexual pressure or abusive sexual request,synthetic_tanglish
TCB0654,nee careful ah iru public ah bro,Tanglish,1,other,0,1,1,0,0,0,0,medium,threatening language,synthetic_tanglish
TCB0655,yes semma performance da,Tanglish,0,none,0,0,0,0,0,0,0,none,"normal, neutral, or supportive statement",synthetic_tanglish
TCB0656,macha enna oru mokka person chat la nu,Tanglish,1,individual,1,0,0,0,0,0,0,low,direct personal insult,synthetic_tanglish
TCB0657,yes database update panniten bro,Tanglish,0,none,0,0,0,0,0,0,0,none,"normal, neutral, or supportive statement",synthetic_tanglish
TCB0658,actually good job bro la,Tanglish,0,none,0,0,0,0,0,0,0,none,"normal, neutral, or supportive statement",synthetic_tanglish
TCB0659,dei nee sexual content anuppi disturb panna koodadhu public ah podi,Tanglish,1,individual,0,0,0,0,0,1,0,medium,unwanted sexual pressure or abusive sexual request,synthetic_tanglish
TCB0660,da database update panniten 👍,Tanglish,0,none,0,0,0,0,0,0,0,none,"normal, neutral, or supportive statement",synthetic_tanglish
TCB0661,assignment submit pannitiya honestly,Tanglish,0,none,0,0,0,0,0,0,0,none,"normal, neutral, or supportive statement",synthetic_tanglish
TCB0662,macha code check pannitu sollu 👍,Tanglish,0,none,0,0,0,0,0,0,0,none,"normal, neutral, or supportive statement",synthetic_tanglish
TCB0663,ivan poda poi velaiya paaru inga macha,Tanglish,1,other,1,0,0,0,0,0,1,medium,profane or abusive wording,synthetic_tanglish
TCB0664,honestly semma performance today,Tanglish,0,none,0,0,0,0,0,0,0,none,"normal, neutral, or supportive statement",synthetic_tanglish
TCB0665,dei nee nee stop pannalana problem aagum chat la ah,Tanglish,1,other,0,1,0,0,0,0,0,high,threatening language,synthetic_tanglish
TCB0666,macha unna damage panniduven bro,Tanglish,1,other,0,1,1,0,0,0,0,high,reference to physical harm,synthetic_tanglish
TCB0667,bro avanga ellarum same madhiri inga ah,Tanglish,1,group,0,0,0,1,0,0,0,high,group-targeted hateful language,synthetic_tanglish
TCB0668,true bro later discuss pannalam bro,Tanglish,0,none,0,0,0,0,0,0,0,none,"normal, neutral, or supportive statement",synthetic_tanglish
TCB0669,actually team work nalla pannenga today,Tanglish,0,none,0,0,0,0,0,0,0,none,"normal, neutral, or supportive statement",synthetic_tanglish
TCB0670,unakku edhuvume theriyadhu intha post la la,Tanglish,1,other,1,0,0,0,0,0,0,low,direct personal insult,synthetic_tanglish
TCB0671,bro all the best da da,Tanglish,0,none,0,0,0,0,0,0,0,none,"normal, neutral, or supportive statement",synthetic_tanglish
TCB0672,nee sandaila unna adikka thonudhu intha post la,Tanglish,1,other,0,1,1,0,0,0,0,high,reference to physical harm,synthetic_tanglish
TCB0673,seriously un body pathi public ah pesa vendam inga bro,Tanglish,1,other,0,0,0,0,1,0,0,high,unwanted sexualized or appearance-based harassment,synthetic_tanglish
TCB0674,bro naan unakku support panren macha,Tanglish,0,none,0,0,0,0,0,0,0,none,"normal, neutral, or supportive statement",synthetic_tanglish
TCB0675,nee nalla work pannita macha,Tanglish,0,none,0,0,0,0,0,0,0,none,"normal, neutral, or supportive statement",synthetic_tanglish
TCB0676,food saptiya today,Tanglish,0,none,0,0,0,0,0,0,0,none,"normal, neutral, or supportive statement",synthetic_tanglish
TCB0677,nice explanation today,Tanglish,0,none,0,0,0,0,0,0,0,none,"normal, neutral, or supportive statement",synthetic_tanglish
TCB0678,true bro happy for your progress la,Tanglish,0,none,0,0,0,0,0,0,0,none,"normal, neutral, or supportive statement",synthetic_tanglish
TCB0679,bro podi poi ukkaru daily da,Tanglish,1,individual,0,0,0,0,0,0,1,medium,profane or abusive wording,synthetic_tanglish
TCB0680,ava consent illama private photo kekkadha intha post la,Tanglish,1,other,0,0,0,0,0,1,0,high,unwanted sexual pressure or abusive sexual request,synthetic_tanglish
TCB0681,bro movie epdi irundhuchu bro,Tanglish,0,none,0,0,0,0,0,0,0,none,"normal, neutral, or supportive statement",synthetic_tanglish
TCB0682,listen unwanted sexual message anuppadha intha post la macha,Tanglish,1,individual,0,0,0,0,1,1,0,medium,unwanted sexual pressure or abusive sexual request,synthetic_tanglish
TCB0683,honestly naalaikku continue pannalam today,Tanglish,0,none,0,0,0,0,0,0,0,none,"normal, neutral, or supportive statement",synthetic_tanglish
TCB0684,seriously innoru thadava ippadi pesina serious ah irukkum inga podi,Tanglish,1,individual,0,1,1,0,0,0,0,medium,threatening language,synthetic_tanglish
TCB0685,ava poda loosu chat la bro,Tanglish,1,other,0,0,0,0,0,0,1,medium,profane or abusive wording,synthetic_tanglish
TCB0686,dei poda waste social media la ah,Tanglish,1,individual,0,0,0,0,0,0,1,low,profane or abusive wording,synthetic_tanglish
TCB0687,all the best da la,Tanglish,0,none,0,0,0,0,0,0,0,none,"normal, neutral, or supportive statement",synthetic_tanglish
TCB0688,ivan un brain enga pochu public ah macha,Tanglish,1,individual,1,0,0,0,0,0,1,medium,direct personal insult,synthetic_tanglish
TCB0689,bro poda poi velaiya paaru online la macha,Tanglish,1,individual,0,0,0,0,0,0,1,medium,profane or abusive wording,synthetic_tanglish
TCB0690,macha food saptiya 👍,Tanglish,0,none,0,0,0,0,0,0,0,none,"normal, neutral, or supportive statement",synthetic_tanglish
TCB0691,seriously nee oru joker public ah macha,Tanglish,1,individual,1,0,0,0,0,0,0,low,direct personal insult,synthetic_tanglish
TCB0692,dei andha community people romba kevalam message la ah,Tanglish,1,group,0,0,0,1,0,0,0,high,group-targeted hateful language,synthetic_tanglish
TCB0693,yes nee daily improve aagite irukka inniku,Tanglish,0,none,0,0,0,0,0,0,0,none,"normal, neutral, or supportive statement",synthetic_tanglish
TCB0694,nee poda dei public ah macha,Tanglish,1,individual,1,0,0,0,0,0,1,low,profane or abusive wording,synthetic_tanglish
TCB0695,ava unakku common sense illa social media la ah,Tanglish,1,individual,1,0,0,0,0,0,0,medium,direct personal insult,synthetic_tanglish
TCB0696,seriously innoru thadava ippadi pesina serious ah irukkum inga,Tanglish,1,individual,0,1,1,0,0,0,0,medium,threatening language,synthetic_tanglish
TCB0697,dei nee unna physical ah attack panniduven chat la ah,Tanglish,1,individual,0,0,1,0,0,0,0,high,reference to physical harm,synthetic_tanglish
TCB0698,true bro food saptiya 👍,Tanglish,0,none,0,0,0,0,0,0,0,none,"normal, neutral, or supportive statement",synthetic_tanglish
TCB0699,true bro semma performance inniku,Tanglish,0,none,0,0,0,0,0,0,0,none,"normal, neutral, or supportive statement",synthetic_tanglish
TCB0700,dei nee nee oru failure chat la nu,Tanglish,1,other,1,0,0,0,0,0,0,medium,direct personal insult,synthetic_tanglish
TCB0701,ivan nee onnum purinjikala intha post la macha,Tanglish,1,individual,1,0,0,0,0,0,0,low,direct personal insult,synthetic_tanglish
TCB0702,dei andha group people ellam mosam public ah nu,Tanglish,1,group,0,0,0,1,0,0,0,high,group-targeted hateful language,synthetic_tanglish
TCB0703,honestly un effort romba nalla irukku bro,Tanglish,0,none,0,0,0,0,0,0,0,none,"normal, neutral, or supportive statement",synthetic_tanglish
TCB0704,listen avanai poi adichidu comment section la la,Tanglish,1,individual,0,0,1,0,0,0,0,high,reference to physical harm,synthetic_tanglish
TCB0705,yes rest eduthuko 👍,Tanglish,0,none,0,0,0,0,0,0,0,none,"normal, neutral, or supportive statement",synthetic_tanglish
TCB0706,ivan unakku edhuvume theriyadhu chat la nu,Tanglish,1,individual,1,0,0,0,0,0,1,low,direct personal insult,synthetic_tanglish
TCB0707,ivan nee stop pannalana problem aagum online la ippo,Tanglish,1,other,0,1,0,0,0,0,0,high,threatening language,synthetic_tanglish
TCB0708,dei nee naan unna confront panren comment section la da,Tanglish,1,individual,0,1,0,0,0,0,0,medium,threatening language,synthetic_tanglish
TCB0709,ava online la unwanted sexual attention kudukkadha comment section la ah,Tanglish,1,individual,0,0,0,0,1,0,0,high,unwanted sexualized or appearance-based harassment,synthetic_tanglish
TCB0710,dei andha group ellam useless inga podi,Tanglish,1,group,0,0,0,1,0,0,0,high,group-targeted hateful language,synthetic_tanglish
TCB0711,honestly seri paakalam,Tanglish,0,none,0,0,0,0,0,0,0,none,"normal, neutral, or supportive statement",synthetic_tanglish
TCB0712,dei andha people ellam problem inga bro,Tanglish,1,group,0,0,0,1,0,0,0,high,group-targeted hateful language,synthetic_tanglish
TCB0713,nice ah later discuss pannalam inniku,Tanglish,0,none,0,0,0,0,0,0,0,none,"normal, neutral, or supportive statement",synthetic_tanglish
TCB0714,macha solution useful ah irukku da,Tanglish,0,none,0,0,0,0,0,0,0,none,"normal, neutral, or supportive statement",synthetic_tanglish
TCB0715,yes solution useful ah irukku la,Tanglish,0,none,0,0,0,0,0,0,0,none,"normal, neutral, or supportive statement",synthetic_tanglish
TCB0716,da good job bro la,Tanglish,0,none,0,0,0,0,0,0,0,none,"normal, neutral, or supportive statement",synthetic_tanglish
TCB0717,seri assignment submit pannitiya bro,Tanglish,0,none,0,0,0,0,0,0,0,none,"normal, neutral, or supportive statement",synthetic_tanglish
TCB0718,true bro correct ah sonna today,Tanglish,0,none,0,0,0,0,0,0,0,none,"normal, neutral, or supportive statement",synthetic_tanglish
TCB0719,naan unakku support panren bro,Tanglish,0,none,0,0,0,0,0,0,0,none,"normal, neutral, or supportive statement",synthetic_tanglish
TCB0720,actually keep going bro nu,Tanglish,0,none,0,0,0,0,0,0,0,none,"normal, neutral, or supportive statement",synthetic_tanglish
TCB0721,listen un body pathi public ah pesa vendam inga poda,Tanglish,1,individual,0,0,0,0,1,0,0,high,unwanted sexualized or appearance-based harassment,synthetic_tanglish
TCB0722,ava sexual pressure kudukka koodadhu public ah la,Tanglish,1,individual,0,0,0,0,0,1,0,medium,unwanted sexual pressure or abusive sexual request,synthetic_tanglish
TCB0723,nee un photo ku sexual comment podradhu wrong message la ippo,Tanglish,1,individual,0,0,0,0,1,0,0,medium,unwanted sexualized or appearance-based harassment,synthetic_tanglish
TCB0724,seriously podi poi ukkaru social media la macha,Tanglish,1,individual,1,0,0,0,0,0,1,low,profane or abusive wording,synthetic_tanglish
TCB0725,ivan sexual pressure kudukka koodadhu daily ah,Tanglish,1,other,0,0,0,0,0,1,0,high,unwanted sexual pressure or abusive sexual request,synthetic_tanglish
TCB0726,nee unna hurt panniduven comment section la ippo,Tanglish,1,other,0,0,1,0,0,0,0,high,reference to physical harm,synthetic_tanglish
TCB0727,da all the best da,Tanglish,0,none,0,0,0,0,0,0,0,none,"normal, neutral, or supportive statement",synthetic_tanglish
TCB0728,andha community ah nambave mudiyadhu chat la,Tanglish,1,group,0,0,0,1,0,0,0,high,group-targeted hateful language,synthetic_tanglish
TCB0729,dei un appearance pathi unwanted comment poda vendam social media la ah,Tanglish,1,individual,0,0,0,0,1,0,0,medium,unwanted sexualized or appearance-based harassment,synthetic_tanglish
TCB0730,macha sandaila unna adikka thonudhu podi,Tanglish,1,other,0,1,1,0,0,0,0,high,reference to physical harm,synthetic_tanglish
TCB0731,macha avanga madhiri people inga vendaam comment section la bro,Tanglish,1,group,0,0,0,1,0,0,0,medium,group-targeted hateful language,synthetic_tanglish
TCB0732,nee un photo paathu sexual comments podradhu wrong public ah da,Tanglish,1,individual,0,0,0,0,1,0,0,high,unwanted sexualized or appearance-based harassment,synthetic_tanglish
TCB0733,seriously avanga ellarum same madhiri message la poda,Tanglish,1,group,0,0,0,1,0,0,0,medium,group-targeted hateful language,synthetic_tanglish
TCB0734,actually happy for your progress honestly,Tanglish,0,none,0,0,0,0,0,0,0,none,"normal, neutral, or supportive statement",synthetic_tanglish
TCB0735,yes solution useful ah irukku inniku,Tanglish,0,none,0,0,0,0,0,0,0,none,"normal, neutral, or supportive statement",synthetic_tanglish
TCB0736,seriously avanga ellarum same madhiri message la la,Tanglish,1,group,0,0,0,1,0,0,0,high,group-targeted hateful language,synthetic_tanglish
TCB0737,da class nalla irundhucha today,Tanglish,0,none,0,0,0,0,0,0,0,none,"normal, neutral, or supportive statement",synthetic_tanglish
TCB0738,seriously un body pathi public ah pesa vendam intha post la ippo,Tanglish,1,other,0,0,0,0,1,0,0,medium,unwanted sexualized or appearance-based harassment,synthetic_tanglish
TCB0739,ava unna physical ah attack panniduven comment section la ah,Tanglish,1,individual,0,0,1,0,0,0,0,medium,reference to physical harm,synthetic_tanglish
TCB0740,macha un performance romba kevalam online la nu,Tanglish,1,individual,1,0,0,0,0,0,0,medium,direct personal insult,synthetic_tanglish
TCB0741,actually class nalla irundhucha 👍,Tanglish,0,none,0,0,0,0,0,0,0,none,"normal, neutral, or supportive statement",synthetic_tanglish
TCB0742,macha private content force panna vendam social media la ippo,Tanglish,1,other,0,0,0,0,0,1,0,medium,unwanted sexual pressure or abusive sexual request,synthetic_tanglish
TCB0743,honestly assignment submit pannitiya,Tanglish,0,none,0,0,0,0,0,0,0,none,"normal, neutral, or supportive statement",synthetic_tanglish
TCB0744,actually nice explanation today,Tanglish,0,none,0,0,0,0,0,0,0,none,"normal, neutral, or supportive statement",synthetic_tanglish
TCB0745,seri paakalam nu,Tanglish,0,none,0,0,0,0,0,0,0,none,"normal, neutral, or supportive statement",synthetic_tanglish
TCB0746,honestly indha idea useful ah irukku inniku,Tanglish,0,none,0,0,0,0,0,0,0,none,"normal, neutral, or supportive statement",synthetic_tanglish
TCB0747,macha poda mental message la da,Tanglish,1,other,1,0,0,0,0,0,1,medium,profane or abusive wording,synthetic_tanglish
TCB0748,actually assignment submit pannitiya,Tanglish,0,none,0,0,0,0,0,0,0,none,"normal, neutral, or supportive statement",synthetic_tanglish
TCB0749,macha indha idea useful ah irukku macha,Tanglish,0,none,0,0,0,0,0,0,0,none,"normal, neutral, or supportive statement",synthetic_tanglish
TCB0750,actually assignment submit pannitiya la,Tanglish,0,none,0,0,0,0,0,0,0,none,"normal, neutral, or supportive statement",synthetic_tanglish
TCB0751,nee fight panna vandha paathukalam online la la,Tanglish,1,individual,0,1,1,0,0,0,0,medium,reference to physical harm,synthetic_tanglish
TCB0752,dei consent illama private photo kekkadha daily bro,Tanglish,1,individual,0,0,0,0,0,1,0,medium,unwanted sexual pressure or abusive sexual request,synthetic_tanglish
TCB0753,bro avanai poi adichidu public ah la,Tanglish,1,individual,0,1,1,0,0,0,0,high,reference to physical harm,synthetic_tanglish
TCB0754,honestly nee daily improve aagite irukka bro,Tanglish,0,none,0,0,0,0,0,0,0,none,"normal, neutral, or supportive statement",synthetic_tanglish
TCB0755,actually nee daily improve aagite irukka inniku,Tanglish,0,none,0,0,0,0,0,0,0,none,"normal, neutral, or supportive statement",synthetic_tanglish
TCB0756,bro database update panniten da,Tanglish,0,none,0,0,0,0,0,0,0,none,"normal, neutral, or supportive statement",synthetic_tanglish
TCB0757,da semma performance today,Tanglish,0,none,0,0,0,0,0,0,0,none,"normal, neutral, or supportive statement",synthetic_tanglish
TCB0758,seriously enna paaru naan unna paathukuren chat la ah,Tanglish,1,individual,0,1,0,0,0,0,0,high,threatening language,synthetic_tanglish
TCB0759,actually naan unakku support panren 👍,Tanglish,0,none,0,0,0,0,0,0,0,none,"normal, neutral, or supportive statement",synthetic_tanglish
TCB0760,seri thanks for helping me 👍,Tanglish,0,none,0,0,0,0,0,0,0,none,"normal, neutral, or supportive statement",synthetic_tanglish
TCB0761,listen avanga ellarum same madhiri chat la podi,Tanglish,1,group,0,0,0,1,0,0,0,high,group-targeted hateful language,synthetic_tanglish
TCB0762,actually indha idea useful ah irukku honestly,Tanglish,0,none,0,0,0,0,0,0,0,none,"normal, neutral, or supportive statement",synthetic_tanglish
TCB0763,bro dei mokka chat la macha,Tanglish,1,individual,1,0,0,0,0,0,1,medium,profane or abusive wording,synthetic_tanglish
TCB0764,bro nee daily improve aagite irukka da,Tanglish,0,none,0,0,0,0,0,0,0,none,"normal, neutral, or supportive statement",synthetic_tanglish
TCB0765,bro naalaikku continue pannalam bro,Tanglish,0,none,0,0,0,0,0,0,0,none,"normal, neutral, or supportive statement",synthetic_tanglish
TCB0766,bro class nalla irundhucha da,Tanglish,0,none,0,0,0,0,0,0,0,none,"normal, neutral, or supportive statement",synthetic_tanglish
TCB0767,macha un brain enga pochu message la,Tanglish,1,individual,1,0,0,0,0,0,1,medium,direct personal insult,synthetic_tanglish
TCB0768,nee poda dei,Tanglish,1,other,0,0,0,0,0,0,1,low,profane or abusive wording,synthetic_tanglish
TCB0769,listen podi loosu comment section la bro,Tanglish,1,individual,1,0,0,0,0,0,1,low,profane or abusive wording,synthetic_tanglish
TCB0770,semma performance inniku,Tanglish,0,none,0,0,0,0,0,0,0,none,"normal, neutral, or supportive statement",synthetic_tanglish
TCB0771,actually code check pannitu sollu macha,Tanglish,0,none,0,0,0,0,0,0,0,none,"normal, neutral, or supportive statement",synthetic_tanglish
TCB0772,true bro inniku session epdi pochu macha,Tanglish,0,none,0,0,0,0,0,0,0,none,"normal, neutral, or supportive statement",synthetic_tanglish
TCB0773,rest eduthuko la,Tanglish,0,none,0,0,0,0,0,0,0,none,"normal, neutral, or supportive statement",synthetic_tanglish
TCB0774,seri all the best da,Tanglish,0,none,0,0,0,0,0,0,0,none,"normal, neutral, or supportive statement",synthetic_tanglish
TCB0775,macha unna adichiduven inga bro,Tanglish,1,individual,0,0,1,0,0,0,0,medium,reference to physical harm,synthetic_tanglish
TCB0776,da food saptiya honestly,Tanglish,0,none,0,0,0,0,0,0,0,none,"normal, neutral, or supportive statement",synthetic_tanglish
TCB0777,seri presentation clear ah irundhuchu da,Tanglish,0,none,0,0,0,0,0,0,0,none,"normal, neutral, or supportive statement",synthetic_tanglish
TCB0778,ivan consent illama sexual request pannadha message la la,Tanglish,1,individual,0,0,0,0,0,1,0,medium,unwanted sexual pressure or abusive sexual request,synthetic_tanglish
TCB0779,da good job bro today,Tanglish,0,none,0,0,0,0,0,0,0,none,"normal, neutral, or supportive statement",synthetic_tanglish
TCB0780,seri presentation clear ah irundhuchu macha,Tanglish,0,none,0,0,0,0,0,0,0,none,"normal, neutral, or supportive statement",synthetic_tanglish
TCB0781,bro seri paakalam da,Tanglish,0,none,0,0,0,0,0,0,0,none,"normal, neutral, or supportive statement",synthetic_tanglish
TCB0782,ava unna hurt panniduven intha post la la,Tanglish,1,other,0,1,1,0,0,0,0,medium,reference to physical harm,synthetic_tanglish
TCB0783,macha poda dei ippo,Tanglish,1,other,1,0,0,0,0,0,1,low,profane or abusive wording,synthetic_tanglish
TCB0784,nice ah later discuss pannalam nu,Tanglish,0,none,0,0,0,0,0,0,0,none,"normal, neutral, or supportive statement",synthetic_tanglish
TCB0785,yes nee daily improve aagite irukka da,Tanglish,0,none,0,0,0,0,0,0,0,none,"normal, neutral, or supportive statement",synthetic_tanglish
TCB0786,ivan podi poi ukkaru comment section la podi,Tanglish,1,individual,0,0,0,0,0,0,1,medium,profane or abusive wording,synthetic_tanglish
TCB0787,ivan personal appearance ah target panni tease pannadha social media la bro,Tanglish,1,individual,0,0,0,0,1,0,0,high,unwanted sexualized or appearance-based harassment,synthetic_tanglish
TCB0788,seriously podi poi ukkaru inga bro,Tanglish,1,individual,0,0,0,0,0,0,1,medium,profane or abusive wording,synthetic_tanglish
TCB0789,honestly happy for your progress macha,Tanglish,0,none,0,0,0,0,0,0,0,none,"normal, neutral, or supportive statement",synthetic_tanglish
TCB0790,dei innoru message anuppina paathuko chat la da,Tanglish,1,individual,0,1,0,0,0,0,0,high,threatening language,synthetic_tanglish
TCB0791,dei nee un body pathi public ah pesa vendam comment section la ippo,Tanglish,1,other,0,0,0,0,1,0,0,high,unwanted sexualized or appearance-based harassment,synthetic_tanglish
TCB0792,actually good job bro inniku,Tanglish,0,none,0,0,0,0,0,0,0,none,"normal, neutral, or supportive statement",synthetic_tanglish
TCB0793,macha nee nalla work pannita da,Tanglish,0,none,0,0,0,0,0,0,0,none,"normal, neutral, or supportive statement",synthetic_tanglish
TCB0794,ava dei poda inga social media la poda,Tanglish,1,individual,0,0,0,0,0,0,1,low,profane or abusive wording,synthetic_tanglish
TCB0795,macha assignment submit pannitiya today,Tanglish,0,none,0,0,0,0,0,0,0,none,"normal, neutral, or supportive statement",synthetic_tanglish
TCB0796,bro later discuss pannalam today,Tanglish,0,none,0,0,0,0,0,0,0,none,"normal, neutral, or supportive statement",synthetic_tanglish
TCB0797,seriously unna adikka varuven chat la poda,Tanglish,1,individual,0,1,1,0,0,0,0,medium,reference to physical harm,synthetic_tanglish
TCB0798,macha avanga ellarum same madhiri intha post la nu,Tanglish,1,group,0,0,0,1,0,0,0,high,group-targeted hateful language,synthetic_tanglish
TCB0799,macha later discuss pannalam today,Tanglish,0,none,0,0,0,0,0,0,0,none,"normal, neutral, or supportive statement",synthetic_tanglish
TCB0800,nice ah correct ah sonna inniku,Tanglish,0,none,0,0,0,0,0,0,0,none,"normal, neutral, or supportive statement",synthetic_tanglish
TCB0801,nice ah naalaikku continue pannalam bro,Tanglish,0,none,0,0,0,0,0,0,0,none,"normal, neutral, or supportive statement",synthetic_tanglish
TCB0802,da correct ah sonna da,Tanglish,0,none,0,0,0,0,0,0,0,none,"normal, neutral, or supportive statement",synthetic_tanglish
TCB0803,ava fight panna vandha paathukalam public ah,Tanglish,1,individual,0,1,1,0,0,0,0,high,reference to physical harm,synthetic_tanglish
TCB0804,actually meeting five mani ku irukku inniku,Tanglish,0,none,0,0,0,0,0,0,0,none,"normal, neutral, or supportive statement",synthetic_tanglish
TCB0805,bro nice explanation honestly,Tanglish,0,none,0,0,0,0,0,0,0,none,"normal, neutral, or supportive statement",synthetic_tanglish
TCB0806,macha nee careful ah iru ah,Tanglish,1,individual,0,1,0,0,0,0,0,medium,threatening language,synthetic_tanglish
TCB0807,bro consent illama private photo kekkadha daily da,Tanglish,1,individual,0,0,0,0,0,1,0,high,unwanted sexual pressure or abusive sexual request,synthetic_tanglish
TCB0808,macha poda da message la da,Tanglish,1,individual,1,0,0,0,0,0,1,low,profane or abusive wording,synthetic_tanglish
TCB0809,macha seri paakalam da,Tanglish,0,none,0,0,0,0,0,0,0,none,"normal, neutral, or supportive statement",synthetic_tanglish
TCB0810,macha thanks for helping me,Tanglish,0,none,0,0,0,0,0,0,0,none,"normal, neutral, or supportive statement",synthetic_tanglish
TCB0811,ivan sandaila unna adikka thonudhu public ah la,Tanglish,1,individual,0,0,1,0,0,0,0,high,reference to physical harm,synthetic_tanglish
TCB0812,seri nee nalla work pannita la,Tanglish,0,none,0,0,0,0,0,0,0,none,"normal, neutral, or supportive statement",synthetic_tanglish
TCB0813,macha nee oru loosu comment section la ippo,Tanglish,1,individual,1,0,0,0,0,0,1,low,direct personal insult,synthetic_tanglish
TCB0814,dei nee avanai poi adichidu daily nu,Tanglish,1,other,0,1,1,0,0,0,0,medium,reference to physical harm,synthetic_tanglish
TCB0815,ivan avanai poi adichidu social media la macha,Tanglish,1,other,0,1,1,0,0,0,0,high,reference to physical harm,synthetic_tanglish
TCB0816,unakku physical harm panniduven poda,Tanglish,1,individual,0,0,1,0,0,0,0,high,reference to physical harm,synthetic_tanglish
TCB0817,listen poda loosu social media la macha,Tanglish,1,individual,1,0,0,0,0,0,1,low,profane or abusive wording,synthetic_tanglish
TCB0818,unnoda actions ku answer kudukkanum intha post la da,Tanglish,1,individual,0,1,1,0,0,0,0,medium,threatening language,synthetic_tanglish
TCB0819,actually keep going bro da,Tanglish,0,none,0,0,0,0,0,0,0,none,"normal, neutral, or supportive statement",synthetic_tanglish
TCB0820,nice ah naalaikku continue pannalam today,Tanglish,0,none,0,0,0,0,0,0,0,none,"normal, neutral, or supportive statement",synthetic_tanglish
TCB0821,avanga group ah support panna koodadhu message la da,Tanglish,1,group,0,0,0,1,0,0,0,high,group-targeted hateful language,synthetic_tanglish
TCB0822,seriously nee romba stupid intha post la macha,Tanglish,1,individual,1,0,0,0,0,0,0,low,direct personal insult,synthetic_tanglish
TCB0823,dei nee sexual pressure kudukka koodadhu social media la podi,Tanglish,1,individual,0,0,0,0,0,1,0,high,unwanted sexual pressure or abusive sexual request,synthetic_tanglish
TCB0824,ivan unakku consequences irukkum online la nu,Tanglish,1,other,0,1,1,0,0,0,0,medium,threatening language,synthetic_tanglish
TCB0825,ava avanga group ah support panna koodadhu ah,Tanglish,1,group,0,0,0,1,0,0,0,medium,group-targeted hateful language,synthetic_tanglish
TCB0826,listen andha community ah nambave mudiyadhu nu,Tanglish,1,group,0,0,0,1,0,0,0,high,group-targeted hateful language,synthetic_tanglish
TCB0827,actually code check pannitu sollu bro,Tanglish,0,none,0,0,0,0,0,0,0,none,"normal, neutral, or supportive statement",synthetic_tanglish
TCB0828,seriously nee careful ah iru la,Tanglish,1,individual,0,1,1,0,0,0,0,high,threatening language,synthetic_tanglish
TCB0829,nee dei poda daily ah,Tanglish,1,other,0,0,0,0,0,0,1,medium,profane or abusive wording,synthetic_tanglish
TCB0830,nice ah seri paakalam today,Tanglish,0,none,0,0,0,0,0,0,0,none,"normal, neutral, or supportive statement",synthetic_tanglish
TCB0831,ava unna beat panniduven social media la nu,Tanglish,1,other,0,1,1,0,0,0,0,medium,reference to physical harm,synthetic_tanglish
TCB0832,true bro nice explanation today,Tanglish,0,none,0,0,0,0,0,0,0,none,"normal, neutral, or supportive statement",synthetic_tanglish
TCB0833,dei poda inga daily ah,Tanglish,1,other,1,0,0,0,0,0,1,medium,profane or abusive wording,synthetic_tanglish
TCB0834,dei nee oru useless fellow comment section la poda,Tanglish,1,individual,1,0,0,0,0,0,1,low,direct personal insult,synthetic_tanglish
TCB0835,ava avanai poi adichidu daily ah,Tanglish,1,other,0,1,1,0,0,0,0,medium,reference to physical harm,synthetic_tanglish
TCB0836,dei nee un appearance pathi unwanted comment poda vendam chat la podi,Tanglish,1,individual,0,0,0,0,1,0,0,medium,unwanted sexualized or appearance-based harassment,synthetic_tanglish
TCB0837,listen poda poi velaiya paaru inga podi,Tanglish,1,other,0,0,0,0,0,0,1,low,profane or abusive wording,synthetic_tanglish
TCB0838,macha happy for your progress macha,Tanglish,0,none,0,0,0,0,0,0,0,none,"normal, neutral, or supportive statement",synthetic_tanglish
TCB0839,yes assignment submit pannitiya da,Tanglish,0,none,0,0,0,0,0,0,0,none,"normal, neutral, or supportive statement",synthetic_tanglish
TCB0840,nee enna pannalum naan respond panren social media la nu,Tanglish,1,individual,0,1,0,0,0,0,0,high,threatening language,synthetic_tanglish
TCB0841,macha good job bro nu,Tanglish,0,none,0,0,0,0,0,0,0,none,"normal, neutral, or supportive statement",synthetic_tanglish
TCB0842,bro private content force panna vendam comment section la nu,Tanglish,1,other,0,0,0,0,0,1,0,high,unwanted sexual pressure or abusive sexual request,synthetic_tanglish
TCB0843,bro un body pathi public ah pesa vendam inga podi,Tanglish,1,individual,0,0,0,0,1,0,0,medium,unwanted sexualized or appearance-based harassment,synthetic_tanglish
TCB0844,true bro solution useful ah irukku today,Tanglish,0,none,0,0,0,0,0,0,0,none,"normal, neutral, or supportive statement",synthetic_tanglish
TCB0845,dei poda social media la ah,Tanglish,1,individual,0,0,0,0,0,0,1,medium,profane or abusive wording,synthetic_tanglish
TCB0846,dei nee unakku nalla warning idhu chat la,Tanglish,1,individual,0,1,1,0,0,0,0,high,threatening language,synthetic_tanglish
TCB0847,ava nee total dummy macha,Tanglish,1,individual,1,0,0,0,0,0,0,low,direct personal insult,synthetic_tanglish
TCB0848,seri naan unakku support panren,Tanglish,0,none,0,0,0,0,0,0,0,none,"normal, neutral, or supportive statement",synthetic_tanglish
TCB0849,ivan andha people ellam problem podi,Tanglish,1,group,0,0,0,1,0,0,0,high,group-targeted hateful language,synthetic_tanglish
TCB0850,dei nee andha community people romba kevalam daily poda,Tanglish,1,group,0,0,0,1,0,0,0,medium,group-targeted hateful language,synthetic_tanglish
TCB0851,dei andha group people ellam mosam comment section la la,Tanglish,1,group,0,0,0,1,0,0,0,high,group-targeted hateful language,synthetic_tanglish
TCB0852,bro sexual content anuppi disturb panna koodadhu intha post la la,Tanglish,1,individual,0,0,0,0,0,1,0,high,unwanted sexual pressure or abusive sexual request,synthetic_tanglish
TCB0853,dei sexual pressure kudukka koodadhu message la poda,Tanglish,1,other,0,0,0,0,0,1,0,high,unwanted sexual pressure or abusive sexual request,synthetic_tanglish
TCB0854,dei nee unna beat panniduven public ah ah,Tanglish,1,other,0,1,1,0,0,0,0,high,reference to physical harm,synthetic_tanglish
TCB0855,actually team work nalla pannenga macha,Tanglish,0,none,0,0,0,0,0,0,0,none,"normal, neutral, or supportive statement",synthetic_tanglish
TCB0856,seri all the best da macha,Tanglish,0,none,0,0,0,0,0,0,0,none,"normal, neutral, or supportive statement",synthetic_tanglish
TCB0857,nee unakku consequences irukkum intha post la,Tanglish,1,individual,0,1,0,0,0,0,0,high,threatening language,synthetic_tanglish
TCB0858,macha enna oru mokka person message la poda,Tanglish,1,individual,1,0,0,0,0,0,0,low,direct personal insult,synthetic_tanglish
TCB0859,seriously unakku brain work aagala message la,Tanglish,1,other,1,0,0,0,0,0,0,medium,direct personal insult,synthetic_tanglish
TCB0860,actually nice explanation honestly,Tanglish,0,none,0,0,0,0,0,0,0,none,"normal, neutral, or supportive statement",synthetic_tanglish
TCB0861,super ah panniruka inniku,Tanglish,0,none,0,0,0,0,0,0,0,none,"normal, neutral, or supportive statement",synthetic_tanglish
TCB0862,nice ah rest eduthuko today,Tanglish,0,none,0,0,0,0,0,0,0,none,"normal, neutral, or supportive statement",synthetic_tanglish
TCB0863,nice ah super ah panniruka 👍,Tanglish,0,none,0,0,0,0,0,0,0,none,"normal, neutral, or supportive statement",synthetic_tanglish
TCB0864,true bro all the best da inniku,Tanglish,0,none,0,0,0,0,0,0,0,none,"normal, neutral, or supportive statement",synthetic_tanglish
TCB0865,true bro super ah panniruka 👍,Tanglish,0,none,0,0,0,0,0,0,0,none,"normal, neutral, or supportive statement",synthetic_tanglish
TCB0866,bro unwanted sexual message anuppadha inga la,Tanglish,1,individual,0,0,0,0,0,1,0,high,unwanted sexual pressure or abusive sexual request,synthetic_tanglish
TCB0867,macha indha idea useful ah irukku la,Tanglish,0,none,0,0,0,0,0,0,0,none,"normal, neutral, or supportive statement",synthetic_tanglish
TCB0868,dei un performance romba kevalam bro,Tanglish,1,other,1,0,0,0,0,0,1,low,direct personal insult,synthetic_tanglish
TCB0869,seriously avanga group ah support panna koodadhu intha post la la,Tanglish,1,group,0,0,0,1,0,0,0,medium,group-targeted hateful language,synthetic_tanglish
TCB0870,dei unna vida maaten nu nenachuko message la bro,Tanglish,1,individual,0,1,1,0,0,0,0,medium,threatening language,synthetic_tanglish
TCB0871,bro ava mela unwanted comments podradhu harassment comment section la la,Tanglish,1,other,0,0,0,0,1,0,0,high,unwanted sexualized or appearance-based harassment,synthetic_tanglish
TCB0872,listen online la unwanted sexual attention kudukkadha message la poda,Tanglish,1,other,0,0,0,0,1,0,0,medium,unwanted sexualized or appearance-based harassment,synthetic_tanglish
TCB0873,bro thanks for helping me la,Tanglish,0,none,0,0,0,0,0,0,0,none,"normal, neutral, or supportive statement",synthetic_tanglish
TCB0874,nee poda loosu social media la la,Tanglish,1,individual,1,0,0,0,0,0,1,low,profane or abusive wording,synthetic_tanglish
TCB0875,bro happy for your progress la,Tanglish,0,none,0,0,0,0,0,0,0,none,"normal, neutral, or supportive statement",synthetic_tanglish
TCB0876,dei unakku common sense illa social media la podi,Tanglish,1,individual,1,0,0,0,0,0,1,low,direct personal insult,synthetic_tanglish
TCB0877,dei nee unna physical ah attack panniduven podi,Tanglish,1,other,0,1,1,0,0,0,0,medium,reference to physical harm,synthetic_tanglish
TCB0878,yes inniku session epdi pochu da,Tanglish,0,none,0,0,0,0,0,0,0,none,"normal, neutral, or supportive statement",synthetic_tanglish
TCB0879,ivan consent illama private photo kekkadha comment section la macha,Tanglish,1,individual,0,0,0,0,0,1,0,high,unwanted sexual pressure or abusive sexual request,synthetic_tanglish
TCB0880,macha unwanted sexual message anuppadha chat la la,Tanglish,1,individual,0,0,0,0,0,1,0,high,unwanted sexual pressure or abusive sexual request,synthetic_tanglish
TCB0881,true bro code check pannitu sollu 👍,Tanglish,0,none,0,0,0,0,0,0,0,none,"normal, neutral, or supportive statement",synthetic_tanglish
TCB0882,dei sandaila unna adikka thonudhu da,Tanglish,1,other,0,1,1,0,0,0,0,medium,reference to physical harm,synthetic_tanglish
TCB0883,dei podi da chat la ah,Tanglish,1,individual,0,0,0,0,0,0,1,medium,profane or abusive wording,synthetic_tanglish
TCB0884,da naan unakku support panren macha,Tanglish,0,none,0,0,0,0,0,0,0,none,"normal, neutral, or supportive statement",synthetic_tanglish
TCB0885,dei nee dei mokka online la da,Tanglish,1,individual,0,0,0,0,0,0,1,medium,profane or abusive wording,synthetic_tanglish
TCB0886,true bro project nalla develop aaguthu inniku,Tanglish,0,none,0,0,0,0,0,0,0,none,"normal, neutral, or supportive statement",synthetic_tanglish
TCB0887,indha idea useful ah irukku nu,Tanglish,0,none,0,0,0,0,0,0,0,none,"normal, neutral, or supportive statement",synthetic_tanglish
TCB0888,ava nee oru loosu social media la nu,Tanglish,1,individual,1,0,0,0,0,0,1,medium,direct personal insult,synthetic_tanglish
TCB0889,true bro un effort romba nalla irukku la,Tanglish,0,none,0,0,0,0,0,0,0,none,"normal, neutral, or supportive statement",synthetic_tanglish
TCB0890,later discuss pannalam 👍,Tanglish,0,none,0,0,0,0,0,0,0,none,"normal, neutral, or supportive statement",synthetic_tanglish
TCB0891,nice ah food saptiya macha,Tanglish,0,none,0,0,0,0,0,0,0,none,"normal, neutral, or supportive statement",synthetic_tanglish
TCB0892,avanga group ah support panna koodadhu comment section la,Tanglish,1,group,0,0,0,1,0,0,0,medium,group-targeted hateful language,synthetic_tanglish
TCB0893,ava nee pesuradhellam mokka comment section la nu,Tanglish,1,individual,1,0,0,0,0,0,1,medium,direct personal insult,synthetic_tanglish
TCB0894,nice ah naan unakku support panren honestly,Tanglish,0,none,0,0,0,0,0,0,0,none,"normal, neutral, or supportive statement",synthetic_tanglish
TCB0895,keep going bro macha,Tanglish,0,none,0,0,0,0,0,0,0,none,"normal, neutral, or supportive statement",synthetic_tanglish
TCB0896,bro movie epdi irundhuchu honestly,Tanglish,0,none,0,0,0,0,0,0,0,none,"normal, neutral, or supportive statement",synthetic_tanglish
TCB0897,dei nee enna oru mokka person message la ah,Tanglish,1,individual,1,0,0,0,0,0,0,low,direct personal insult,synthetic_tanglish
TCB0898,seriously unna physical ah attack panniduven social media la la,Tanglish,1,other,0,0,1,0,0,0,0,high,reference to physical harm,synthetic_tanglish
TCB0899,dei nee unakku consequences irukkum inga la,Tanglish,1,individual,0,1,0,0,0,0,0,medium,threatening language,synthetic_tanglish
TCB0900,bro personal appearance ah target panni tease pannadha daily poda,Tanglish,1,individual,0,0,0,0,1,0,0,medium,unwanted sexualized or appearance-based harassment,synthetic_tanglish
TCB0901,actually class nalla irundhucha inniku,Tanglish,0,none,0,0,0,0,0,0,0,none,"normal, neutral, or supportive statement",synthetic_tanglish
TCB0902,bro consent illama sexual request pannadha intha post la poda,Tanglish,1,other,0,0,0,0,1,1,0,medium,unwanted sexual pressure or abusive sexual request,synthetic_tanglish
TCB0903,actually semma performance 👍,Tanglish,0,none,0,0,0,0,0,0,0,none,"normal, neutral, or supportive statement",synthetic_tanglish
TCB0904,ava avanai poi adichidu public ah,Tanglish,1,other,0,1,1,0,0,0,0,medium,reference to physical harm,synthetic_tanglish
TCB0905,ava online la unwanted sexual attention kudukkadha ippo,Tanglish,1,individual,0,0,0,0,1,0,0,medium,unwanted sexualized or appearance-based harassment,synthetic_tanglish
TCB0906,macha class nalla irundhucha,Tanglish,0,none,0,0,0,0,0,0,0,none,"normal, neutral, or supportive statement",synthetic_tanglish
TCB0907,bro super ah panniruka,Tanglish,0,none,0,0,0,0,0,0,0,none,"normal, neutral, or supportive statement",synthetic_tanglish
TCB0908,seriously andha people ellam problem online la macha,Tanglish,1,group,0,0,0,1,0,0,0,high,group-targeted hateful language,synthetic_tanglish
TCB0909,bro un photo paathu sexual comments podradhu wrong public ah poda,Tanglish,1,individual,0,0,0,0,1,0,0,high,unwanted sexualized or appearance-based harassment,synthetic_tanglish
TCB0910,nee un photo paathu sexual comments podradhu wrong intha post la ah,Tanglish,1,individual,0,0,0,0,1,0,0,medium,unwanted sexualized or appearance-based harassment,synthetic_tanglish
TCB0911,bro unna physical ah attack panniduven intha post la la,Tanglish,1,individual,0,1,1,0,0,0,0,high,reference to physical harm,synthetic_tanglish
TCB0912,nice ah inniku session epdi pochu,Tanglish,0,none,0,0,0,0,0,0,0,none,"normal, neutral, or supportive statement",synthetic_tanglish
TCB0913,bro unna vida maaten nu nenachuko inga podi,Tanglish,1,other,0,1,0,0,0,0,0,high,threatening language,synthetic_tanglish
TCB0914,class nalla irundhucha honestly,Tanglish,0,none,0,0,0,0,0,0,0,none,"normal, neutral, or supportive statement",synthetic_tanglish
TCB0915,listen dei poda inga podi,Tanglish,1,individual,0,0,0,0,0,0,1,low,profane or abusive wording,synthetic_tanglish
TCB0916,poda waste online la macha,Tanglish,1,individual,1,0,0,0,0,0,1,low,profane or abusive wording,synthetic_tanglish
TCB0917,seri nee nalla work pannita,Tanglish,0,none,0,0,0,0,0,0,0,none,"normal, neutral, or supportive statement",synthetic_tanglish
TCB0918,seri project nalla develop aaguthu macha,Tanglish,0,none,0,0,0,0,0,0,0,none,"normal, neutral, or supportive statement",synthetic_tanglish
TCB0919,correct ah sonna la,Tanglish,0,none,0,0,0,0,0,0,0,none,"normal, neutral, or supportive statement",synthetic_tanglish
TCB0920,bro poda da intha post la podi,Tanglish,1,other,1,0,0,0,0,0,1,medium,profane or abusive wording,synthetic_tanglish
TCB0921,nee unna adikka varuven inga bro,Tanglish,1,other,0,1,1,0,0,0,0,medium,reference to physical harm,synthetic_tanglish
TCB0922,da rest eduthuko inniku,Tanglish,0,none,0,0,0,0,0,0,0,none,"normal, neutral, or supportive statement",synthetic_tanglish
TCB0923,honestly rest eduthuko da,Tanglish,0,none,0,0,0,0,0,0,0,none,"normal, neutral, or supportive statement",synthetic_tanglish
TCB0924,nice ah solution useful ah irukku macha,Tanglish,0,none,0,0,0,0,0,0,0,none,"normal, neutral, or supportive statement",synthetic_tanglish
TCB0925,macha andha group people ellam mosam intha post la nu,Tanglish,1,group,0,0,0,1,0,0,0,high,group-targeted hateful language,synthetic_tanglish
TCB0926,sexual content anuppi disturb panna koodadhu intha post la bro,Tanglish,1,individual,0,0,0,0,0,1,0,high,unwanted sexual pressure or abusive sexual request,synthetic_tanglish
TCB0927,dei nee un photo ku sexual comment podradhu wrong daily,Tanglish,1,individual,0,0,0,0,1,0,0,high,unwanted sexualized or appearance-based harassment,synthetic_tanglish
TCB0928,listen unwanted sexual message anuppadha comment section la ippo,Tanglish,1,other,0,0,0,0,0,1,0,high,unwanted sexual pressure or abusive sexual request,synthetic_tanglish
TCB0929,nice ah nee daily improve aagite irukka 👍,Tanglish,0,none,0,0,0,0,0,0,0,none,"normal, neutral, or supportive statement",synthetic_tanglish
TCB0930,seriously andha community ah nambave mudiyadhu da,Tanglish,1,group,0,0,0,1,0,0,0,medium,group-targeted hateful language,synthetic_tanglish
TCB0931,ava mela unwanted comments podradhu harassment online la,Tanglish,1,individual,0,0,0,0,1,0,0,medium,unwanted sexualized or appearance-based harassment,synthetic_tanglish
TCB0932,yes solution useful ah irukku 👍,Tanglish,0,none,0,0,0,0,0,0,0,none,"normal, neutral, or supportive statement",synthetic_tanglish
TCB0933,dei nee andha group ellam useless comment section la ah,Tanglish,1,group,0,0,0,1,0,0,0,high,group-targeted hateful language,synthetic_tanglish
TCB0934,project nalla develop aaguthu bro,Tanglish,0,none,0,0,0,0,0,0,0,none,"normal, neutral, or supportive statement",synthetic_tanglish
TCB0935,andha community ah nambave mudiyadhu online la nu,Tanglish,1,group,0,0,0,1,0,0,0,high,group-targeted hateful language,synthetic_tanglish
TCB0936,listen poda loosu social media la podi,Tanglish,1,individual,1,0,0,0,0,0,1,medium,profane or abusive wording,synthetic_tanglish
TCB0937,seri class nalla irundhucha da,Tanglish,0,none,0,0,0,0,0,0,0,none,"normal, neutral, or supportive statement",synthetic_tanglish
TCB0938,yes class nalla irundhucha inniku,Tanglish,0,none,0,0,0,0,0,0,0,none,"normal, neutral, or supportive statement",synthetic_tanglish
TCB0939,macha all the best da macha,Tanglish,0,none,0,0,0,0,0,0,0,none,"normal, neutral, or supportive statement",synthetic_tanglish
TCB0940,listen innoru message anuppina paathuko chat la ippo,Tanglish,1,individual,0,1,0,0,0,0,0,medium,threatening language,synthetic_tanglish
TCB0941,inniku session epdi pochu inniku,Tanglish,0,none,0,0,0,0,0,0,0,none,"normal, neutral, or supportive statement",synthetic_tanglish
TCB0942,dei nee dei mokka public ah bro,Tanglish,1,individual,0,0,0,0,0,0,1,low,profane or abusive wording,synthetic_tanglish
TCB0943,actually assignment submit pannitiya today,Tanglish,0,none,0,0,0,0,0,0,0,none,"normal, neutral, or supportive statement",synthetic_tanglish
TCB0944,bro dei summa iru comment section la nu,Tanglish,1,individual,0,0,0,0,0,0,1,low,profane or abusive wording,synthetic_tanglish
TCB0945,dei online la unwanted sexual attention kudukkadha public ah da,Tanglish,1,other,0,0,0,0,1,0,0,high,unwanted sexualized or appearance-based harassment,synthetic_tanglish
TCB0946,yes inniku session epdi pochu la,Tanglish,0,none,0,0,0,0,0,0,0,none,"normal, neutral, or supportive statement",synthetic_tanglish
TCB0947,nee oru loosu nu,Tanglish,1,other,1,0,0,0,0,0,1,low,direct personal insult,synthetic_tanglish
TCB0948,podi poi ukkaru online la la,Tanglish,1,individual,1,0,0,0,0,0,1,medium,profane or abusive wording,synthetic_tanglish
TCB0949,da semma performance,Tanglish,0,none,0,0,0,0,0,0,0,none,"normal, neutral, or supportive statement",synthetic_tanglish
TCB0950,nee dei summa iru daily da,Tanglish,1,other,0,0,0,0,0,0,1,medium,profane or abusive wording,synthetic_tanglish
TCB0951,ivan enna paaru naan unna paathukuren message la la,Tanglish,1,other,0,1,0,0,0,0,0,medium,threatening language,synthetic_tanglish
TCB0952,seri team work nalla pannenga da,Tanglish,0,none,0,0,0,0,0,0,0,none,"normal, neutral, or supportive statement",synthetic_tanglish
TCB0953,da super ah panniruka bro,Tanglish,0,none,0,0,0,0,0,0,0,none,"normal, neutral, or supportive statement",synthetic_tanglish
TCB0954,macha nee inga vandha unakku problem online la da,Tanglish,1,individual,0,1,1,0,0,0,0,medium,threatening language,synthetic_tanglish
TCB0955,bro rest eduthuko 👍,Tanglish,0,none,0,0,0,0,0,0,0,none,"normal, neutral, or supportive statement",synthetic_tanglish
TCB0956,honestly un effort romba nalla irukku da,Tanglish,0,none,0,0,0,0,0,0,0,none,"normal, neutral, or supportive statement",synthetic_tanglish
TCB0957,dei nee andha group people ellam mosam online la nu,Tanglish,1,group,0,0,0,1,0,0,0,high,group-targeted hateful language,synthetic_tanglish
TCB0958,actually happy for your progress da,Tanglish,0,none,0,0,0,0,0,0,0,none,"normal, neutral, or supportive statement",synthetic_tanglish
TCB0959,nee oru loosu social media la bro,Tanglish,1,individual,1,0,0,0,0,0,1,low,direct personal insult,synthetic_tanglish
TCB0960,actually rest eduthuko 👍,Tanglish,0,none,0,0,0,0,0,0,0,none,"normal, neutral, or supportive statement",synthetic_tanglish
TCB0961,true bro movie epdi irundhuchu da,Tanglish,0,none,0,0,0,0,0,0,0,none,"normal, neutral, or supportive statement",synthetic_tanglish
TCB0962,solution useful ah irukku macha,Tanglish,0,none,0,0,0,0,0,0,0,none,"normal, neutral, or supportive statement",synthetic_tanglish
TCB0963,nee unna physical ah attack panniduven public ah nu,Tanglish,1,individual,0,1,1,0,0,0,0,high,reference to physical harm,synthetic_tanglish
TCB0964,honestly nee nalla work pannita inniku,Tanglish,0,none,0,0,0,0,0,0,0,none,"normal, neutral, or supportive statement",synthetic_tanglish
TCB0965,bro movie epdi irundhuchu nu,Tanglish,0,none,0,0,0,0,0,0,0,none,"normal, neutral, or supportive statement",synthetic_tanglish
TCB0966,actually thanks for helping me 👍,Tanglish,0,none,0,0,0,0,0,0,0,none,"normal, neutral, or supportive statement",synthetic_tanglish
TCB0967,seri later discuss pannalam 👍,Tanglish,0,none,0,0,0,0,0,0,0,none,"normal, neutral, or supportive statement",synthetic_tanglish
TCB0968,da solution useful ah irukku da,Tanglish,0,none,0,0,0,0,0,0,0,none,"normal, neutral, or supportive statement",synthetic_tanglish
TCB0969,yes good job bro honestly,Tanglish,0,none,0,0,0,0,0,0,0,none,"normal, neutral, or supportive statement",synthetic_tanglish
TCB0970,ivan avanai poi adichidu comment section la ah,Tanglish,1,individual,0,0,1,0,0,0,0,medium,reference to physical harm,synthetic_tanglish
TCB0971,dei nee andha community people romba kevalam daily ippo,Tanglish,1,group,0,0,0,1,0,0,0,medium,group-targeted hateful language,synthetic_tanglish
TCB0972,actually nee daily improve aagite irukka,Tanglish,0,none,0,0,0,0,0,0,0,none,"normal, neutral, or supportive statement",synthetic_tanglish
TCB0973,macha indha idea useful ah irukku honestly,Tanglish,0,none,0,0,0,0,0,0,0,none,"normal, neutral, or supportive statement",synthetic_tanglish
TCB0974,seriously unakku sense eh illa intha post la macha,Tanglish,1,individual,1,0,0,0,0,0,0,low,direct personal insult,synthetic_tanglish
TCB0975,macha unwanted sexual message anuppadha chat la,Tanglish,1,individual,0,0,0,0,0,1,0,high,unwanted sexual pressure or abusive sexual request,synthetic_tanglish
TCB0976,macha correct ah sonna,Tanglish,0,none,0,0,0,0,0,0,0,none,"normal, neutral, or supportive statement",synthetic_tanglish
TCB0977,ivan avanga ellarum same madhiri chat la bro,Tanglish,1,group,0,0,0,1,0,0,0,medium,group-targeted hateful language,synthetic_tanglish
TCB0978,seriously un body ah comment panni disturb pannadha inga nu,Tanglish,1,individual,0,0,0,0,1,0,0,high,unwanted sexualized or appearance-based harassment,synthetic_tanglish
TCB0979,macha solution useful ah irukku bro,Tanglish,0,none,0,0,0,0,0,0,0,none,"normal, neutral, or supportive statement",synthetic_tanglish
TCB0980,bro nee enna pannalum naan respond panren chat la macha,Tanglish,1,individual,0,1,0,0,0,0,0,high,threatening language,synthetic_tanglish
TCB0981,listen poda dei intha post la,Tanglish,1,individual,1,0,0,0,0,0,1,low,profane or abusive wording,synthetic_tanglish
TCB0982,nice ah good job bro da,Tanglish,0,none,0,0,0,0,0,0,0,none,"normal, neutral, or supportive statement",synthetic_tanglish
TCB0983,macha private content force panna vendam social media la ah,Tanglish,1,other,0,0,0,0,0,1,0,medium,unwanted sexual pressure or abusive sexual request,synthetic_tanglish
TCB0984,ava andha people ellam problem online la,Tanglish,1,group,0,0,0,1,0,0,0,high,group-targeted hateful language,synthetic_tanglish
TCB0985,seriously unna vida maaten nu nenachuko bro,Tanglish,1,individual,0,1,1,0,0,0,0,high,threatening language,synthetic_tanglish
TCB0986,yes project nalla develop aaguthu nu,Tanglish,0,none,0,0,0,0,0,0,0,none,"normal, neutral, or supportive statement",synthetic_tanglish
TCB0987,macha team work nalla pannenga la,Tanglish,0,none,0,0,0,0,0,0,0,none,"normal, neutral, or supportive statement",synthetic_tanglish
TCB0988,macha innoru message anuppina paathuko daily ah,Tanglish,1,individual,0,1,0,0,0,0,0,high,threatening language,synthetic_tanglish
TCB0989,bro andha community people romba kevalam online la nu,Tanglish,1,group,0,0,0,1,0,0,0,high,group-targeted hateful language,synthetic_tanglish
TCB0990,dei nee podi dei social media la nu,Tanglish,1,other,0,0,0,0,0,0,1,low,profane or abusive wording,synthetic_tanglish
TCB0991,honestly food saptiya macha,Tanglish,0,none,0,0,0,0,0,0,0,none,"normal, neutral, or supportive statement",synthetic_tanglish
TCB0992,consent illama sexual request pannadha daily la,Tanglish,1,individual,0,0,0,0,0,1,0,medium,unwanted sexual pressure or abusive sexual request,synthetic_tanglish
TCB0993,bro andha group ellam useless intha post la podi,Tanglish,1,group,0,0,0,1,0,0,0,high,group-targeted hateful language,synthetic_tanglish
TCB0994,true bro movie epdi irundhuchu 👍,Tanglish,0,none,0,0,0,0,0,0,0,none,"normal, neutral, or supportive statement",synthetic_tanglish
TCB0995,ava andha community people romba kevalam social media la podi,Tanglish,1,group,0,0,0,1,0,0,0,high,group-targeted hateful language,synthetic_tanglish
TCB0996,dei enna paaru naan unna paathukuren inga,Tanglish,1,individual,0,1,1,0,0,0,0,high,threatening language,synthetic_tanglish
TCB0997,dei nee oru muttaal chat la poda,Tanglish,1,individual,1,0,0,0,0,0,0,low,direct personal insult,synthetic_tanglish
TCB0998,thanks for helping me today,Tanglish,0,none,0,0,0,0,0,0,0,none,"normal, neutral, or supportive statement",synthetic_tanglish
TCB0999,dei unna vida maaten nu nenachuko social media la nu,Tanglish,1,other,0,1,0,0,0,0,0,medium,threatening language,synthetic_tanglish
TCB1000,nice ah database update panniten macha,Tanglish,0,none,0,0,0,0,0,0,0,none,"normal, neutral, or supportive statement",synthetic_tanglish
TCB1001,sexual pressure kudukka koodadhu comment section la nu,Tanglish,1,individual,0,0,0,0,1,1,0,high,unwanted sexual pressure or abusive sexual request,synthetic_tanglish
TCB1002,dei nee andha people ellam problem chat la la,Tanglish,1,group,0,0,0,1,0,0,0,high,group-targeted hateful language,synthetic_tanglish
TCB1003,macha meeting five mani ku irukku macha,Tanglish,0,none,0,0,0,0,0,0,0,none,"normal, neutral, or supportive statement",synthetic_tanglish
TCB1004,honestly naan unakku support panren honestly,Tanglish,0,none,0,0,0,0,0,0,0,none,"normal, neutral, or supportive statement",synthetic_tanglish
TCB1005,un photo paathu sexual comments podradhu wrong comment section la ah,Tanglish,1,other,0,0,0,0,1,0,0,medium,unwanted sexualized or appearance-based harassment,synthetic_tanglish
TCB1006,seriously unakku common sense illa online la da,Tanglish,1,other,1,0,0,0,0,0,0,low,direct personal insult,synthetic_tanglish
TCB1007,honestly inniku session epdi pochu inniku,Tanglish,0,none,0,0,0,0,0,0,0,none,"normal, neutral, or supportive statement",synthetic_tanglish
TCB1008,actually rest eduthuko,Tanglish,0,none,0,0,0,0,0,0,0,none,"normal, neutral, or supportive statement",synthetic_tanglish
TCB1009,nee unakku edhuvume theriyadhu intha post la poda,Tanglish,1,individual,1,0,0,0,0,0,1,medium,direct personal insult,synthetic_tanglish
TCB1010,bro thanks for helping me,Tanglish,0,none,0,0,0,0,0,0,0,none,"normal, neutral, or supportive statement",synthetic_tanglish
TCB1011,ava un appearance pathi unwanted comment poda vendam intha post la ippo,Tanglish,1,individual,0,0,0,0,1,0,0,high,unwanted sexualized or appearance-based harassment,synthetic_tanglish
TCB1012,dei avanai poi adichidu chat la poda,Tanglish,1,individual,0,1,1,0,0,0,0,high,reference to physical harm,synthetic_tanglish
TCB1013,true bro un effort romba nalla irukku inniku,Tanglish,0,none,0,0,0,0,0,0,0,none,"normal, neutral, or supportive statement",synthetic_tanglish
TCB1014,ava andha community people romba kevalam public ah ah,Tanglish,1,group,0,0,0,1,0,0,0,high,group-targeted hateful language,synthetic_tanglish
TCB1015,nice ah later discuss pannalam today,Tanglish,0,none,0,0,0,0,0,0,0,none,"normal, neutral, or supportive statement",synthetic_tanglish
TCB1016,ivan unna physical ah attack panniduven daily,Tanglish,1,individual,0,1,1,0,0,0,0,medium,reference to physical harm,synthetic_tanglish
TCB1017,seriously nee oru waste fellow comment section la ippo,Tanglish,1,individual,1,0,0,0,0,0,0,medium,direct personal insult,synthetic_tanglish
TCB1018,bro sexual pressure kudukka koodadhu social media la la,Tanglish,1,individual,0,0,0,0,1,1,0,medium,unwanted sexual pressure or abusive sexual request,synthetic_tanglish
TCB1019,actually code check pannitu sollu inniku,Tanglish,0,none,0,0,0,0,0,0,0,none,"normal, neutral, or supportive statement",synthetic_tanglish
TCB1020,dei andha people ellam problem online la macha,Tanglish,1,group,0,0,0,1,0,0,0,medium,group-targeted hateful language,synthetic_tanglish
TCB1021,honestly naan unakku support panren inniku,Tanglish,0,none,0,0,0,0,0,0,0,none,"normal, neutral, or supportive statement",synthetic_tanglish
TCB1022,dei nee unakku physical harm panniduven comment section la la,Tanglish,1,individual,0,1,1,0,0,0,0,high,reference to physical harm,synthetic_tanglish
TCB1023,macha nee oru waste fellow public ah,Tanglish,1,individual,1,0,0,0,0,0,1,low,direct personal insult,synthetic_tanglish
TCB1024,bro unwanted sexual message anuppadha chat la podi,Tanglish,1,individual,0,0,0,0,1,1,0,high,unwanted sexual pressure or abusive sexual request,synthetic_tanglish
TCB1025,poda waste online la poda,Tanglish,1,other,1,0,0,0,0,0,1,medium,profane or abusive wording,synthetic_tanglish
TCB1026,actually later discuss pannalam la,Tanglish,0,none,0,0,0,0,0,0,0,none,"normal, neutral, or supportive statement",synthetic_tanglish
TCB1027,listen po da inga irundhu daily macha,Tanglish,1,individual,1,0,0,0,0,0,1,medium,profane or abusive wording,synthetic_tanglish
TCB1028,dei consent illama sexual request pannadha comment section la ippo,Tanglish,1,individual,0,0,0,0,1,1,0,high,unwanted sexual pressure or abusive sexual request,synthetic_tanglish
TCB1029,listen consent illama private photo kekkadha intha post la ippo,Tanglish,1,individual,0,0,0,0,0,1,0,high,unwanted sexual pressure or abusive sexual request,synthetic_tanglish
TCB1030,seri thanks for helping me nu,Tanglish,0,none,0,0,0,0,0,0,0,none,"normal, neutral, or supportive statement",synthetic_tanglish
TCB1031,true bro thanks for helping me honestly,Tanglish,0,none,0,0,0,0,0,0,0,none,"normal, neutral, or supportive statement",synthetic_tanglish
TCB1032,dei nee andha group people ellam mosam ah,Tanglish,1,group,0,0,0,1,0,0,0,medium,group-targeted hateful language,synthetic_tanglish
TCB1033,ava unakku basic knowledge kooda illa public ah poda,Tanglish,1,individual,1,0,0,0,0,0,1,medium,direct personal insult,synthetic_tanglish
TCB1034,macha un body pathi public ah pesa vendam message la podi,Tanglish,1,individual,0,0,0,0,1,0,0,medium,unwanted sexualized or appearance-based harassment,synthetic_tanglish
TCB1035,actually inniku session epdi pochu 👍,Tanglish,0,none,0,0,0,0,0,0,0,none,"normal, neutral, or supportive statement",synthetic_tanglish
TCB1036,bro private content force panna vendam chat la ippo,Tanglish,1,individual,0,0,0,0,1,1,0,high,unwanted sexual pressure or abusive sexual request,synthetic_tanglish
TCB1037,bro solution useful ah irukku today,Tanglish,0,none,0,0,0,0,0,0,0,none,"normal, neutral, or supportive statement",synthetic_tanglish
TCB1038,dei summa iru inga nu,Tanglish,1,individual,1,0,0,0,0,0,1,low,profane or abusive wording,synthetic_tanglish
TCB1039,listen private photo share panna force pannadha social media la bro,Tanglish,1,individual,0,0,0,0,1,1,0,high,unwanted sexual pressure or abusive sexual request,synthetic_tanglish
TCB1040,actually nee nalla work pannita macha,Tanglish,0,none,0,0,0,0,0,0,0,none,"normal, neutral, or supportive statement",synthetic_tanglish
TCB1041,nice ah code check pannitu sollu nu,Tanglish,0,none,0,0,0,0,0,0,0,none,"normal, neutral, or supportive statement",synthetic_tanglish
TCB1042,nice ah indha idea useful ah irukku macha,Tanglish,0,none,0,0,0,0,0,0,0,none,"normal, neutral, or supportive statement",synthetic_tanglish
TCB1043,solution useful ah irukku,Tanglish,0,none,0,0,0,0,0,0,0,none,"normal, neutral, or supportive statement",synthetic_tanglish
TCB1044,seriously personal appearance ah target panni tease pannadha message la macha,Tanglish,1,individual,0,0,0,0,1,0,0,medium,unwanted sexualized or appearance-based harassment,synthetic_tanglish
TCB1045,true bro happy for your progress honestly,Tanglish,0,none,0,0,0,0,0,0,0,none,"normal, neutral, or supportive statement",synthetic_tanglish
TCB1046,actually un effort romba nalla irukku da,Tanglish,0,none,0,0,0,0,0,0,0,none,"normal, neutral, or supportive statement",synthetic_tanglish
TCB1047,nee nee onnum purinjikala social media la poda,Tanglish,1,other,1,0,0,0,0,0,0,medium,direct personal insult,synthetic_tanglish
TCB1048,seri nee nalla work pannita 👍,Tanglish,0,none,0,0,0,0,0,0,0,none,"normal, neutral, or supportive statement",synthetic_tanglish
TCB1049,private content force panna vendam social media la bro,Tanglish,1,other,0,0,0,0,0,1,0,medium,unwanted sexual pressure or abusive sexual request,synthetic_tanglish
TCB1050,bro unnoda actions ku answer kudukkanum daily podi,Tanglish,1,individual,0,1,1,0,0,0,0,medium,threatening language,synthetic_tanglish
TCB1051,honestly naalaikku continue pannalam macha,Tanglish,0,none,0,0,0,0,0,0,0,none,"normal, neutral, or supportive statement",synthetic_tanglish
TCB1052,ivan enna paaru naan unna paathukuren inga ah,Tanglish,1,individual,0,1,1,0,0,0,0,high,threatening language,synthetic_tanglish
TCB1053,seriously nee careful ah iru comment section la bro,Tanglish,1,individual,0,1,1,0,0,0,0,high,threatening language,synthetic_tanglish
TCB1054,sandaila unna adikka thonudhu intha post la poda,Tanglish,1,other,0,0,1,0,0,0,0,high,reference to physical harm,synthetic_tanglish
TCB1055,honestly class nalla irundhucha la,Tanglish,0,none,0,0,0,0,0,0,0,none,"normal, neutral, or supportive statement",synthetic_tanglish
TCB1056,bro andha people ellam problem daily,Tanglish,1,group,0,0,0,1,0,0,0,medium,group-targeted hateful language,synthetic_tanglish
TCB1057,bro semma performance honestly,Tanglish,0,none,0,0,0,0,0,0,0,none,"normal, neutral, or supportive statement",synthetic_tanglish
TCB1058,honestly nice explanation nu,Tanglish,0,none,0,0,0,0,0,0,0,none,"normal, neutral, or supportive statement",synthetic_tanglish
TCB1059,seri presentation clear ah irundhuchu la,Tanglish,0,none,0,0,0,0,0,0,0,none,"normal, neutral, or supportive statement",synthetic_tanglish
TCB1060,yes presentation clear ah irundhuchu,Tanglish,0,none,0,0,0,0,0,0,0,none,"normal, neutral, or supportive statement",synthetic_tanglish
TCB1061,bro unna damage panniduven chat la ah,Tanglish,1,individual,0,0,1,0,0,0,0,high,reference to physical harm,synthetic_tanglish
TCB1062,true bro meeting five mani ku irukku nu,Tanglish,0,none,0,0,0,0,0,0,0,none,"normal, neutral, or supportive statement",synthetic_tanglish
TCB1063,nice ah super ah panniruka honestly,Tanglish,0,none,0,0,0,0,0,0,0,none,"normal, neutral, or supportive statement",synthetic_tanglish
TCB1064,seri good job bro 👍,Tanglish,0,none,0,0,0,0,0,0,0,none,"normal, neutral, or supportive statement",synthetic_tanglish
TCB1065,true bro nee daily improve aagite irukka honestly,Tanglish,0,none,0,0,0,0,0,0,0,none,"normal, neutral, or supportive statement",synthetic_tanglish
TCB1066,macha un effort romba nalla irukku da,Tanglish,0,none,0,0,0,0,0,0,0,none,"normal, neutral, or supportive statement",synthetic_tanglish
TCB1067,nee un body ah comment panni disturb pannadha public ah,Tanglish,1,other,0,0,0,0,1,0,0,high,unwanted sexualized or appearance-based harassment,synthetic_tanglish
TCB1068,honestly indha idea useful ah irukku la,Tanglish,0,none,0,0,0,0,0,0,0,none,"normal, neutral, or supportive statement",synthetic_tanglish
TCB1069,da seri paakalam nu,Tanglish,0,none,0,0,0,0,0,0,0,none,"normal, neutral, or supportive statement",synthetic_tanglish
TCB1070,macha super ah panniruka bro,Tanglish,0,none,0,0,0,0,0,0,0,none,"normal, neutral, or supportive statement",synthetic_tanglish
TCB1071,seri all the best da bro,Tanglish,0,none,0,0,0,0,0,0,0,none,"normal, neutral, or supportive statement",synthetic_tanglish
TCB1072,nee private content force panna vendam daily,Tanglish,1,individual,0,0,0,0,0,1,0,medium,unwanted sexual pressure or abusive sexual request,synthetic_tanglish
TCB1073,true bro correct ah sonna la,Tanglish,0,none,0,0,0,0,0,0,0,none,"normal, neutral, or supportive statement",synthetic_tanglish
TCB1074,naalaikku continue pannalam la,Tanglish,0,none,0,0,0,0,0,0,0,none,"normal, neutral, or supportive statement",synthetic_tanglish
TCB1075,macha semma performance honestly,Tanglish,0,none,0,0,0,0,0,0,0,none,"normal, neutral, or supportive statement",synthetic_tanglish
TCB1076,unakku physical harm panniduven chat la ippo,Tanglish,1,other,0,1,1,0,0,0,0,high,reference to physical harm,synthetic_tanglish
TCB1077,nice ah team work nalla pannenga honestly,Tanglish,0,none,0,0,0,0,0,0,0,none,"normal, neutral, or supportive statement",synthetic_tanglish
TCB1078,nee unnoda actions ku answer kudukkanum comment section la la,Tanglish,1,individual,0,1,1,0,0,0,0,high,threatening language,synthetic_tanglish
TCB1079,bro unakku consequences irukkum message la podi,Tanglish,1,other,0,1,0,0,0,0,0,medium,threatening language,synthetic_tanglish
TCB1080,avanga ellarum same madhiri social media la bro,Tanglish,1,group,0,0,0,1,0,0,0,high,group-targeted hateful language,synthetic_tanglish
TCB1081,nee dei poda inga da,Tanglish,1,individual,0,0,0,0,0,0,1,low,profane or abusive wording,synthetic_tanglish
TCB1082,seriously un body ah comment panni disturb pannadha social media la,Tanglish,1,other,0,0,0,0,1,0,0,high,unwanted sexualized or appearance-based harassment,synthetic_tanglish
TCB1083,nice ah un effort romba nalla irukku honestly,Tanglish,0,none,0,0,0,0,0,0,0,none,"normal, neutral, or supportive statement",synthetic_tanglish
TCB1084,macha un appearance pathi unwanted comment poda vendam bro,Tanglish,1,individual,0,0,0,0,1,0,0,medium,unwanted sexualized or appearance-based harassment,synthetic_tanglish
TCB1085,database update panniten inniku,Tanglish,0,none,0,0,0,0,0,0,0,none,"normal, neutral, or supportive statement",synthetic_tanglish
TCB1086,ava unna physical ah attack panniduven inga bro,Tanglish,1,other,0,1,1,0,0,0,0,high,reference to physical harm,synthetic_tanglish
TCB1087,ivan un photo ku sexual comment podradhu wrong comment section la ippo,Tanglish,1,other,0,0,0,0,1,0,0,high,unwanted sexualized or appearance-based harassment,synthetic_tanglish
TCB1088,true bro solution useful ah irukku macha,Tanglish,0,none,0,0,0,0,0,0,0,none,"normal, neutral, or supportive statement",synthetic_tanglish
TCB1089,true bro database update panniten today,Tanglish,0,none,0,0,0,0,0,0,0,none,"normal, neutral, or supportive statement",synthetic_tanglish
TCB1090,seriously enna oru mokka person daily poda,Tanglish,1,individual,1,0,0,0,0,0,1,low,direct personal insult,synthetic_tanglish
TCB1091,actually thanks for helping me da,Tanglish,0,none,0,0,0,0,0,0,0,none,"normal, neutral, or supportive statement",synthetic_tanglish
TCB1092,dei andha group people ellam mosam chat la nu,Tanglish,1,group,0,0,0,1,0,0,0,high,group-targeted hateful language,synthetic_tanglish
TCB1093,seriously unakku nalla warning idhu daily,Tanglish,1,individual,0,1,0,0,0,0,0,high,threatening language,synthetic_tanglish
TCB1094,dei nee podi dei daily podi,Tanglish,1,individual,0,0,0,0,0,0,1,medium,profane or abusive wording,synthetic_tanglish
TCB1095,macha un effort romba nalla irukku,Tanglish,0,none,0,0,0,0,0,0,0,none,"normal, neutral, or supportive statement",synthetic_tanglish
TCB1096,dei unnoda actions ku answer kudukkanum chat la bro,Tanglish,1,other,0,1,0,0,0,0,0,high,threatening language,synthetic_tanglish
TCB1097,dei nee nee oru embarrassment daily nu,Tanglish,1,individual,1,0,0,0,0,0,0,medium,direct personal insult,synthetic_tanglish
TCB1098,ava nee total dummy public ah da,Tanglish,1,other,1,0,0,0,0,0,0,medium,direct personal insult,synthetic_tanglish
TCB1099,macha dei summa iru intha post la da,Tanglish,1,individual,1,0,0,0,0,0,1,medium,profane or abusive wording,synthetic_tanglish
TCB1100,nee dei summa iru public ah podi,Tanglish,1,individual,0,0,0,0,0,0,1,low,profane or abusive wording,synthetic_tanglish
TCB1101,actually naalaikku continue pannalam la,Tanglish,0,none,0,0,0,0,0,0,0,none,"normal, neutral, or supportive statement",synthetic_tanglish
TCB1102,bro team work nalla pannenga today,Tanglish,0,none,0,0,0,0,0,0,0,none,"normal, neutral, or supportive statement",synthetic_tanglish
TCB1103,dei nee onnum purinjikala online la bro,Tanglish,1,individual,1,0,0,0,0,0,1,low,direct personal insult,synthetic_tanglish
TCB1104,bro avanga madhiri people inga vendaam inga poda,Tanglish,1,group,0,0,0,1,0,0,0,medium,group-targeted hateful language,synthetic_tanglish
TCB1105,ava nee total dummy comment section la poda,Tanglish,1,other,1,0,0,0,0,0,0,medium,direct personal insult,synthetic_tanglish
TCB1106,dei poda mental daily,Tanglish,1,individual,0,0,0,0,0,0,1,low,profane or abusive wording,synthetic_tanglish
TCB1107,later discuss pannalam bro,Tanglish,0,none,0,0,0,0,0,0,0,none,"normal, neutral, or supportive statement",synthetic_tanglish
TCB1108,da inniku session epdi pochu inniku,Tanglish,0,none,0,0,0,0,0,0,0,none,"normal, neutral, or supportive statement",synthetic_tanglish
TCB1109,macha andha group people ellam mosam comment section la nu,Tanglish,1,group,0,0,0,1,0,0,0,high,group-targeted hateful language,synthetic_tanglish
TCB1110,bro consent illama private photo kekkadha chat la da,Tanglish,1,individual,0,0,0,0,0,1,0,medium,unwanted sexual pressure or abusive sexual request,synthetic_tanglish
TCB1111,ivan poda poi velaiya paaru daily poda,Tanglish,1,individual,1,0,0,0,0,0,1,medium,profane or abusive wording,synthetic_tanglish
TCB1112,true bro thanks for helping me macha,Tanglish,0,none,0,0,0,0,0,0,0,none,"normal, neutral, or supportive statement",synthetic_tanglish
TCB1113,nice ah super ah panniruka bro,Tanglish,0,none,0,0,0,0,0,0,0,none,"normal, neutral, or supportive statement",synthetic_tanglish
TCB1114,un effort romba nalla irukku,Tanglish,0,none,0,0,0,0,0,0,0,none,"normal, neutral, or supportive statement",synthetic_tanglish
TCB1115,macha unna physical ah attack panniduven daily podi,Tanglish,1,individual,0,1,1,0,0,0,0,high,reference to physical harm,synthetic_tanglish
TCB1116,bro nee careful ah iru intha post la macha,Tanglish,1,other,0,1,1,0,0,0,0,high,threatening language,synthetic_tanglish
TCB1117,ava sexual content anuppi disturb panna koodadhu message la poda,Tanglish,1,other,0,0,0,0,1,1,0,medium,unwanted sexual pressure or abusive sexual request,synthetic_tanglish
TCB1118,listen un appearance pathi unwanted comment poda vendam online la bro,Tanglish,1,individual,0,0,0,0,1,0,0,high,unwanted sexualized or appearance-based harassment,synthetic_tanglish
TCB1119,listen innoru thadava ippadi pesina serious ah irukkum online la la,Tanglish,1,individual,0,1,0,0,0,0,0,medium,threatening language,synthetic_tanglish
TCB1120,seriously avanga madhiri people inga vendaam intha post la da,Tanglish,1,group,0,0,0,1,0,0,0,medium,group-targeted hateful language,synthetic_tanglish
TCB1121,da happy for your progress da,Tanglish,0,none,0,0,0,0,0,0,0,none,"normal, neutral, or supportive statement",synthetic_tanglish
TCB1122,super ah panniruka today,Tanglish,0,none,0,0,0,0,0,0,0,none,"normal, neutral, or supportive statement",synthetic_tanglish
TCB1123,listen andha group people ellam mosam chat la ippo,Tanglish,1,group,0,0,0,1,0,0,0,medium,group-targeted hateful language,synthetic_tanglish
TCB1124,macha un body pathi public ah pesa vendam intha post la macha,Tanglish,1,individual,0,0,0,0,1,0,0,medium,unwanted sexualized or appearance-based harassment,synthetic_tanglish
TCB1125,listen dei poda inga online la ippo,Tanglish,1,individual,0,0,0,0,0,0,1,low,profane or abusive wording,synthetic_tanglish
TCB1126,da meeting five mani ku irukku macha,Tanglish,0,none,0,0,0,0,0,0,0,none,"normal, neutral, or supportive statement",synthetic_tanglish
TCB1127,bro naan unakku support panren la,Tanglish,0,none,0,0,0,0,0,0,0,none,"normal, neutral, or supportive statement",synthetic_tanglish
TCB1128,dei podi poi ukkaru social media la da,Tanglish,1,individual,1,0,0,0,0,0,1,medium,profane or abusive wording,synthetic_tanglish
TCB1129,true bro seri paakalam,Tanglish,0,none,0,0,0,0,0,0,0,none,"normal, neutral, or supportive statement",synthetic_tanglish
TCB1130,yes rest eduthuko da,Tanglish,0,none,0,0,0,0,0,0,0,none,"normal, neutral, or supportive statement",synthetic_tanglish
TCB1131,nice ah movie epdi irundhuchu,Tanglish,0,none,0,0,0,0,0,0,0,none,"normal, neutral, or supportive statement",synthetic_tanglish
TCB1132,assignment submit pannitiya bro,Tanglish,0,none,0,0,0,0,0,0,0,none,"normal, neutral, or supportive statement",synthetic_tanglish
TCB1133,seri nee daily improve aagite irukka,Tanglish,0,none,0,0,0,0,0,0,0,none,"normal, neutral, or supportive statement",synthetic_tanglish
TCB1134,nee nee romba pathetic intha post la nu,Tanglish,1,individual,1,0,0,0,0,0,0,low,direct personal insult,synthetic_tanglish
TCB1135,ivan dei mokka daily poda,Tanglish,1,individual,1,0,0,0,0,0,1,medium,profane or abusive wording,synthetic_tanglish
TCB1136,nee dei poda inga inga da,Tanglish,1,other,0,0,0,0,0,0,1,medium,profane or abusive wording,synthetic_tanglish
TCB1137,ivan private photo share panna force pannadha comment section la la,Tanglish,1,individual,0,0,0,0,0,1,0,high,unwanted sexual pressure or abusive sexual request,synthetic_tanglish
TCB1138,bro good job bro today,Tanglish,0,none,0,0,0,0,0,0,0,none,"normal, neutral, or supportive statement",synthetic_tanglish
TCB1139,bro unakku basic knowledge kooda illa public ah da,Tanglish,1,individual,1,0,0,0,0,0,0,medium,direct personal insult,synthetic_tanglish
TCB1140,nee oru joker online la ah,Tanglish,1,individual,1,0,0,0,0,0,1,medium,direct personal insult,synthetic_tanglish
TCB1141,bro nee romba pathetic intha post la podi,Tanglish,1,other,1,0,0,0,0,0,0,medium,direct personal insult,synthetic_tanglish
TCB1142,true bro thanks for helping me nu,Tanglish,0,none,0,0,0,0,0,0,0,none,"normal, neutral, or supportive statement",synthetic_tanglish
TCB1143,dei podi dei chat la bro,Tanglish,1,other,1,0,0,0,0,0,1,low,profane or abusive wording,synthetic_tanglish
TCB1144,ivan unwanted sexual message anuppadha comment section la poda,Tanglish,1,other,0,0,0,0,1,1,0,medium,unwanted sexual pressure or abusive sexual request,synthetic_tanglish
TCB1145,bro andha people ellam problem public ah,Tanglish,1,group,0,0,0,1,0,0,0,medium,group-targeted hateful language,synthetic_tanglish
TCB1146,nice ah correct ah sonna,Tanglish,0,none,0,0,0,0,0,0,0,none,"normal, neutral, or supportive statement",synthetic_tanglish
TCB1147,listen andha community ah nambave mudiyadhu message la bro,Tanglish,1,group,0,0,0,1,0,0,0,high,group-targeted hateful language,synthetic_tanglish
TCB1148,macha nee romba pathetic daily ippo,Tanglish,1,other,1,0,0,0,0,0,1,low,direct personal insult,synthetic_tanglish
TCB1149,da database update panniten la,Tanglish,0,none,0,0,0,0,0,0,0,none,"normal, neutral, or supportive statement",synthetic_tanglish
TCB1150,movie epdi irundhuchu nu,Tanglish,0,none,0,0,0,0,0,0,0,none,"normal, neutral, or supportive statement",synthetic_tanglish
TCB1151,bro sexual content anuppi disturb panna koodadhu daily la,Tanglish,1,individual,0,0,0,0,0,1,0,medium,unwanted sexual pressure or abusive sexual request,synthetic_tanglish
TCB1152,ivan nee oru muttaal intha post la bro,Tanglish,1,other,1,0,0,0,0,0,1,low,direct personal insult,synthetic_tanglish
TCB1153,andha group people ellam mosam inga poda,Tanglish,1,group,0,0,0,1,0,0,0,medium,group-targeted hateful language,synthetic_tanglish
TCB1154,dei consent illama private photo kekkadha online la la,Tanglish,1,other,0,0,0,0,1,1,0,medium,unwanted sexual pressure or abusive sexual request,synthetic_tanglish
TCB1155,honestly all the best da macha,Tanglish,0,none,0,0,0,0,0,0,0,none,"normal, neutral, or supportive statement",synthetic_tanglish
TCB1156,da semma performance 👍,Tanglish,0,none,0,0,0,0,0,0,0,none,"normal, neutral, or supportive statement",synthetic_tanglish
TCB1157,nee un body ah comment panni disturb pannadha chat la macha,Tanglish,1,individual,0,0,0,0,1,0,0,high,unwanted sexualized or appearance-based harassment,synthetic_tanglish
TCB1158,da semma performance la,Tanglish,0,none,0,0,0,0,0,0,0,none,"normal, neutral, or supportive statement",synthetic_tanglish
TCB1159,enna oru mokka person intha post la poda,Tanglish,1,other,1,0,0,0,0,0,1,medium,direct personal insult,synthetic_tanglish
TCB1160,nee unnoda actions ku answer kudukkanum chat la ah,Tanglish,1,other,0,1,0,0,0,0,0,high,threatening language,synthetic_tanglish
TCB1161,yes indha idea useful ah irukku la,Tanglish,0,none,0,0,0,0,0,0,0,none,"normal, neutral, or supportive statement",synthetic_tanglish
TCB1162,bro private content force panna vendam daily bro,Tanglish,1,individual,0,0,0,0,0,1,0,high,unwanted sexual pressure or abusive sexual request,synthetic_tanglish
TCB1163,nice ah semma performance,Tanglish,0,none,0,0,0,0,0,0,0,none,"normal, neutral, or supportive statement",synthetic_tanglish
TCB1164,class nalla irundhucha 👍,Tanglish,0,none,0,0,0,0,0,0,0,none,"normal, neutral, or supportive statement",synthetic_tanglish
TCB1165,true bro all the best da bro,Tanglish,0,none,0,0,0,0,0,0,0,none,"normal, neutral, or supportive statement",synthetic_tanglish
TCB1166,actually later discuss pannalam,Tanglish,0,none,0,0,0,0,0,0,0,none,"normal, neutral, or supportive statement",synthetic_tanglish
TCB1167,indha idea useful ah irukku inniku,Tanglish,0,none,0,0,0,0,0,0,0,none,"normal, neutral, or supportive statement",synthetic_tanglish
TCB1168,presentation clear ah irundhuchu nu,Tanglish,0,none,0,0,0,0,0,0,0,none,"normal, neutral, or supportive statement",synthetic_tanglish
TCB1169,bro good job bro honestly,Tanglish,0,none,0,0,0,0,0,0,0,none,"normal, neutral, or supportive statement",synthetic_tanglish
TCB1170,macha un photo ku sexual comment podradhu wrong inga ah,Tanglish,1,individual,0,0,0,0,1,0,0,high,unwanted sexualized or appearance-based harassment,synthetic_tanglish
TCB1171,seri un effort romba nalla irukku macha,Tanglish,0,none,0,0,0,0,0,0,0,none,"normal, neutral, or supportive statement",synthetic_tanglish
TCB1172,nee unna adikka varuven message la la,Tanglish,1,individual,0,0,1,0,0,0,0,medium,reference to physical harm,synthetic_tanglish
TCB1173,nice ah keep going bro la,Tanglish,0,none,0,0,0,0,0,0,0,none,"normal, neutral, or supportive statement",synthetic_tanglish
TCB1174,ava unakku physical harm panniduven public ah da,Tanglish,1,other,0,1,1,0,0,0,0,high,reference to physical harm,synthetic_tanglish
TCB1175,dei un body pathi public ah pesa vendam daily bro,Tanglish,1,other,0,0,0,0,1,0,0,medium,unwanted sexualized or appearance-based harassment,synthetic_tanglish
TCB1176,nice ah happy for your progress da,Tanglish,0,none,0,0,0,0,0,0,0,none,"normal, neutral, or supportive statement",synthetic_tanglish
TCB1177,rest eduthuko bro,Tanglish,0,none,0,0,0,0,0,0,0,none,"normal, neutral, or supportive statement",synthetic_tanglish
TCB1178,bro fight panna vandha paathukalam message la macha,Tanglish,1,other,0,0,1,0,0,0,0,high,reference to physical harm,synthetic_tanglish
TCB1179,macha unakku physical harm panniduven social media la ah,Tanglish,1,individual,0,0,1,0,0,0,0,medium,reference to physical harm,synthetic_tanglish
TCB1180,listen unakku physical harm panniduven online la,Tanglish,1,individual,0,1,1,0,0,0,0,high,reference to physical harm,synthetic_tanglish
TCB1181,honestly movie epdi irundhuchu da,Tanglish,0,none,0,0,0,0,0,0,0,none,"normal, neutral, or supportive statement",synthetic_tanglish
TCB1182,macha solution useful ah irukku,Tanglish,0,none,0,0,0,0,0,0,0,none,"normal, neutral, or supportive statement",synthetic_tanglish
TCB1183,nee fight panna vandha paathukalam online la macha,Tanglish,1,individual,0,0,1,0,0,0,0,high,reference to physical harm,synthetic_tanglish
TCB1184,seri naalaikku continue pannalam nu,Tanglish,0,none,0,0,0,0,0,0,0,none,"normal, neutral, or supportive statement",synthetic_tanglish
TCB1185,poda loosu inga la,Tanglish,1,individual,0,0,0,0,0,0,1,medium,profane or abusive wording,synthetic_tanglish
TCB1186,nice ah presentation clear ah irundhuchu,Tanglish,0,none,0,0,0,0,0,0,0,none,"normal, neutral, or supportive statement",synthetic_tanglish
TCB1187,unwanted sexual message anuppadha comment section la la,Tanglish,1,individual,0,0,0,0,1,1,0,medium,unwanted sexual pressure or abusive sexual request,synthetic_tanglish
TCB1188,seriously nee oru joker daily ippo,Tanglish,1,other,1,0,0,0,0,0,0,low,direct personal insult,synthetic_tanglish
TCB1189,honestly presentation clear ah irundhuchu 👍,Tanglish,0,none,0,0,0,0,0,0,0,none,"normal, neutral, or supportive statement",synthetic_tanglish
TCB1190,food saptiya inniku,Tanglish,0,none,0,0,0,0,0,0,0,none,"normal, neutral, or supportive statement",synthetic_tanglish
TCB1191,da thanks for helping me macha,Tanglish,0,none,0,0,0,0,0,0,0,none,"normal, neutral, or supportive statement",synthetic_tanglish
TCB1192,un effort romba nalla irukku macha,Tanglish,0,none,0,0,0,0,0,0,0,none,"normal, neutral, or supportive statement",synthetic_tanglish
TCB1193,da code check pannitu sollu da,Tanglish,0,none,0,0,0,0,0,0,0,none,"normal, neutral, or supportive statement",synthetic_tanglish
TCB1194,ava innoru message anuppina paathuko inga nu,Tanglish,1,individual,0,1,1,0,0,0,0,medium,threatening language,synthetic_tanglish
TCB1195,bro un body ah comment panni disturb pannadha la,Tanglish,1,individual,0,0,0,0,1,0,0,high,unwanted sexualized or appearance-based harassment,synthetic_tanglish
TCB1196,ava unna physical ah attack panniduven chat la da,Tanglish,1,individual,0,1,1,0,0,0,0,high,reference to physical harm,synthetic_tanglish
TCB1197,da naan unakku support panren nu,Tanglish,0,none,0,0,0,0,0,0,0,none,"normal, neutral, or supportive statement",synthetic_tanglish
TCB1198,seriously nee oru muttaal social media la ippo,Tanglish,1,other,1,0,0,0,0,0,1,medium,direct personal insult,synthetic_tanglish
TCB1199,seri code check pannitu sollu,Tanglish,0,none,0,0,0,0,0,0,0,none,"normal, neutral, or supportive statement",synthetic_tanglish
TCB1200,actually assignment submit pannitiya da,Tanglish,0,none,0,0,0,0,0,0,0,none,"normal, neutral, or supportive statement",synthetic_tanglish
TCB1201,dei sandaila unna adikka thonudhu online la nu,Tanglish,1,individual,0,1,1,0,0,0,0,medium,reference to physical harm,synthetic_tanglish
TCB1202,bro food saptiya honestly,Tanglish,0,none,0,0,0,0,0,0,0,none,"normal, neutral, or supportive statement",synthetic_tanglish
TCB1203,actually keep going bro macha,Tanglish,0,none,0,0,0,0,0,0,0,none,"normal, neutral, or supportive statement",synthetic_tanglish
TCB1204,nee daily improve aagite irukka la,Tanglish,0,none,0,0,0,0,0,0,0,none,"normal, neutral, or supportive statement",synthetic_tanglish
TCB1205,bro presentation clear ah irundhuchu la,Tanglish,0,none,0,0,0,0,0,0,0,none,"normal, neutral, or supportive statement",synthetic_tanglish
TCB1206,bro unna adikka varuven inga poda,Tanglish,1,individual,0,1,1,0,0,0,0,medium,reference to physical harm,synthetic_tanglish
TCB1207,nice ah inniku session epdi pochu la,Tanglish,0,none,0,0,0,0,0,0,0,none,"normal, neutral, or supportive statement",synthetic_tanglish
TCB1208,honestly database update panniten 👍,Tanglish,0,none,0,0,0,0,0,0,0,none,"normal, neutral, or supportive statement",synthetic_tanglish
TCB1209,seri solution useful ah irukku inniku,Tanglish,0,none,0,0,0,0,0,0,0,none,"normal, neutral, or supportive statement",synthetic_tanglish
TCB1210,seri code check pannitu sollu bro,Tanglish,0,none,0,0,0,0,0,0,0,none,"normal, neutral, or supportive statement",synthetic_tanglish
TCB1211,personal appearance ah target panni tease pannadha inga la,Tanglish,1,other,0,0,0,0,1,0,0,medium,unwanted sexualized or appearance-based harassment,synthetic_tanglish
TCB1212,unna hurt panniduven inga ah,Tanglish,1,other,0,1,1,0,0,0,0,high,reference to physical harm,synthetic_tanglish
TCB1213,bro avanga ellarum same madhiri online la da,Tanglish,1,group,0,0,0,1,0,0,0,medium,group-targeted hateful language,synthetic_tanglish
TCB1214,seriously poda dei inga podi,Tanglish,1,other,0,0,0,0,0,0,1,low,profane or abusive wording,synthetic_tanglish
TCB1215,dei nee oru embarrassment public ah ippo,Tanglish,1,individual,1,0,0,0,0,0,1,low,direct personal insult,synthetic_tanglish
TCB1216,macha private photo share panna force pannadha daily la,Tanglish,1,other,0,0,0,0,0,1,0,high,unwanted sexual pressure or abusive sexual request,synthetic_tanglish
TCB1217,nee unakku consequences irukkum comment section la poda,Tanglish,1,other,0,1,1,0,0,0,0,high,threatening language,synthetic_tanglish
TCB1218,nee sexual content anuppi disturb panna koodadhu intha post la ippo,Tanglish,1,individual,0,0,0,0,0,1,0,high,unwanted sexual pressure or abusive sexual request,synthetic_tanglish
TCB1219,macha presentation clear ah irundhuchu da,Tanglish,0,none,0,0,0,0,0,0,0,none,"normal, neutral, or supportive statement",synthetic_tanglish
TCB1220,later discuss pannalam inniku,Tanglish,0,none,0,0,0,0,0,0,0,none,"normal, neutral, or supportive statement",synthetic_tanglish
TCB1221,private content force panna vendam comment section la,Tanglish,1,other,0,0,0,0,1,1,0,high,unwanted sexual pressure or abusive sexual request,synthetic_tanglish
TCB1222,bro class nalla irundhucha bro,Tanglish,0,none,0,0,0,0,0,0,0,none,"normal, neutral, or supportive statement",synthetic_tanglish
TCB1223,nee sandaila unna adikka thonudhu public ah bro,Tanglish,1,individual,0,0,1,0,0,0,0,high,reference to physical harm,synthetic_tanglish
TCB1224,dei nee nee oru joker daily bro,Tanglish,1,other,1,0,0,0,0,0,0,medium,direct personal insult,synthetic_tanglish
TCB1225,team work nalla pannenga inniku,Tanglish,0,none,0,0,0,0,0,0,0,none,"normal, neutral, or supportive statement",synthetic_tanglish
TCB1226,yes later discuss pannalam bro,Tanglish,0,none,0,0,0,0,0,0,0,none,"normal, neutral, or supportive statement",synthetic_tanglish
TCB1227,bro nice explanation,Tanglish,0,none,0,0,0,0,0,0,0,none,"normal, neutral, or supportive statement",synthetic_tanglish
TCB1228,nice ah keep going bro macha,Tanglish,0,none,0,0,0,0,0,0,0,none,"normal, neutral, or supportive statement",synthetic_tanglish
TCB1229,seri code check pannitu sollu macha,Tanglish,0,none,0,0,0,0,0,0,0,none,"normal, neutral, or supportive statement",synthetic_tanglish
TCB1230,seriously ava mela unwanted comments podradhu harassment nu,Tanglish,1,individual,0,0,0,0,1,0,0,high,unwanted sexualized or appearance-based harassment,synthetic_tanglish
TCB1231,nice ah semma performance macha,Tanglish,0,none,0,0,0,0,0,0,0,none,"normal, neutral, or supportive statement",synthetic_tanglish
TCB1232,listen nee careful ah iru social media la macha,Tanglish,1,individual,0,1,1,0,0,0,0,high,threatening language,synthetic_tanglish
TCB1233,true bro inniku session epdi pochu bro,Tanglish,0,none,0,0,0,0,0,0,0,none,"normal, neutral, or supportive statement",synthetic_tanglish
TCB1234,personal appearance ah target panni tease pannadha intha post la macha,Tanglish,1,other,0,0,0,0,1,0,0,medium,unwanted sexualized or appearance-based harassment,synthetic_tanglish
TCB1235,seri all the best da today,Tanglish,0,none,0,0,0,0,0,0,0,none,"normal, neutral, or supportive statement",synthetic_tanglish
TCB1236,actually meeting five mani ku irukku honestly,Tanglish,0,none,0,0,0,0,0,0,0,none,"normal, neutral, or supportive statement",synthetic_tanglish
TCB1237,ivan nee oru joker public ah nu,Tanglish,1,individual,1,0,0,0,0,0,0,low,direct personal insult,synthetic_tanglish
TCB1238,listen private photo share panna force pannadha comment section la nu,Tanglish,1,individual,0,0,0,0,1,1,0,high,unwanted sexual pressure or abusive sexual request,synthetic_tanglish
TCB1239,nee consent illama sexual request pannadha poda,Tanglish,1,individual,0,0,0,0,0,1,0,medium,unwanted sexual pressure or abusive sexual request,synthetic_tanglish
TCB1240,seri nee daily improve aagite irukka macha,Tanglish,0,none,0,0,0,0,0,0,0,none,"normal, neutral, or supportive statement",synthetic_tanglish
TCB1241,dei nee nee oru joker comment section la macha,Tanglish,1,individual,1,0,0,0,0,0,1,medium,direct personal insult,synthetic_tanglish
TCB1242,un body pathi public ah pesa vendam public ah da,Tanglish,1,individual,0,0,0,0,1,0,0,medium,unwanted sexualized or appearance-based harassment,synthetic_tanglish
TCB1243,dei nee innoru message anuppina paathuko da,Tanglish,1,individual,0,1,1,0,0,0,0,high,threatening language,synthetic_tanglish
TCB1244,actually project nalla develop aaguthu 👍,Tanglish,0,none,0,0,0,0,0,0,0,none,"normal, neutral, or supportive statement",synthetic_tanglish
TCB1245,seriously unna damage panniduven message la nu,Tanglish,1,individual,0,1,1,0,0,0,0,high,reference to physical harm,synthetic_tanglish
TCB1246,seri code check pannitu sollu inniku,Tanglish,0,none,0,0,0,0,0,0,0,none,"normal, neutral, or supportive statement",synthetic_tanglish
TCB1247,dei nee podi da intha post la bro,Tanglish,1,individual,0,0,0,0,0,0,1,medium,profane or abusive wording,synthetic_tanglish
TCB1248,bro un effort romba nalla irukku honestly,Tanglish,0,none,0,0,0,0,0,0,0,none,"normal, neutral, or supportive statement",synthetic_tanglish
TCB1249,honestly meeting five mani ku irukku 👍,Tanglish,0,none,0,0,0,0,0,0,0,none,"normal, neutral, or supportive statement",synthetic_tanglish
TCB1250,ivan ava mela unwanted comments podradhu harassment online la ah,Tanglish,1,individual,0,0,0,0,1,0,0,high,unwanted sexualized or appearance-based harassment,synthetic_tanglish
TCB1251,nee avanai poi adichidu online la bro,Tanglish,1,other,0,1,1,0,0,0,0,high,reference to physical harm,synthetic_tanglish
TCB1252,nee enna paaru naan unna paathukuren public ah,Tanglish,1,individual,0,1,0,0,0,0,0,medium,threatening language,synthetic_tanglish
TCB1253,true bro later discuss pannalam honestly,Tanglish,0,none,0,0,0,0,0,0,0,none,"normal, neutral, or supportive statement",synthetic_tanglish
TCB1254,dei fight panna vandha paathukalam inga podi,Tanglish,1,individual,0,1,1,0,0,0,0,high,reference to physical harm,synthetic_tanglish
TCB1255,macha avanga madhiri people inga vendaam inga macha,Tanglish,1,group,0,0,0,1,0,0,0,medium,group-targeted hateful language,synthetic_tanglish
TCB1256,bro unakku nalla warning idhu message la bro,Tanglish,1,individual,0,1,0,0,0,0,0,medium,threatening language,synthetic_tanglish
TCB1257,seriously online la unwanted sexual attention kudukkadha bro,Tanglish,1,individual,0,0,0,0,1,0,0,medium,unwanted sexualized or appearance-based harassment,synthetic_tanglish
TCB1258,da all the best da 👍,Tanglish,0,none,0,0,0,0,0,0,0,none,"normal, neutral, or supportive statement",synthetic_tanglish
TCB1259,bro super ah panniruka da,Tanglish,0,none,0,0,0,0,0,0,0,none,"normal, neutral, or supportive statement",synthetic_tanglish
TCB1260,true bro class nalla irundhucha da,Tanglish,0,none,0,0,0,0,0,0,0,none,"normal, neutral, or supportive statement",synthetic_tanglish
TCB1261,seriously andha community people romba kevalam social media la bro,Tanglish,1,group,0,0,0,1,0,0,0,high,group-targeted hateful language,synthetic_tanglish
TCB1262,dei poda chat la macha,Tanglish,1,other,1,0,0,0,0,0,1,low,profane or abusive wording,synthetic_tanglish
TCB1263,ivan unna hurt panniduven public ah ah,Tanglish,1,individual,0,1,1,0,0,0,0,medium,reference to physical harm,synthetic_tanglish
TCB1264,dei nee un brain enga pochu public ah podi,Tanglish,1,other,1,0,0,0,0,0,1,medium,direct personal insult,synthetic_tanglish
TCB1265,true bro nee nalla work pannita macha,Tanglish,0,none,0,0,0,0,0,0,0,none,"normal, neutral, or supportive statement",synthetic_tanglish
TCB1266,macha database update panniten bro,Tanglish,0,none,0,0,0,0,0,0,0,none,"normal, neutral, or supportive statement",synthetic_tanglish
TCB1267,bro un photo paathu sexual comments podradhu wrong message la ah,Tanglish,1,other,0,0,0,0,1,0,0,medium,unwanted sexualized or appearance-based harassment,synthetic_tanglish
TCB1268,honestly team work nalla pannenga la,Tanglish,0,none,0,0,0,0,0,0,0,none,"normal, neutral, or supportive statement",synthetic_tanglish
TCB1269,macha unna vida maaten nu nenachuko message la bro,Tanglish,1,other,0,1,1,0,0,0,0,high,threatening language,synthetic_tanglish
TCB1270,nice ah solution useful ah irukku,Tanglish,0,none,0,0,0,0,0,0,0,none,"normal, neutral, or supportive statement",synthetic_tanglish
TCB1271,dei nee unakku physical harm panniduven podi,Tanglish,1,other,0,0,1,0,0,0,0,medium,reference to physical harm,synthetic_tanglish
TCB1272,dei nee ava mela unwanted comments podradhu harassment intha post la poda,Tanglish,1,individual,0,0,0,0,1,0,0,medium,unwanted sexualized or appearance-based harassment,synthetic_tanglish
TCB1273,yes team work nalla pannenga inniku,Tanglish,0,none,0,0,0,0,0,0,0,none,"normal, neutral, or supportive statement",synthetic_tanglish
TCB1274,yes thanks for helping me today,Tanglish,0,none,0,0,0,0,0,0,0,none,"normal, neutral, or supportive statement",synthetic_tanglish
TCB1275,yes food saptiya macha,Tanglish,0,none,0,0,0,0,0,0,0,none,"normal, neutral, or supportive statement",synthetic_tanglish
TCB1276,dei consent illama private photo kekkadha online la bro,Tanglish,1,individual,0,0,0,0,0,1,0,medium,unwanted sexual pressure or abusive sexual request,synthetic_tanglish
TCB1277,macha avanga ellarum same madhiri comment section la poda,Tanglish,1,group,0,0,0,1,0,0,0,medium,group-targeted hateful language,synthetic_tanglish
TCB1278,nee nee pesuradhellam mokka intha post la ah,Tanglish,1,individual,1,0,0,0,0,0,0,medium,direct personal insult,synthetic_tanglish
TCB1279,unakku physical harm panniduven comment section la ippo,Tanglish,1,individual,0,0,1,0,0,0,0,high,reference to physical harm,synthetic_tanglish
TCB1280,nice ah nee daily improve aagite irukka inniku,Tanglish,0,none,0,0,0,0,0,0,0,none,"normal, neutral, or supportive statement",synthetic_tanglish
TCB1281,actually nee nalla work pannita,Tanglish,0,none,0,0,0,0,0,0,0,none,"normal, neutral, or supportive statement",synthetic_tanglish
TCB1282,ivan nee oru loosu daily ah,Tanglish,1,individual,1,0,0,0,0,0,1,low,direct personal insult,synthetic_tanglish
TCB1283,dei nee unakku sense eh illa chat la,Tanglish,1,individual,1,0,0,0,0,0,1,medium,direct personal insult,synthetic_tanglish
TCB1284,da solution useful ah irukku today,Tanglish,0,none,0,0,0,0,0,0,0,none,"normal, neutral, or supportive statement",synthetic_tanglish
TCB1285,ava unwanted sexual message anuppadha public ah ippo,Tanglish,1,individual,0,0,0,0,0,1,0,high,unwanted sexual pressure or abusive sexual request,synthetic_tanglish
TCB1286,da solution useful ah irukku,Tanglish,0,none,0,0,0,0,0,0,0,none,"normal, neutral, or supportive statement",synthetic_tanglish
TCB1287,bro innoru thadava ippadi pesina serious ah irukkum daily da,Tanglish,1,other,0,1,1,0,0,0,0,high,threatening language,synthetic_tanglish
TCB1288,seriously andha group ellam useless message la da,Tanglish,1,group,0,0,0,1,0,0,0,medium,group-targeted hateful language,synthetic_tanglish
TCB1289,bro naan unakku support panren da,Tanglish,0,none,0,0,0,0,0,0,0,none,"normal, neutral, or supportive statement",synthetic_tanglish
TCB1290,yes un effort romba nalla irukku macha,Tanglish,0,none,0,0,0,0,0,0,0,none,"normal, neutral, or supportive statement",synthetic_tanglish
TCB1291,bro unna adichiduven inga nu,Tanglish,1,individual,0,0,1,0,0,0,0,medium,reference to physical harm,synthetic_tanglish
TCB1292,dei nee online la unwanted sexual attention kudukkadha message la la,Tanglish,1,individual,0,0,0,0,1,0,0,medium,unwanted sexualized or appearance-based harassment,synthetic_tanglish
TCB1293,dei nee un photo paathu sexual comments podradhu wrong online la,Tanglish,1,other,0,0,0,0,1,0,0,high,unwanted sexualized or appearance-based harassment,synthetic_tanglish
TCB1294,bro poda mental inga nu,Tanglish,1,individual,1,0,0,0,0,0,1,medium,profane or abusive wording,synthetic_tanglish
TCB1295,nice ah seri paakalam nu,Tanglish,0,none,0,0,0,0,0,0,0,none,"normal, neutral, or supportive statement",synthetic_tanglish
TCB1296,seri super ah panniruka nu,Tanglish,0,none,0,0,0,0,0,0,0,none,"normal, neutral, or supportive statement",synthetic_tanglish
TCB1297,bro nee daily improve aagite irukka la,Tanglish,0,none,0,0,0,0,0,0,0,none,"normal, neutral, or supportive statement",synthetic_tanglish
TCB1298,nice ah keep going bro 👍,Tanglish,0,none,0,0,0,0,0,0,0,none,"normal, neutral, or supportive statement",synthetic_tanglish
TCB1299,seriously sexual content anuppi disturb panna koodadhu chat la da,Tanglish,1,other,0,0,0,0,0,1,0,medium,unwanted sexual pressure or abusive sexual request,synthetic_tanglish
TCB1300,bro team work nalla pannenga honestly,Tanglish,0,none,0,0,0,0,0,0,0,none,"normal, neutral, or supportive statement",synthetic_tanglish
TCB1301,nee consent illama sexual request pannadha daily bro,Tanglish,1,individual,0,0,0,0,0,1,0,medium,unwanted sexual pressure or abusive sexual request,synthetic_tanglish
TCB1302,naan unna confront panren inga podi,Tanglish,1,other,0,1,1,0,0,0,0,high,threatening language,synthetic_tanglish
TCB1303,bro podi poi ukkaru intha post la poda,Tanglish,1,individual,1,0,0,0,0,0,1,low,profane or abusive wording,synthetic_tanglish
TCB1304,nee unakku brain work aagala chat la ippo,Tanglish,1,individual,1,0,0,0,0,0,1,medium,direct personal insult,synthetic_tanglish
TCB1305,macha semma performance 👍,Tanglish,0,none,0,0,0,0,0,0,0,none,"normal, neutral, or supportive statement",synthetic_tanglish
TCB1306,ava private content force panna vendam intha post la la,Tanglish,1,individual,0,0,0,0,0,1,0,medium,unwanted sexual pressure or abusive sexual request,synthetic_tanglish
TCB1307,yes nee nalla work pannita 👍,Tanglish,0,none,0,0,0,0,0,0,0,none,"normal, neutral, or supportive statement",synthetic_tanglish
TCB1308,honestly class nalla irundhucha,Tanglish,0,none,0,0,0,0,0,0,0,none,"normal, neutral, or supportive statement",synthetic_tanglish
TCB1309,bro code check pannitu sollu da,Tanglish,0,none,0,0,0,0,0,0,0,none,"normal, neutral, or supportive statement",synthetic_tanglish
TCB1310,seriously innoru thadava ippadi pesina serious ah irukkum daily ah,Tanglish,1,individual,0,1,1,0,0,0,0,high,threatening language,synthetic_tanglish
TCB1311,nice ah food saptiya 👍,Tanglish,0,none,0,0,0,0,0,0,0,none,"normal, neutral, or supportive statement",synthetic_tanglish
TCB1312,bro food saptiya today,Tanglish,0,none,0,0,0,0,0,0,0,none,"normal, neutral, or supportive statement",synthetic_tanglish
TCB1313,ivan un body ah comment panni disturb pannadha daily la,Tanglish,1,individual,0,0,0,0,1,0,0,high,unwanted sexualized or appearance-based harassment,synthetic_tanglish
TCB1314,da later discuss pannalam 👍,Tanglish,0,none,0,0,0,0,0,0,0,none,"normal, neutral, or supportive statement",synthetic_tanglish
TCB1315,listen innoru thadava ippadi pesina serious ah irukkum intha post la macha,Tanglish,1,individual,0,1,0,0,0,0,0,high,threatening language,synthetic_tanglish
TCB1316,nee un performance romba kevalam comment section la,Tanglish,1,individual,1,0,0,0,0,0,1,medium,direct personal insult,synthetic_tanglish
TCB1317,dei nee online la unwanted sexual attention kudukkadha social media la podi,Tanglish,1,other,0,0,0,0,1,0,0,high,unwanted sexualized or appearance-based harassment,synthetic_tanglish
TCB1318,yes code check pannitu sollu 👍,Tanglish,0,none,0,0,0,0,0,0,0,none,"normal, neutral, or supportive statement",synthetic_tanglish
TCB1319,nee naan unna confront panren online la ah,Tanglish,1,individual,0,1,0,0,0,0,0,high,threatening language,synthetic_tanglish
TCB1320,actually presentation clear ah irundhuchu,Tanglish,0,none,0,0,0,0,0,0,0,none,"normal, neutral, or supportive statement",synthetic_tanglish
TCB1321,macha avanga ellarum same madhiri public ah bro,Tanglish,1,group,0,0,0,1,0,0,0,high,group-targeted hateful language,synthetic_tanglish
TCB1322,dei andha community people romba kevalam social media la,Tanglish,1,group,0,0,0,1,0,0,0,medium,group-targeted hateful language,synthetic_tanglish
TCB1323,nice ah project nalla develop aaguthu bro,Tanglish,0,none,0,0,0,0,0,0,0,none,"normal, neutral, or supportive statement",synthetic_tanglish
TCB1324,honestly later discuss pannalam macha,Tanglish,0,none,0,0,0,0,0,0,0,none,"normal, neutral, or supportive statement",synthetic_tanglish
TCB1325,actually class nalla irundhucha da,Tanglish,0,none,0,0,0,0,0,0,0,none,"normal, neutral, or supportive statement",synthetic_tanglish
TCB1326,yes naan unakku support panren bro,Tanglish,0,none,0,0,0,0,0,0,0,none,"normal, neutral, or supportive statement",synthetic_tanglish
TCB1327,da happy for your progress macha,Tanglish,0,none,0,0,0,0,0,0,0,none,"normal, neutral, or supportive statement",synthetic_tanglish
TCB1328,seri naalaikku continue pannalam la,Tanglish,0,none,0,0,0,0,0,0,0,none,"normal, neutral, or supportive statement",synthetic_tanglish
TCB1329,un performance romba kevalam comment section la macha,Tanglish,1,other,1,0,0,0,0,0,0,medium,direct personal insult,synthetic_tanglish
TCB1330,listen nee oru waste fellow inga,Tanglish,1,other,1,0,0,0,0,0,1,medium,direct personal insult,synthetic_tanglish
TCB1331,bro project nalla develop aaguthu today,Tanglish,0,none,0,0,0,0,0,0,0,none,"normal, neutral, or supportive statement",synthetic_tanglish
TCB1332,macha indha idea useful ah irukku 👍,Tanglish,0,none,0,0,0,0,0,0,0,none,"normal, neutral, or supportive statement",synthetic_tanglish
TCB1333,yes movie epdi irundhuchu da,Tanglish,0,none,0,0,0,0,0,0,0,none,"normal, neutral, or supportive statement",synthetic_tanglish
TCB1334,unwanted sexual message anuppadha intha post la,Tanglish,1,individual,0,0,0,0,1,1,0,high,unwanted sexual pressure or abusive sexual request,synthetic_tanglish
TCB1335,true bro good job bro today,Tanglish,0,none,0,0,0,0,0,0,0,none,"normal, neutral, or supportive statement",synthetic_tanglish
TCB1336,honestly un effort romba nalla irukku nu,Tanglish,0,none,0,0,0,0,0,0,0,none,"normal, neutral, or supportive statement",synthetic_tanglish
TCB1337,macha unakku consequences irukkum social media la da,Tanglish,1,individual,0,1,0,0,0,0,0,high,threatening language,synthetic_tanglish
TCB1338,seri movie epdi irundhuchu inniku,Tanglish,0,none,0,0,0,0,0,0,0,none,"normal, neutral, or supportive statement",synthetic_tanglish
TCB1339,true bro movie epdi irundhuchu macha,Tanglish,0,none,0,0,0,0,0,0,0,none,"normal, neutral, or supportive statement",synthetic_tanglish
TCB1340,bro class nalla irundhucha macha,Tanglish,0,none,0,0,0,0,0,0,0,none,"normal, neutral, or supportive statement",synthetic_tanglish
TCB1341,seri code check pannitu sollu today,Tanglish,0,none,0,0,0,0,0,0,0,none,"normal, neutral, or supportive statement",synthetic_tanglish
TCB1342,macha consent illama private photo kekkadha online la nu,Tanglish,1,individual,0,0,0,0,1,1,0,medium,unwanted sexual pressure or abusive sexual request,synthetic_tanglish
TCB1343,honestly nee nalla work pannita 👍,Tanglish,0,none,0,0,0,0,0,0,0,none,"normal, neutral, or supportive statement",synthetic_tanglish
TCB1344,ava nee romba stupid online la da,Tanglish,1,individual,1,0,0,0,0,0,1,medium,direct personal insult,synthetic_tanglish
TCB1345,seriously avanga ellarum same madhiri inga poda,Tanglish,1,group,0,0,0,1,0,0,0,medium,group-targeted hateful language,synthetic_tanglish
TCB1346,bro correct ah sonna 👍,Tanglish,0,none,0,0,0,0,0,0,0,none,"normal, neutral, or supportive statement",synthetic_tanglish
TCB1347,thanks for helping me inniku,Tanglish,0,none,0,0,0,0,0,0,0,none,"normal, neutral, or supportive statement",synthetic_tanglish
TCB1348,macha later discuss pannalam bro,Tanglish,0,none,0,0,0,0,0,0,0,none,"normal, neutral, or supportive statement",synthetic_tanglish
TCB1349,nice ah naan unakku support panren inniku,Tanglish,0,none,0,0,0,0,0,0,0,none,"normal, neutral, or supportive statement",synthetic_tanglish
TCB1350,dei nee ava mela unwanted comments podradhu harassment online la podi,Tanglish,1,individual,0,0,0,0,1,0,0,medium,unwanted sexualized or appearance-based harassment,synthetic_tanglish
TCB1351,true bro thanks for helping me,Tanglish,0,none,0,0,0,0,0,0,0,none,"normal, neutral, or supportive statement",synthetic_tanglish
TCB1352,honestly naalaikku continue pannalam la,Tanglish,0,none,0,0,0,0,0,0,0,none,"normal, neutral, or supportive statement",synthetic_tanglish
TCB1353,ivan andha community ah nambave mudiyadhu inga da,Tanglish,1,group,0,0,0,1,0,0,0,medium,group-targeted hateful language,synthetic_tanglish
TCB1354,yes code check pannitu sollu bro,Tanglish,0,none,0,0,0,0,0,0,0,none,"normal, neutral, or supportive statement",synthetic_tanglish
TCB1355,un effort romba nalla irukku nu,Tanglish,0,none,0,0,0,0,0,0,0,none,"normal, neutral, or supportive statement",synthetic_tanglish
TCB1356,sexual content anuppi disturb panna koodadhu comment section la,Tanglish,1,individual,0,0,0,0,0,1,0,high,unwanted sexual pressure or abusive sexual request,synthetic_tanglish
TCB1357,nee enna paaru naan unna paathukuren intha post la ippo,Tanglish,1,other,0,1,1,0,0,0,0,medium,threatening language,synthetic_tanglish
TCB1358,bro unna hurt panniduven daily ah,Tanglish,1,other,0,0,1,0,0,0,0,medium,reference to physical harm,synthetic_tanglish
TCB1359,nice ah happy for your progress bro,Tanglish,0,none,0,0,0,0,0,0,0,none,"normal, neutral, or supportive statement",synthetic_tanglish
TCB1360,honestly good job bro nu,Tanglish,0,none,0,0,0,0,0,0,0,none,"normal, neutral, or supportive statement",synthetic_tanglish
TCB1361,unnoda actions ku answer kudukkanum inga,Tanglish,1,individual,0,1,0,0,0,0,0,high,threatening language,synthetic_tanglish
TCB1362,yes super ah panniruka,Tanglish,0,none,0,0,0,0,0,0,0,none,"normal, neutral, or supportive statement",synthetic_tanglish
TCB1363,yes code check pannitu sollu,Tanglish,0,none,0,0,0,0,0,0,0,none,"normal, neutral, or supportive statement",synthetic_tanglish
TCB1364,listen nee total dummy message la macha,Tanglish,1,other,1,0,0,0,0,0,0,low,direct personal insult,synthetic_tanglish
TCB1365,yes assignment submit pannitiya bro,Tanglish,0,none,0,0,0,0,0,0,0,none,"normal, neutral, or supportive statement",synthetic_tanglish
TCB1366,actually later discuss pannalam da,Tanglish,0,none,0,0,0,0,0,0,0,none,"normal, neutral, or supportive statement",synthetic_tanglish
TCB1367,true bro good job bro macha,Tanglish,0,none,0,0,0,0,0,0,0,none,"normal, neutral, or supportive statement",synthetic_tanglish
TCB1368,actually class nalla irundhucha la,Tanglish,0,none,0,0,0,0,0,0,0,none,"normal, neutral, or supportive statement",synthetic_tanglish
TCB1369,dei poda waste chat la,Tanglish,1,other,0,0,0,0,0,0,1,medium,profane or abusive wording,synthetic_tanglish
TCB1370,yes un effort romba nalla irukku inniku,Tanglish,0,none,0,0,0,0,0,0,0,none,"normal, neutral, or supportive statement",synthetic_tanglish
TCB1371,true bro good job bro da,Tanglish,0,none,0,0,0,0,0,0,0,none,"normal, neutral, or supportive statement",synthetic_tanglish
TCB1372,nice ah code check pannitu sollu 👍,Tanglish,0,none,0,0,0,0,0,0,0,none,"normal, neutral, or supportive statement",synthetic_tanglish
TCB1373,avanga group ah support panna koodadhu intha post la ah,Tanglish,1,group,0,0,0,1,0,0,0,medium,group-targeted hateful language,synthetic_tanglish
TCB1374,bro inniku session epdi pochu bro,Tanglish,0,none,0,0,0,0,0,0,0,none,"normal, neutral, or supportive statement",synthetic_tanglish
TCB1375,dei nee consent illama sexual request pannadha intha post la podi,Tanglish,1,individual,0,0,0,0,0,1,0,medium,unwanted sexual pressure or abusive sexual request,synthetic_tanglish
TCB1376,ava avanga madhiri people inga vendaam chat la poda,Tanglish,1,group,0,0,0,1,0,0,0,high,group-targeted hateful language,synthetic_tanglish
TCB1377,seriously nee pesuradhellam mokka public ah nu,Tanglish,1,individual,1,0,0,0,0,0,0,low,direct personal insult,synthetic_tanglish
TCB1378,honestly good job bro honestly,Tanglish,0,none,0,0,0,0,0,0,0,none,"normal, neutral, or supportive statement",synthetic_tanglish
TCB1379,honestly later discuss pannalam today,Tanglish,0,none,0,0,0,0,0,0,0,none,"normal, neutral, or supportive statement",synthetic_tanglish
TCB1380,yes semma performance macha,Tanglish,0,none,0,0,0,0,0,0,0,none,"normal, neutral, or supportive statement",synthetic_tanglish
TCB1381,bro food saptiya nu,Tanglish,0,none,0,0,0,0,0,0,0,none,"normal, neutral, or supportive statement",synthetic_tanglish
TCB1382,yes naan unakku support panren 👍,Tanglish,0,none,0,0,0,0,0,0,0,none,"normal, neutral, or supportive statement",synthetic_tanglish
TCB1383,nice ah food saptiya nu,Tanglish,0,none,0,0,0,0,0,0,0,none,"normal, neutral, or supportive statement",synthetic_tanglish
TCB1384,ava andha community people romba kevalam comment section la da,Tanglish,1,group,0,0,0,1,0,0,0,medium,group-targeted hateful language,synthetic_tanglish
TCB1385,dei nee poda loosu public ah da,Tanglish,1,other,0,0,0,0,0,0,1,medium,profane or abusive wording,synthetic_tanglish
TCB1386,bro naalaikku continue pannalam macha,Tanglish,0,none,0,0,0,0,0,0,0,none,"normal, neutral, or supportive statement",synthetic_tanglish
TCB1387,actually inniku session epdi pochu nu,Tanglish,0,none,0,0,0,0,0,0,0,none,"normal, neutral, or supportive statement",synthetic_tanglish
TCB1388,honestly database update panniten bro,Tanglish,0,none,0,0,0,0,0,0,0,none,"normal, neutral, or supportive statement",synthetic_tanglish
TCB1389,nee personal appearance ah target panni tease pannadha daily nu,Tanglish,1,individual,0,0,0,0,1,0,0,high,unwanted sexualized or appearance-based harassment,synthetic_tanglish
TCB1390,seriously nee stop pannalana problem aagum online la macha,Tanglish,1,individual,0,1,1,0,0,0,0,high,threatening language,synthetic_tanglish
TCB1391,bro po da inga irundhu social media la la,Tanglish,1,individual,0,0,0,0,0,0,1,low,profane or abusive wording,synthetic_tanglish
TCB1392,presentation clear ah irundhuchu,Tanglish,0,none,0,0,0,0,0,0,0,none,"normal, neutral, or supportive statement",synthetic_tanglish
TCB1393,seriously innoru thadava ippadi pesina serious ah irukkum social media la la,Tanglish,1,individual,0,1,1,0,0,0,0,high,threatening language,synthetic_tanglish
TCB1394,bro inniku session epdi pochu honestly,Tanglish,0,none,0,0,0,0,0,0,0,none,"normal, neutral, or supportive statement",synthetic_tanglish
TCB1395,da super ah panniruka today,Tanglish,0,none,0,0,0,0,0,0,0,none,"normal, neutral, or supportive statement",synthetic_tanglish
TCB1396,ivan unwanted sexual message anuppadha nu,Tanglish,1,individual,0,0,0,0,0,1,0,medium,unwanted sexual pressure or abusive sexual request,synthetic_tanglish
TCB1397,listen nee romba stupid public ah nu,Tanglish,1,individual,1,0,0,0,0,0,0,medium,direct personal insult,synthetic_tanglish
TCB1398,nice ah inniku session epdi pochu macha,Tanglish,0,none,0,0,0,0,0,0,0,none,"normal, neutral, or supportive statement",synthetic_tanglish
TCB1399,dei nee enna oru mokka person intha post la ah,Tanglish,1,individual,1,0,0,0,0,0,1,low,direct personal insult,synthetic_tanglish
TCB1400,dei unakku consequences irukkum daily ippo,Tanglish,1,individual,0,1,0,0,0,0,0,high,threatening language,synthetic_tanglish
TCB1401,seriously sexual content anuppi disturb panna koodadhu chat la ah,Tanglish,1,individual,0,0,0,0,0,1,0,high,unwanted sexual pressure or abusive sexual request,synthetic_tanglish
TCB1402,bro nee careful ah iru message la poda,Tanglish,1,individual,0,1,0,0,0,0,0,medium,threatening language,synthetic_tanglish
TCB1403,dei nee enna pannalum naan respond panren message la poda,Tanglish,1,individual,0,1,1,0,0,0,0,high,threatening language,synthetic_tanglish
TCB1404,private photo share panna force pannadha chat la da,Tanglish,1,individual,0,0,0,0,1,1,0,high,unwanted sexual pressure or abusive sexual request,synthetic_tanglish
TCB1405,dei nee sandaila unna adikka thonudhu online la,Tanglish,1,other,0,1,1,0,0,0,0,high,reference to physical harm,synthetic_tanglish
TCB1406,bro nee pesuradhellam mokka da,Tanglish,1,individual,1,0,0,0,0,0,1,medium,direct personal insult,synthetic_tanglish
TCB1407,listen avanai poi adichidu public ah da,Tanglish,1,individual,0,1,1,0,0,0,0,high,reference to physical harm,synthetic_tanglish
TCB1408,dei unna physical ah attack panniduven ah,Tanglish,1,individual,0,0,1,0,0,0,0,high,reference to physical harm,synthetic_tanglish
TCB1409,ava innoru message anuppina paathuko social media la macha,Tanglish,1,individual,0,1,0,0,0,0,0,medium,threatening language,synthetic_tanglish
TCB1410,yes database update panniten nu,Tanglish,0,none,0,0,0,0,0,0,0,none,"normal, neutral, or supportive statement",synthetic_tanglish
TCB1411,seriously unna physical ah attack panniduven inga nu,Tanglish,1,other,0,1,1,0,0,0,0,high,reference to physical harm,synthetic_tanglish
TCB1412,honestly nee daily improve aagite irukka nu,Tanglish,0,none,0,0,0,0,0,0,0,none,"normal, neutral, or supportive statement",synthetic_tanglish
TCB1413,yes nee daily improve aagite irukka 👍,Tanglish,0,none,0,0,0,0,0,0,0,none,"normal, neutral, or supportive statement",synthetic_tanglish
TCB1414,yes naalaikku continue pannalam inniku,Tanglish,0,none,0,0,0,0,0,0,0,none,"normal, neutral, or supportive statement",synthetic_tanglish
TCB1415,dei unna adikka varuven intha post la,Tanglish,1,other,0,0,1,0,0,0,0,medium,reference to physical harm,synthetic_tanglish
TCB1416,good job bro today,Tanglish,0,none,0,0,0,0,0,0,0,none,"normal, neutral, or supportive statement",synthetic_tanglish
TCB1417,nee andha group people ellam mosam inga ah,Tanglish,1,group,0,0,0,1,0,0,0,high,group-targeted hateful language,synthetic_tanglish
TCB1418,seri project nalla develop aaguthu bro,Tanglish,0,none,0,0,0,0,0,0,0,none,"normal, neutral, or supportive statement",synthetic_tanglish
TCB1419,dei nee private content force panna vendam,Tanglish,1,individual,0,0,0,0,0,1,0,high,unwanted sexual pressure or abusive sexual request,synthetic_tanglish
TCB1420,ava andha community ah nambave mudiyadhu social media la,Tanglish,1,group,0,0,0,1,0,0,0,high,group-targeted hateful language,synthetic_tanglish
TCB1421,yes team work nalla pannenga la,Tanglish,0,none,0,0,0,0,0,0,0,none,"normal, neutral, or supportive statement",synthetic_tanglish
TCB1422,ivan nee oru loosu macha,Tanglish,1,other,1,0,0,0,0,0,1,low,direct personal insult,synthetic_tanglish
TCB1423,dei nee sexual content anuppi disturb panna koodadhu daily poda,Tanglish,1,other,0,0,0,0,0,1,0,medium,unwanted sexual pressure or abusive sexual request,synthetic_tanglish
TCB1424,actually movie epdi irundhuchu today,Tanglish,0,none,0,0,0,0,0,0,0,none,"normal, neutral, or supportive statement",synthetic_tanglish
TCB1425,da class nalla irundhucha da,Tanglish,0,none,0,0,0,0,0,0,0,none,"normal, neutral, or supportive statement",synthetic_tanglish
TCB1426,seri keep going bro 👍,Tanglish,0,none,0,0,0,0,0,0,0,none,"normal, neutral, or supportive statement",synthetic_tanglish
TCB1427,macha naalaikku continue pannalam bro,Tanglish,0,none,0,0,0,0,0,0,0,none,"normal, neutral, or supportive statement",synthetic_tanglish
TCB1428,true bro indha idea useful ah irukku today,Tanglish,0,none,0,0,0,0,0,0,0,none,"normal, neutral, or supportive statement",synthetic_tanglish
TCB1429,dei poda dei message la bro,Tanglish,1,individual,0,0,0,0,0,0,1,low,profane or abusive wording,synthetic_tanglish
TCB1430,po da inga irundhu online la podi,Tanglish,1,individual,0,0,0,0,0,0,1,low,profane or abusive wording,synthetic_tanglish
TCB1431,macha rest eduthuko da,Tanglish,0,none,0,0,0,0,0,0,0,none,"normal, neutral, or supportive statement",synthetic_tanglish
TCB1432,dei poda poi velaiya paaru chat la ah,Tanglish,1,individual,0,0,0,0,0,0,1,medium,profane or abusive wording,synthetic_tanglish
TCB1433,dei nee unakku common sense illa daily podi,Tanglish,1,individual,1,0,0,0,0,0,1,low,direct personal insult,synthetic_tanglish
TCB1434,yes indha idea useful ah irukku nu,Tanglish,0,none,0,0,0,0,0,0,0,none,"normal, neutral, or supportive statement",synthetic_tanglish
TCB1435,true bro project nalla develop aaguthu da,Tanglish,0,none,0,0,0,0,0,0,0,none,"normal, neutral, or supportive statement",synthetic_tanglish
TCB1436,macha good job bro inniku,Tanglish,0,none,0,0,0,0,0,0,0,none,"normal, neutral, or supportive statement",synthetic_tanglish
TCB1437,ivan podi poi ukkaru inga poda,Tanglish,1,other,1,0,0,0,0,0,1,medium,profane or abusive wording,synthetic_tanglish
TCB1438,macha avanga ellarum same madhiri online la poda,Tanglish,1,group,0,0,0,1,0,0,0,medium,group-targeted hateful language,synthetic_tanglish
TCB1439,dei consent illama private photo kekkadha social media la poda,Tanglish,1,individual,0,0,0,0,1,1,0,high,unwanted sexual pressure or abusive sexual request,synthetic_tanglish
TCB1440,seriously consent illama sexual request pannadha message la nu,Tanglish,1,individual,0,0,0,0,0,1,0,high,unwanted sexual pressure or abusive sexual request,synthetic_tanglish
TCB1441,un photo ku sexual comment podradhu wrong intha post la da,Tanglish,1,individual,0,0,0,0,1,0,0,high,unwanted sexualized or appearance-based harassment,synthetic_tanglish
TCB1442,bro avanga group ah support panna koodadhu daily la,Tanglish,1,group,0,0,0,1,0,0,0,high,group-targeted hateful language,synthetic_tanglish
TCB1443,da naan unakku support panren inniku,Tanglish,0,none,0,0,0,0,0,0,0,none,"normal, neutral, or supportive statement",synthetic_tanglish
TCB1444,macha un body pathi public ah pesa vendam public ah ah,Tanglish,1,other,0,0,0,0,1,0,0,high,unwanted sexualized or appearance-based harassment,synthetic_tanglish
TCB1445,ivan un appearance pathi unwanted comment poda vendam daily la,Tanglish,1,individual,0,0,0,0,1,0,0,high,unwanted sexualized or appearance-based harassment,synthetic_tanglish
TCB1446,macha nee oru embarrassment comment section la ah,Tanglish,1,individual,1,0,0,0,0,0,1,low,direct personal insult,synthetic_tanglish
TCB1447,true bro un effort romba nalla irukku da,Tanglish,0,none,0,0,0,0,0,0,0,none,"normal, neutral, or supportive statement",synthetic_tanglish
TCB1448,macha keep going bro da,Tanglish,0,none,0,0,0,0,0,0,0,none,"normal, neutral, or supportive statement",synthetic_tanglish
TCB1449,nice ah presentation clear ah irundhuchu 👍,Tanglish,0,none,0,0,0,0,0,0,0,none,"normal, neutral, or supportive statement",synthetic_tanglish
TCB1450,dei nee unakku consequences irukkum public ah podi,Tanglish,1,other,0,1,1,0,0,0,0,medium,threatening language,synthetic_tanglish
TCB1451,inniku session epdi pochu 👍,Tanglish,0,none,0,0,0,0,0,0,0,none,"normal, neutral, or supportive statement",synthetic_tanglish
TCB1452,true bro un effort romba nalla irukku 👍,Tanglish,0,none,0,0,0,0,0,0,0,none,"normal, neutral, or supportive statement",synthetic_tanglish
TCB1453,nice ah nee nalla work pannita da,Tanglish,0,none,0,0,0,0,0,0,0,none,"normal, neutral, or supportive statement",synthetic_tanglish
TCB1454,macha consent illama private photo kekkadha comment section la da,Tanglish,1,individual,0,0,0,0,1,1,0,high,unwanted sexual pressure or abusive sexual request,synthetic_tanglish
TCB1455,nee enna paaru naan unna paathukuren social media la bro,Tanglish,1,other,0,1,0,0,0,0,0,medium,threatening language,synthetic_tanglish
TCB1456,bro project nalla develop aaguthu la,Tanglish,0,none,0,0,0,0,0,0,0,none,"normal, neutral, or supportive statement",synthetic_tanglish
TCB1457,seri rest eduthuko today,Tanglish,0,none,0,0,0,0,0,0,0,none,"normal, neutral, or supportive statement",synthetic_tanglish
TCB1458,nice ah assignment submit pannitiya la,Tanglish,0,none,0,0,0,0,0,0,0,none,"normal, neutral, or supportive statement",synthetic_tanglish
TCB1459,macha good job bro,Tanglish,0,none,0,0,0,0,0,0,0,none,"normal, neutral, or supportive statement",synthetic_tanglish
TCB1460,actually meeting five mani ku irukku macha,Tanglish,0,none,0,0,0,0,0,0,0,none,"normal, neutral, or supportive statement",synthetic_tanglish
TCB1461,un effort romba nalla irukku honestly,Tanglish,0,none,0,0,0,0,0,0,0,none,"normal, neutral, or supportive statement",synthetic_tanglish
TCB1462,ivan poda waste message la podi,Tanglish,1,individual,1,0,0,0,0,0,1,medium,profane or abusive wording,synthetic_tanglish
TCB1463,nee oru loosu intha post la nu,Tanglish,1,individual,1,0,0,0,0,0,1,low,direct personal insult,synthetic_tanglish
TCB1464,actually un effort romba nalla irukku honestly,Tanglish,0,none,0,0,0,0,0,0,0,none,"normal, neutral, or supportive statement",synthetic_tanglish
TCB1465,bro indha idea useful ah irukku da,Tanglish,0,none,0,0,0,0,0,0,0,none,"normal, neutral, or supportive statement",synthetic_tanglish
TCB1466,yes project nalla develop aaguthu macha,Tanglish,0,none,0,0,0,0,0,0,0,none,"normal, neutral, or supportive statement",synthetic_tanglish
TCB1467,macha podi loosu online la la,Tanglish,1,individual,0,0,0,0,0,0,1,medium,profane or abusive wording,synthetic_tanglish
TCB1468,dei nee nee enna pannalum naan respond panren inga podi,Tanglish,1,other,0,1,0,0,0,0,0,medium,threatening language,synthetic_tanglish
TCB1469,nee nee stop pannalana problem aagum intha post la la,Tanglish,1,individual,0,1,1,0,0,0,0,high,threatening language,synthetic_tanglish
TCB1470,seriously private photo share panna force pannadha comment section la da,Tanglish,1,individual,0,0,0,0,0,1,0,high,unwanted sexual pressure or abusive sexual request,synthetic_tanglish
TCB1471,ivan unakku edhuvume theriyadhu social media la ippo,Tanglish,1,individual,1,0,0,0,0,0,0,low,direct personal insult,synthetic_tanglish
TCB1472,nee poda waste inga la,Tanglish,1,individual,1,0,0,0,0,0,1,medium,profane or abusive wording,synthetic_tanglish
TCB1473,bro andha community people romba kevalam daily macha,Tanglish,1,group,0,0,0,1,0,0,0,high,group-targeted hateful language,synthetic_tanglish
TCB1474,actually semma performance today,Tanglish,0,none,0,0,0,0,0,0,0,none,"normal, neutral, or supportive statement",synthetic_tanglish
TCB1475,true bro naalaikku continue pannalam la,Tanglish,0,none,0,0,0,0,0,0,0,none,"normal, neutral, or supportive statement",synthetic_tanglish
TCB1476,ava sexual pressure kudukka koodadhu online la bro,Tanglish,1,individual,0,0,0,0,0,1,0,medium,unwanted sexual pressure or abusive sexual request,synthetic_tanglish
TCB1477,dei podi dei comment section la da,Tanglish,1,individual,0,0,0,0,0,0,1,low,profane or abusive wording,synthetic_tanglish
TCB1478,macha seri paakalam honestly,Tanglish,0,none,0,0,0,0,0,0,0,none,"normal, neutral, or supportive statement",synthetic_tanglish
TCB1479,da presentation clear ah irundhuchu da,Tanglish,0,none,0,0,0,0,0,0,0,none,"normal, neutral, or supportive statement",synthetic_tanglish
TCB1480,yes inniku session epdi pochu,Tanglish,0,none,0,0,0,0,0,0,0,none,"normal, neutral, or supportive statement",synthetic_tanglish
TCB1481,bro keep going bro nu,Tanglish,0,none,0,0,0,0,0,0,0,none,"normal, neutral, or supportive statement",synthetic_tanglish
TCB1482,da meeting five mani ku irukku,Tanglish,0,none,0,0,0,0,0,0,0,none,"normal, neutral, or supportive statement",synthetic_tanglish
TCB1483,seriously andha people ellam problem message la poda,Tanglish,1,group,0,0,0,1,0,0,0,high,group-targeted hateful language,synthetic_tanglish
TCB1484,actually team work nalla pannenga,Tanglish,0,none,0,0,0,0,0,0,0,none,"normal, neutral, or supportive statement",synthetic_tanglish
TCB1485,bro podi loosu social media la da,Tanglish,1,individual,1,0,0,0,0,0,1,medium,profane or abusive wording,synthetic_tanglish
TCB1486,macha class nalla irundhucha honestly,Tanglish,0,none,0,0,0,0,0,0,0,none,"normal, neutral, or supportive statement",synthetic_tanglish
TCB1487,unakku physical harm panniduven comment section la la,Tanglish,1,other,0,0,1,0,0,0,0,high,reference to physical harm,synthetic_tanglish
TCB1488,dei nee online la unwanted sexual attention kudukkadha inga la,Tanglish,1,other,0,0,0,0,1,0,0,high,unwanted sexualized or appearance-based harassment,synthetic_tanglish
TCB1489,da meeting five mani ku irukku 👍,Tanglish,0,none,0,0,0,0,0,0,0,none,"normal, neutral, or supportive statement",synthetic_tanglish
TCB1490,actually later discuss pannalam today,Tanglish,0,none,0,0,0,0,0,0,0,none,"normal, neutral, or supportive statement",synthetic_tanglish
TCB1491,yes thanks for helping me honestly,Tanglish,0,none,0,0,0,0,0,0,0,none,"normal, neutral, or supportive statement",synthetic_tanglish
TCB1492,dei nee sandaila unna adikka thonudhu inga poda,Tanglish,1,other,0,0,1,0,0,0,0,medium,reference to physical harm,synthetic_tanglish
TCB1493,macha podi poi ukkaru inga poda,Tanglish,1,other,0,0,0,0,0,0,1,low,profane or abusive wording,synthetic_tanglish
TCB1494,macha podi da chat la la,Tanglish,1,other,1,0,0,0,0,0,1,low,profane or abusive wording,synthetic_tanglish
TCB1495,bro correct ah sonna honestly,Tanglish,0,none,0,0,0,0,0,0,0,none,"normal, neutral, or supportive statement",synthetic_tanglish
TCB1496,solution useful ah irukku honestly,Tanglish,0,none,0,0,0,0,0,0,0,none,"normal, neutral, or supportive statement",synthetic_tanglish
TCB1497,da presentation clear ah irundhuchu bro,Tanglish,0,none,0,0,0,0,0,0,0,none,"normal, neutral, or supportive statement",synthetic_tanglish
TCB1498,nee nee oru joker message la,Tanglish,1,other,1,0,0,0,0,0,1,medium,direct personal insult,synthetic_tanglish
TCB1499,seriously un appearance pathi unwanted comment poda vendam chat la nu,Tanglish,1,other,0,0,0,0,1,0,0,high,unwanted sexualized or appearance-based harassment,synthetic_tanglish
TCB1500,ivan podi da online la da,Tanglish,1,individual,0,0,0,0,0,0,1,medium,profane or abusive wording,synthetic_tanglish
TCB1501,super ah panniruka macha,Tanglish,0,none,0,0,0,0,0,0,0,none,"normal, neutral, or supportive statement",synthetic_tanglish
TCB1502,actually nice explanation bro,Tanglish,0,none,0,0,0,0,0,0,0,none,"normal, neutral, or supportive statement",synthetic_tanglish
TCB1503,ivan podi poi ukkaru public ah,Tanglish,1,individual,1,0,0,0,0,0,1,low,profane or abusive wording,synthetic_tanglish
TCB1504,true bro correct ah sonna bro,Tanglish,0,none,0,0,0,0,0,0,0,none,"normal, neutral, or supportive statement",synthetic_tanglish
TCB1505,avanga madhiri people inga vendaam inga da,Tanglish,1,group,0,0,0,1,0,0,0,medium,group-targeted hateful language,synthetic_tanglish
TCB1506,true bro later discuss pannalam da,Tanglish,0,none,0,0,0,0,0,0,0,none,"normal, neutral, or supportive statement",synthetic_tanglish
TCB1507,macha fight panna vandha paathukalam online la,Tanglish,1,individual,0,0,1,0,0,0,0,medium,reference to physical harm,synthetic_tanglish
TCB1508,yes all the best da 👍,Tanglish,0,none,0,0,0,0,0,0,0,none,"normal, neutral, or supportive statement",synthetic_tanglish
TCB1509,actually nee nalla work pannita honestly,Tanglish,0,none,0,0,0,0,0,0,0,none,"normal, neutral, or supportive statement",synthetic_tanglish
TCB1510,actually correct ah sonna macha,Tanglish,0,none,0,0,0,0,0,0,0,none,"normal, neutral, or supportive statement",synthetic_tanglish
TCB1511,macha nee careful ah iru comment section la nu,Tanglish,1,individual,0,1,0,0,0,0,0,medium,threatening language,synthetic_tanglish
TCB1512,dei nee podi loosu comment section la nu,Tanglish,1,individual,1,0,0,0,0,0,1,medium,profane or abusive wording,synthetic_tanglish
TCB1513,yes naan unakku support panren da,Tanglish,0,none,0,0,0,0,0,0,0,none,"normal, neutral, or supportive statement",synthetic_tanglish
TCB1514,nee unakku nalla warning idhu intha post la,Tanglish,1,other,0,1,0,0,0,0,0,medium,threatening language,synthetic_tanglish
TCB1515,honestly inniku session epdi pochu honestly,Tanglish,0,none,0,0,0,0,0,0,0,none,"normal, neutral, or supportive statement",synthetic_tanglish
TCB1516,actually later discuss pannalam honestly,Tanglish,0,none,0,0,0,0,0,0,0,none,"normal, neutral, or supportive statement",synthetic_tanglish
TCB1517,bro super ah panniruka bro,Tanglish,0,none,0,0,0,0,0,0,0,none,"normal, neutral, or supportive statement",synthetic_tanglish
TCB1518,ivan andha group ellam useless daily macha,Tanglish,1,group,0,0,0,1,0,0,0,medium,group-targeted hateful language,synthetic_tanglish
TCB1519,seri indha idea useful ah irukku today,Tanglish,0,none,0,0,0,0,0,0,0,none,"normal, neutral, or supportive statement",synthetic_tanglish
TCB1520,nee un photo ku sexual comment podradhu wrong social media la ah,Tanglish,1,individual,0,0,0,0,1,0,0,medium,unwanted sexualized or appearance-based harassment,synthetic_tanglish
TCB1521,ivan andha community ah nambave mudiyadhu la,Tanglish,1,group,0,0,0,1,0,0,0,medium,group-targeted hateful language,synthetic_tanglish
TCB1522,bro private photo share panna force pannadha message la nu,Tanglish,1,individual,0,0,0,0,0,1,0,high,unwanted sexual pressure or abusive sexual request,synthetic_tanglish
TCB1523,honestly inniku session epdi pochu nu,Tanglish,0,none,0,0,0,0,0,0,0,none,"normal, neutral, or supportive statement",synthetic_tanglish
TCB1524,seriously avanga group ah support panna koodadhu inga ippo,Tanglish,1,group,0,0,0,1,0,0,0,high,group-targeted hateful language,synthetic_tanglish
TCB1525,un body ah comment panni disturb pannadha chat la macha,Tanglish,1,individual,0,0,0,0,1,0,0,medium,unwanted sexualized or appearance-based harassment,synthetic_tanglish
TCB1526,ivan ava mela unwanted comments podradhu harassment message la la,Tanglish,1,individual,0,0,0,0,1,0,0,medium,unwanted sexualized or appearance-based harassment,synthetic_tanglish
TCB1527,seriously sexual content anuppi disturb panna koodadhu public ah ippo,Tanglish,1,individual,0,0,0,0,0,1,0,medium,unwanted sexual pressure or abusive sexual request,synthetic_tanglish
TCB1528,actually all the best da nu,Tanglish,0,none,0,0,0,0,0,0,0,none,"normal, neutral, or supportive statement",synthetic_tanglish
TCB1529,seriously poda mental social media la ippo,Tanglish,1,individual,0,0,0,0,0,0,1,low,profane or abusive wording,synthetic_tanglish
TCB1530,ava unakku physical harm panniduven online la macha,Tanglish,1,individual,0,0,1,0,0,0,0,high,reference to physical harm,synthetic_tanglish
TCB1531,true bro movie epdi irundhuchu,Tanglish,0,none,0,0,0,0,0,0,0,none,"normal, neutral, or supportive statement",synthetic_tanglish
TCB1532,listen un photo paathu sexual comments podradhu wrong comment section la poda,Tanglish,1,other,0,0,0,0,1,0,0,medium,unwanted sexualized or appearance-based harassment,synthetic_tanglish
TCB1533,nee dei mokka public ah nu,Tanglish,1,individual,0,0,0,0,0,0,1,low,profane or abusive wording,synthetic_tanglish
TCB1534,yes super ah panniruka bro,Tanglish,0,none,0,0,0,0,0,0,0,none,"normal, neutral, or supportive statement",synthetic_tanglish
TCB1535,yes thanks for helping me bro,Tanglish,0,none,0,0,0,0,0,0,0,none,"normal, neutral, or supportive statement",synthetic_tanglish
TCB1536,nice ah nee daily improve aagite irukka bro,Tanglish,0,none,0,0,0,0,0,0,0,none,"normal, neutral, or supportive statement",synthetic_tanglish
TCB1537,solution useful ah irukku inniku,Tanglish,0,none,0,0,0,0,0,0,0,none,"normal, neutral, or supportive statement",synthetic_tanglish
TCB1538,seri keep going bro nu,Tanglish,0,none,0,0,0,0,0,0,0,none,"normal, neutral, or supportive statement",synthetic_tanglish
TCB1539,assignment submit pannitiya la,Tanglish,0,none,0,0,0,0,0,0,0,none,"normal, neutral, or supportive statement",synthetic_tanglish
TCB1540,seriously poda poi velaiya paaru daily da,Tanglish,1,individual,1,0,0,0,0,0,1,medium,profane or abusive wording,synthetic_tanglish
TCB1541,ivan poda dei public ah ippo,Tanglish,1,individual,1,0,0,0,0,0,1,low,profane or abusive wording,synthetic_tanglish
TCB1542,macha good job bro today,Tanglish,0,none,0,0,0,0,0,0,0,none,"normal, neutral, or supportive statement",synthetic_tanglish
TCB1543,yes all the best da today,Tanglish,0,none,0,0,0,0,0,0,0,none,"normal, neutral, or supportive statement",synthetic_tanglish
TCB1544,super ah panniruka honestly,Tanglish,0,none,0,0,0,0,0,0,0,none,"normal, neutral, or supportive statement",synthetic_tanglish
TCB1545,macha andha group people ellam mosam chat la ippo,Tanglish,1,group,0,0,0,1,0,0,0,medium,group-targeted hateful language,synthetic_tanglish
TCB1546,yes all the best da macha,Tanglish,0,none,0,0,0,0,0,0,0,none,"normal, neutral, or supportive statement",synthetic_tanglish
TCB1547,honestly team work nalla pannenga inniku,Tanglish,0,none,0,0,0,0,0,0,0,none,"normal, neutral, or supportive statement",synthetic_tanglish
TCB1548,bro inniku session epdi pochu da,Tanglish,0,none,0,0,0,0,0,0,0,none,"normal, neutral, or supportive statement",synthetic_tanglish
TCB1549,nice ah presentation clear ah irundhuchu honestly,Tanglish,0,none,0,0,0,0,0,0,0,none,"normal, neutral, or supportive statement",synthetic_tanglish
TCB1550,macha nice explanation macha,Tanglish,0,none,0,0,0,0,0,0,0,none,"normal, neutral, or supportive statement",synthetic_tanglish
TCB1551,honestly keep going bro 👍,Tanglish,0,none,0,0,0,0,0,0,0,none,"normal, neutral, or supportive statement",synthetic_tanglish
TCB1552,ivan dei summa iru daily la,Tanglish,1,individual,1,0,0,0,0,0,1,low,profane or abusive wording,synthetic_tanglish
TCB1553,macha nee oru joker online la nu,Tanglish,1,individual,1,0,0,0,0,0,1,low,direct personal insult,synthetic_tanglish
TCB1554,seriously un body pathi public ah pesa vendam public ah podi,Tanglish,1,individual,0,0,0,0,1,0,0,medium,unwanted sexualized or appearance-based harassment,synthetic_tanglish
TCB1555,seri nee nalla work pannita honestly,Tanglish,0,none,0,0,0,0,0,0,0,none,"normal, neutral, or supportive statement",synthetic_tanglish
TCB1556,ava consent illama private photo kekkadha message la nu,Tanglish,1,individual,0,0,0,0,1,1,0,high,unwanted sexual pressure or abusive sexual request,synthetic_tanglish
TCB1557,nice ah meeting five mani ku irukku la,Tanglish,0,none,0,0,0,0,0,0,0,none,"normal, neutral, or supportive statement",synthetic_tanglish
TCB1558,dei andha community ah nambave mudiyadhu message la da,Tanglish,1,group,0,0,0,1,0,0,0,high,group-targeted hateful language,synthetic_tanglish
TCB1559,nee consent illama sexual request pannadha intha post la macha,Tanglish,1,other,0,0,0,0,0,1,0,medium,unwanted sexual pressure or abusive sexual request,synthetic_tanglish
TCB1560,honestly inniku session epdi pochu,Tanglish,0,none,0,0,0,0,0,0,0,none,"normal, neutral, or supportive statement",synthetic_tanglish
TCB1561,nice ah meeting five mani ku irukku today,Tanglish,0,none,0,0,0,0,0,0,0,none,"normal, neutral, or supportive statement",synthetic_tanglish
TCB1562,nee innoru message anuppina paathuko intha post la podi,Tanglish,1,individual,0,1,0,0,0,0,0,medium,threatening language,synthetic_tanglish
TCB1563,yes keep going bro inniku,Tanglish,0,none,0,0,0,0,0,0,0,none,"normal, neutral, or supportive statement",synthetic_tanglish
TCB1564,nice ah solution useful ah irukku nu,Tanglish,0,none,0,0,0,0,0,0,0,none,"normal, neutral, or supportive statement",synthetic_tanglish
TCB1565,honestly class nalla irundhucha today,Tanglish,0,none,0,0,0,0,0,0,0,none,"normal, neutral, or supportive statement",synthetic_tanglish
TCB1566,seriously nee oru muttaal social media la bro,Tanglish,1,individual,1,0,0,0,0,0,1,low,direct personal insult,synthetic_tanglish
TCB1567,ava un body pathi public ah pesa vendam public ah ippo,Tanglish,1,individual,0,0,0,0,1,0,0,medium,unwanted sexualized or appearance-based harassment,synthetic_tanglish
TCB1568,yes happy for your progress da,Tanglish,0,none,0,0,0,0,0,0,0,none,"normal, neutral, or supportive statement",synthetic_tanglish
TCB1569,ava un body ah comment panni disturb pannadha inga ippo,Tanglish,1,other,0,0,0,0,1,0,0,high,unwanted sexualized or appearance-based harassment,synthetic_tanglish
TCB1570,ivan nee pesuradhellam mokka public ah podi,Tanglish,1,other,1,0,0,0,0,0,0,low,direct personal insult,synthetic_tanglish
TCB1571,da correct ah sonna nu,Tanglish,0,none,0,0,0,0,0,0,0,none,"normal, neutral, or supportive statement",synthetic_tanglish
TCB1572,seri nee daily improve aagite irukka la,Tanglish,0,none,0,0,0,0,0,0,0,none,"normal, neutral, or supportive statement",synthetic_tanglish
TCB1573,yes naalaikku continue pannalam 👍,Tanglish,0,none,0,0,0,0,0,0,0,none,"normal, neutral, or supportive statement",synthetic_tanglish
TCB1574,true bro inniku session epdi pochu today,Tanglish,0,none,0,0,0,0,0,0,0,none,"normal, neutral, or supportive statement",synthetic_tanglish
TCB1575,nice ah good job bro 👍,Tanglish,0,none,0,0,0,0,0,0,0,none,"normal, neutral, or supportive statement",synthetic_tanglish
TCB1576,macha poda waste chat la,Tanglish,1,individual,1,0,0,0,0,0,1,low,profane or abusive wording,synthetic_tanglish
TCB1577,assignment submit pannitiya macha,Tanglish,0,none,0,0,0,0,0,0,0,none,"normal, neutral, or supportive statement",synthetic_tanglish
TCB1578,da assignment submit pannitiya nu,Tanglish,0,none,0,0,0,0,0,0,0,none,"normal, neutral, or supportive statement",synthetic_tanglish
TCB1579,true bro class nalla irundhucha honestly,Tanglish,0,none,0,0,0,0,0,0,0,none,"normal, neutral, or supportive statement",synthetic_tanglish
TCB1580,true bro keep going bro la,Tanglish,0,none,0,0,0,0,0,0,0,none,"normal, neutral, or supportive statement",synthetic_tanglish
TCB1581,macha inniku session epdi pochu bro,Tanglish,0,none,0,0,0,0,0,0,0,none,"normal, neutral, or supportive statement",synthetic_tanglish
TCB1582,nice ah meeting five mani ku irukku inniku,Tanglish,0,none,0,0,0,0,0,0,0,none,"normal, neutral, or supportive statement",synthetic_tanglish
TCB1583,ivan poda loosu social media la,Tanglish,1,individual,1,0,0,0,0,0,1,low,profane or abusive wording,synthetic_tanglish
TCB1584,bro personal appearance ah target panni tease pannadha comment section la ippo,Tanglish,1,other,0,0,0,0,1,0,0,medium,unwanted sexualized or appearance-based harassment,synthetic_tanglish
TCB1585,yes meeting five mani ku irukku bro,Tanglish,0,none,0,0,0,0,0,0,0,none,"normal, neutral, or supportive statement",synthetic_tanglish
TCB1586,seriously unna beat panniduven public ah poda,Tanglish,1,individual,0,0,1,0,0,0,0,high,reference to physical harm,synthetic_tanglish
TCB1587,meeting five mani ku irukku da,Tanglish,0,none,0,0,0,0,0,0,0,none,"normal, neutral, or supportive statement",synthetic_tanglish
TCB1588,ava sexual content anuppi disturb panna koodadhu public ah bro,Tanglish,1,individual,0,0,0,0,1,1,0,high,unwanted sexual pressure or abusive sexual request,synthetic_tanglish
TCB1589,nee podi dei comment section la poda,Tanglish,1,individual,0,0,0,0,0,0,1,low,profane or abusive wording,synthetic_tanglish
TCB1590,macha nee inga vandha unakku problem social media la macha,Tanglish,1,individual,0,1,1,0,0,0,0,high,threatening language,synthetic_tanglish
TCB1591,da database update panniten macha,Tanglish,0,none,0,0,0,0,0,0,0,none,"normal, neutral, or supportive statement",synthetic_tanglish
TCB1592,seriously sexual content anuppi disturb panna koodadhu ippo,Tanglish,1,individual,0,0,0,0,0,1,0,high,unwanted sexual pressure or abusive sexual request,synthetic_tanglish
TCB1593,poda waste message la la,Tanglish,1,other,0,0,0,0,0,0,1,medium,profane or abusive wording,synthetic_tanglish
TCB1594,bro rest eduthuko macha,Tanglish,0,none,0,0,0,0,0,0,0,none,"normal, neutral, or supportive statement",synthetic_tanglish
TCB1595,ivan podi poi ukkaru comment section la nu,Tanglish,1,individual,1,0,0,0,0,0,1,medium,profane or abusive wording,synthetic_tanglish
TCB1596,seriously unna vida maaten nu nenachuko online la,Tanglish,1,individual,0,1,0,0,0,0,0,medium,threatening language,synthetic_tanglish
TCB1597,good job bro da,Tanglish,0,none,0,0,0,0,0,0,0,none,"normal, neutral, or supportive statement",synthetic_tanglish
TCB1598,un effort romba nalla irukku bro,Tanglish,0,none,0,0,0,0,0,0,0,none,"normal, neutral, or supportive statement",synthetic_tanglish
TCB1599,nee poda poi velaiya paaru poda,Tanglish,1,individual,1,0,0,0,0,0,1,medium,profane or abusive wording,synthetic_tanglish
TCB1600,nee un body pathi public ah pesa vendam daily macha,Tanglish,1,individual,0,0,0,0,1,0,0,medium,unwanted sexualized or appearance-based harassment,synthetic_tanglish
TCB1601,ava andha community people romba kevalam intha post la,Tanglish,1,group,0,0,0,1,0,0,0,high,group-targeted hateful language,synthetic_tanglish
TCB1602,macha indha idea useful ah irukku da,Tanglish,0,none,0,0,0,0,0,0,0,none,"normal, neutral, or supportive statement",synthetic_tanglish
TCB1603,macha un brain enga pochu public ah da,Tanglish,1,individual,1,0,0,0,0,0,1,medium,direct personal insult,synthetic_tanglish
TCB1604,nice ah seri paakalam da,Tanglish,0,none,0,0,0,0,0,0,0,none,"normal, neutral, or supportive statement",synthetic_tanglish
TCB1605,listen unakku consequences irukkum chat la,Tanglish,1,individual,0,1,0,0,0,0,0,medium,threatening language,synthetic_tanglish
TCB1606,ava sexual pressure kudukka koodadhu daily macha,Tanglish,1,individual,0,0,0,0,1,1,0,high,unwanted sexual pressure or abusive sexual request,synthetic_tanglish
TCB1607,nee nee romba pathetic online la podi,Tanglish,1,individual,1,0,0,0,0,0,1,medium,direct personal insult,synthetic_tanglish
TCB1608,listen unwanted sexual message anuppadha message la macha,Tanglish,1,individual,0,0,0,0,1,1,0,medium,unwanted sexual pressure or abusive sexual request,synthetic_tanglish
TCB1609,nee avanga madhiri people inga vendaam daily ippo,Tanglish,1,group,0,0,0,1,0,0,0,high,group-targeted hateful language,synthetic_tanglish
TCB1610,ivan dei poda public ah nu,Tanglish,1,individual,0,0,0,0,0,0,1,medium,profane or abusive wording,synthetic_tanglish
TCB1611,ava podi dei inga nu,Tanglish,1,other,0,0,0,0,0,0,1,medium,profane or abusive wording,synthetic_tanglish
TCB1612,dei unna beat panniduven message la podi,Tanglish,1,other,0,0,1,0,0,0,0,high,reference to physical harm,synthetic_tanglish
TCB1613,seriously poda mental chat la bro,Tanglish,1,individual,1,0,0,0,0,0,1,low,profane or abusive wording,synthetic_tanglish
TCB1614,actually solution useful ah irukku honestly,Tanglish,0,none,0,0,0,0,0,0,0,none,"normal, neutral, or supportive statement",synthetic_tanglish
TCB1615,dei consent illama private photo kekkadha chat la da,Tanglish,1,other,0,0,0,0,0,1,0,medium,unwanted sexual pressure or abusive sexual request,synthetic_tanglish
TCB1616,nice ah un effort romba nalla irukku macha,Tanglish,0,none,0,0,0,0,0,0,0,none,"normal, neutral, or supportive statement",synthetic_tanglish
TCB1617,honestly good job bro inniku,Tanglish,0,none,0,0,0,0,0,0,0,none,"normal, neutral, or supportive statement",synthetic_tanglish
TCB1618,da naalaikku continue pannalam nu,Tanglish,0,none,0,0,0,0,0,0,0,none,"normal, neutral, or supportive statement",synthetic_tanglish
TCB1619,ava unna damage panniduven macha,Tanglish,1,individual,0,0,1,0,0,0,0,high,reference to physical harm,synthetic_tanglish
TCB1620,dei andha people ellam problem comment section la,Tanglish,1,group,0,0,0,1,0,0,0,medium,group-targeted hateful language,synthetic_tanglish
TCB1621,nee daily improve aagite irukka inniku,Tanglish,0,none,0,0,0,0,0,0,0,none,"normal, neutral, or supportive statement",synthetic_tanglish
TCB1622,true bro rest eduthuko,Tanglish,0,none,0,0,0,0,0,0,0,none,"normal, neutral, or supportive statement",synthetic_tanglish
TCB1623,dei consent illama sexual request pannadha message la bro,Tanglish,1,other,0,0,0,0,0,1,0,medium,unwanted sexual pressure or abusive sexual request,synthetic_tanglish
TCB1624,actually team work nalla pannenga la,Tanglish,0,none,0,0,0,0,0,0,0,none,"normal, neutral, or supportive statement",synthetic_tanglish
TCB1625,seri un effort romba nalla irukku nu,Tanglish,0,none,0,0,0,0,0,0,0,none,"normal, neutral, or supportive statement",synthetic_tanglish
TCB1626,actually super ah panniruka nu,Tanglish,0,none,0,0,0,0,0,0,0,none,"normal, neutral, or supportive statement",synthetic_tanglish
TCB1627,actually nice explanation nu,Tanglish,0,none,0,0,0,0,0,0,0,none,"normal, neutral, or supportive statement",synthetic_tanglish
TCB1628,nice ah thanks for helping me la,Tanglish,0,none,0,0,0,0,0,0,0,none,"normal, neutral, or supportive statement",synthetic_tanglish
TCB1629,ava unna adichiduven comment section la bro,Tanglish,1,individual,0,1,1,0,0,0,0,high,reference to physical harm,synthetic_tanglish
TCB1630,ivan nee enna pannalum naan respond panren online la ah,Tanglish,1,individual,0,1,0,0,0,0,0,medium,threatening language,synthetic_tanglish
TCB1631,listen online la unwanted sexual attention kudukkadha intha post la macha,Tanglish,1,individual,0,0,0,0,1,0,0,high,unwanted sexualized or appearance-based harassment,synthetic_tanglish
TCB1632,honestly code check pannitu sollu honestly,Tanglish,0,none,0,0,0,0,0,0,0,none,"normal, neutral, or supportive statement",synthetic_tanglish
TCB1633,seriously sexual content anuppi disturb panna koodadhu message la,Tanglish,1,individual,0,0,0,0,0,1,0,medium,unwanted sexual pressure or abusive sexual request,synthetic_tanglish
TCB1634,actually rest eduthuko la,Tanglish,0,none,0,0,0,0,0,0,0,none,"normal, neutral, or supportive statement",synthetic_tanglish
TCB1635,nee dei poda intha post la la,Tanglish,1,other,0,0,0,0,0,0,1,low,profane or abusive wording,synthetic_tanglish
TCB1636,seriously nee enna pannalum naan respond panren comment section la poda,Tanglish,1,individual,0,1,0,0,0,0,0,high,threatening language,synthetic_tanglish
TCB1637,listen naan unna confront panren chat la ah,Tanglish,1,individual,0,1,1,0,0,0,0,high,threatening language,synthetic_tanglish
TCB1638,nee unna adichiduven ippo,Tanglish,1,other,0,0,1,0,0,0,0,high,reference to physical harm,synthetic_tanglish
TCB1639,seriously ava mela unwanted comments podradhu harassment social media la la,Tanglish,1,other,0,0,0,0,1,0,0,medium,unwanted sexualized or appearance-based harassment,synthetic_tanglish
TCB1640,actually keep going bro la,Tanglish,0,none,0,0,0,0,0,0,0,none,"normal, neutral, or supportive statement",synthetic_tanglish
TCB1641,project nalla develop aaguthu da,Tanglish,0,none,0,0,0,0,0,0,0,none,"normal, neutral, or supportive statement",synthetic_tanglish
TCB1642,macha presentation clear ah irundhuchu inniku,Tanglish,0,none,0,0,0,0,0,0,0,none,"normal, neutral, or supportive statement",synthetic_tanglish
TCB1643,actually assignment submit pannitiya 👍,Tanglish,0,none,0,0,0,0,0,0,0,none,"normal, neutral, or supportive statement",synthetic_tanglish
TCB1644,ava mela unwanted comments podradhu harassment inga da,Tanglish,1,individual,0,0,0,0,1,0,0,medium,unwanted sexualized or appearance-based harassment,synthetic_tanglish
TCB1645,listen unakku consequences irukkum public ah podi,Tanglish,1,individual,0,1,1,0,0,0,0,medium,threatening language,synthetic_tanglish
TCB1646,ava fight panna vandha paathukalam bro,Tanglish,1,individual,0,0,1,0,0,0,0,high,reference to physical harm,synthetic_tanglish
TCB1647,seri paakalam honestly,Tanglish,0,none,0,0,0,0,0,0,0,none,"normal, neutral, or supportive statement",synthetic_tanglish
TCB1648,meeting five mani ku irukku,Tanglish,0,none,0,0,0,0,0,0,0,none,"normal, neutral, or supportive statement",synthetic_tanglish
TCB1649,bro happy for your progress 👍,Tanglish,0,none,0,0,0,0,0,0,0,none,"normal, neutral, or supportive statement",synthetic_tanglish
TCB1650,seriously unna vida maaten nu nenachuko daily,Tanglish,1,other,0,1,1,0,0,0,0,high,threatening language,synthetic_tanglish
TCB1651,nee andha group ellam useless chat la la,Tanglish,1,group,0,0,0,1,0,0,0,medium,group-targeted hateful language,synthetic_tanglish
TCB1652,actually nice explanation la,Tanglish,0,none,0,0,0,0,0,0,0,none,"normal, neutral, or supportive statement",synthetic_tanglish
TCB1653,actually nice explanation da,Tanglish,0,none,0,0,0,0,0,0,0,none,"normal, neutral, or supportive statement",synthetic_tanglish
TCB1654,honestly assignment submit pannitiya macha,Tanglish,0,none,0,0,0,0,0,0,0,none,"normal, neutral, or supportive statement",synthetic_tanglish
TCB1655,listen unwanted sexual message anuppadha social media la ah,Tanglish,1,other,0,0,0,0,0,1,0,high,unwanted sexual pressure or abusive sexual request,synthetic_tanglish
TCB1656,class nalla irundhucha inniku,Tanglish,0,none,0,0,0,0,0,0,0,none,"normal, neutral, or supportive statement",synthetic_tanglish
TCB1657,seri correct ah sonna bro,Tanglish,0,none,0,0,0,0,0,0,0,none,"normal, neutral, or supportive statement",synthetic_tanglish
TCB1658,seriously nee romba stupid public ah da,Tanglish,1,individual,1,0,0,0,0,0,0,medium,direct personal insult,synthetic_tanglish
TCB1659,ivan nee total dummy comment section la macha,Tanglish,1,individual,1,0,0,0,0,0,1,medium,direct personal insult,synthetic_tanglish
TCB1660,honestly movie epdi irundhuchu today,Tanglish,0,none,0,0,0,0,0,0,0,none,"normal, neutral, or supportive statement",synthetic_tanglish
TCB1661,nee stop pannalana problem aagum daily podi,Tanglish,1,individual,0,1,0,0,0,0,0,high,threatening language,synthetic_tanglish
TCB1662,nee nee oru embarrassment public ah ippo,Tanglish,1,individual,1,0,0,0,0,0,0,low,direct personal insult,synthetic_tanglish
TCB1663,unwanted sexual message anuppadha online la ah,Tanglish,1,other,0,0,0,0,0,1,0,medium,unwanted sexual pressure or abusive sexual request,synthetic_tanglish
TCB1664,da later discuss pannalam macha,Tanglish,0,none,0,0,0,0,0,0,0,none,"normal, neutral, or supportive statement",synthetic_tanglish
TCB1665,ivan poda poi velaiya paaru intha post la ippo,Tanglish,1,other,1,0,0,0,0,0,1,medium,profane or abusive wording,synthetic_tanglish
TCB1666,ivan private photo share panna force pannadha online la podi,Tanglish,1,individual,0,0,0,0,0,1,0,high,unwanted sexual pressure or abusive sexual request,synthetic_tanglish
TCB1667,nee avanai poi adichidu bro,Tanglish,1,individual,0,0,1,0,0,0,0,high,reference to physical harm,synthetic_tanglish
TCB1668,true bro inniku session epdi pochu honestly,Tanglish,0,none,0,0,0,0,0,0,0,none,"normal, neutral, or supportive statement",synthetic_tanglish
TCB1669,nice ah rest eduthuko,Tanglish,0,none,0,0,0,0,0,0,0,none,"normal, neutral, or supportive statement",synthetic_tanglish
TCB1670,bro avanga group ah support panna koodadhu public ah poda,Tanglish,1,group,0,0,0,1,0,0,0,high,group-targeted hateful language,synthetic_tanglish
TCB1671,da happy for your progress nu,Tanglish,0,none,0,0,0,0,0,0,0,none,"normal, neutral, or supportive statement",synthetic_tanglish
TCB1672,ava podi da intha post la la,Tanglish,1,individual,0,0,0,0,0,0,1,medium,profane or abusive wording,synthetic_tanglish
TCB1673,nice ah indha idea useful ah irukku today,Tanglish,0,none,0,0,0,0,0,0,0,none,"normal, neutral, or supportive statement",synthetic_tanglish
TCB1674,dei nee unakku brain work aagala chat la poda,Tanglish,1,individual,1,0,0,0,0,0,1,medium,direct personal insult,synthetic_tanglish
TCB1675,dei nee unnoda actions ku answer kudukkanum,Tanglish,1,other,0,1,0,0,0,0,0,medium,threatening language,synthetic_tanglish
TCB1676,macha meeting five mani ku irukku nu,Tanglish,0,none,0,0,0,0,0,0,0,none,"normal, neutral, or supportive statement",synthetic_tanglish
TCB1677,un photo ku sexual comment podradhu wrong public ah da,Tanglish,1,individual,0,0,0,0,1,0,0,high,unwanted sexualized or appearance-based harassment,synthetic_tanglish
TCB1678,da assignment submit pannitiya bro,Tanglish,0,none,0,0,0,0,0,0,0,none,"normal, neutral, or supportive statement",synthetic_tanglish
TCB1679,macha avanga madhiri people inga vendaam daily poda,Tanglish,1,group,0,0,0,1,0,0,0,medium,group-targeted hateful language,synthetic_tanglish
TCB1680,personal appearance ah target panni tease pannadha public ah ippo,Tanglish,1,individual,0,0,0,0,1,0,0,high,unwanted sexualized or appearance-based harassment,synthetic_tanglish
TCB1681,yes rest eduthuko honestly,Tanglish,0,none,0,0,0,0,0,0,0,none,"normal, neutral, or supportive statement",synthetic_tanglish
TCB1682,actually inniku session epdi pochu bro,Tanglish,0,none,0,0,0,0,0,0,0,none,"normal, neutral, or supportive statement",synthetic_tanglish
TCB1683,dei dei poda inga online la podi,Tanglish,1,other,1,0,0,0,0,0,1,low,profane or abusive wording,synthetic_tanglish
TCB1684,food saptiya la,Tanglish,0,none,0,0,0,0,0,0,0,none,"normal, neutral, or supportive statement",synthetic_tanglish
TCB1685,macha all the best da,Tanglish,0,none,0,0,0,0,0,0,0,none,"normal, neutral, or supportive statement",synthetic_tanglish
TCB1686,nice ah nee nalla work pannita nu,Tanglish,0,none,0,0,0,0,0,0,0,none,"normal, neutral, or supportive statement",synthetic_tanglish
TCB1687,un performance romba kevalam online la ippo,Tanglish,1,other,1,0,0,0,0,0,0,low,direct personal insult,synthetic_tanglish
TCB1688,listen unakku physical harm panniduven inga ippo,Tanglish,1,other,0,1,1,0,0,0,0,high,reference to physical harm,synthetic_tanglish
TCB1689,honestly nee daily improve aagite irukka macha,Tanglish,0,none,0,0,0,0,0,0,0,none,"normal, neutral, or supportive statement",synthetic_tanglish
TCB1690,honestly all the best da bro,Tanglish,0,none,0,0,0,0,0,0,0,none,"normal, neutral, or supportive statement",synthetic_tanglish
TCB1691,bro un brain enga pochu daily poda,Tanglish,1,individual,1,0,0,0,0,0,0,medium,direct personal insult,synthetic_tanglish
TCB1692,macha unwanted sexual message anuppadha comment section la,Tanglish,1,individual,0,0,0,0,0,1,0,medium,unwanted sexual pressure or abusive sexual request,synthetic_tanglish
TCB1693,nee nee romba stupid chat la,Tanglish,1,individual,1,0,0,0,0,0,1,low,direct personal insult,synthetic_tanglish
TCB1694,actually semma performance bro,Tanglish,0,none,0,0,0,0,0,0,0,none,"normal, neutral, or supportive statement",synthetic_tanglish
TCB1695,actually assignment submit pannitiya bro,Tanglish,0,none,0,0,0,0,0,0,0,none,"normal, neutral, or supportive statement",synthetic_tanglish
TCB1696,true bro un effort romba nalla irukku today,Tanglish,0,none,0,0,0,0,0,0,0,none,"normal, neutral, or supportive statement",synthetic_tanglish
TCB1697,bro un photo ku sexual comment podradhu wrong daily bro,Tanglish,1,individual,0,0,0,0,1,0,0,medium,unwanted sexualized or appearance-based harassment,synthetic_tanglish
TCB1698,meeting five mani ku irukku honestly,Tanglish,0,none,0,0,0,0,0,0,0,none,"normal, neutral, or supportive statement",synthetic_tanglish
TCB1699,dei andha community ah nambave mudiyadhu inga podi,Tanglish,1,group,0,0,0,1,0,0,0,medium,group-targeted hateful language,synthetic_tanglish
TCB1700,bro meeting five mani ku irukku da,Tanglish,0,none,0,0,0,0,0,0,0,none,"normal, neutral, or supportive statement",synthetic_tanglish
TCB1701,dei dei summa iru inga podi,Tanglish,1,other,0,0,0,0,0,0,1,low,profane or abusive wording,synthetic_tanglish
TCB1702,bro un photo ku sexual comment podradhu wrong message la bro,Tanglish,1,individual,0,0,0,0,1,0,0,high,unwanted sexualized or appearance-based harassment,synthetic_tanglish
TCB1703,ava poda da online la da,Tanglish,1,individual,0,0,0,0,0,0,1,medium,profane or abusive wording,synthetic_tanglish
TCB1704,macha avanga ellarum same madhiri,Tanglish,1,group,0,0,0,1,0,0,0,high,group-targeted hateful language,synthetic_tanglish
TCB1705,seri project nalla develop aaguthu 👍,Tanglish,0,none,0,0,0,0,0,0,0,none,"normal, neutral, or supportive statement",synthetic_tanglish
TCB1706,da project nalla develop aaguthu bro,Tanglish,0,none,0,0,0,0,0,0,0,none,"normal, neutral, or supportive statement",synthetic_tanglish
TCB1707,da code check pannitu sollu honestly,Tanglish,0,none,0,0,0,0,0,0,0,none,"normal, neutral, or supportive statement",synthetic_tanglish
TCB1708,unna vida maaten nu nenachuko public ah poda,Tanglish,1,individual,0,1,1,0,0,0,0,medium,threatening language,synthetic_tanglish
TCB1709,honestly naan unakku support panren bro,Tanglish,0,none,0,0,0,0,0,0,0,none,"normal, neutral, or supportive statement",synthetic_tanglish
TCB1710,listen private content force panna vendam inga ah,Tanglish,1,individual,0,0,0,0,0,1,0,high,unwanted sexual pressure or abusive sexual request,synthetic_tanglish
TCB1711,seri super ah panniruka,Tanglish,0,none,0,0,0,0,0,0,0,none,"normal, neutral, or supportive statement",synthetic_tanglish
TCB1712,dei nee avanga ellarum same madhiri comment section la bro,Tanglish,1,group,0,0,0,1,0,0,0,medium,group-targeted hateful language,synthetic_tanglish
TCB1713,macha project nalla develop aaguthu today,Tanglish,0,none,0,0,0,0,0,0,0,none,"normal, neutral, or supportive statement",synthetic_tanglish
TCB1714,naan unna confront panren daily da,Tanglish,1,individual,0,1,1,0,0,0,0,medium,threatening language,synthetic_tanglish
TCB1715,da project nalla develop aaguthu 👍,Tanglish,0,none,0,0,0,0,0,0,0,none,"normal, neutral, or supportive statement",synthetic_tanglish
TCB1716,yes food saptiya honestly,Tanglish,0,none,0,0,0,0,0,0,0,none,"normal, neutral, or supportive statement",synthetic_tanglish
TCB1717,macha class nalla irundhucha macha,Tanglish,0,none,0,0,0,0,0,0,0,none,"normal, neutral, or supportive statement",synthetic_tanglish
TCB1718,seri good job bro da,Tanglish,0,none,0,0,0,0,0,0,0,none,"normal, neutral, or supportive statement",synthetic_tanglish
TCB1719,database update panniten da,Tanglish,0,none,0,0,0,0,0,0,0,none,"normal, neutral, or supportive statement",synthetic_tanglish
TCB1720,bro nice explanation nu,Tanglish,0,none,0,0,0,0,0,0,0,none,"normal, neutral, or supportive statement",synthetic_tanglish
TCB1721,dei nee avanga madhiri people inga vendaam public ah bro,Tanglish,1,group,0,0,0,1,0,0,0,high,group-targeted hateful language,synthetic_tanglish
TCB1722,bro solution useful ah irukku la,Tanglish,0,none,0,0,0,0,0,0,0,none,"normal, neutral, or supportive statement",synthetic_tanglish
TCB1723,seri presentation clear ah irundhuchu honestly,Tanglish,0,none,0,0,0,0,0,0,0,none,"normal, neutral, or supportive statement",synthetic_tanglish
TCB1724,nee naan unna confront panren chat la podi,Tanglish,1,other,0,1,0,0,0,0,0,high,threatening language,synthetic_tanglish
TCB1725,macha all the best da bro,Tanglish,0,none,0,0,0,0,0,0,0,none,"normal, neutral, or supportive statement",synthetic_tanglish
TCB1726,macha team work nalla pannenga,Tanglish,0,none,0,0,0,0,0,0,0,none,"normal, neutral, or supportive statement",synthetic_tanglish
TCB1727,seri happy for your progress honestly,Tanglish,0,none,0,0,0,0,0,0,0,none,"normal, neutral, or supportive statement",synthetic_tanglish
TCB1728,ivan nee inga vandha unakku problem intha post la nu,Tanglish,1,individual,0,1,0,0,0,0,0,high,threatening language,synthetic_tanglish
TCB1729,seriously unakku nalla warning idhu inga podi,Tanglish,1,individual,0,1,0,0,0,0,0,high,threatening language,synthetic_tanglish
TCB1730,true bro database update panniten bro,Tanglish,0,none,0,0,0,0,0,0,0,none,"normal, neutral, or supportive statement",synthetic_tanglish
TCB1731,food saptiya honestly,Tanglish,0,none,0,0,0,0,0,0,0,none,"normal, neutral, or supportive statement",synthetic_tanglish
TCB1732,dei podi loosu,Tanglish,1,individual,0,0,0,0,0,0,1,low,profane or abusive wording,synthetic_tanglish
TCB1733,actually database update panniten,Tanglish,0,none,0,0,0,0,0,0,0,none,"normal, neutral, or supportive statement",synthetic_tanglish
TCB1734,dei un body pathi public ah pesa vendam daily da,Tanglish,1,individual,0,0,0,0,1,0,0,high,unwanted sexualized or appearance-based harassment,synthetic_tanglish
TCB1735,bro podi poi ukkaru social media la ippo,Tanglish,1,other,1,0,0,0,0,0,1,low,profane or abusive wording,synthetic_tanglish
TCB1736,nice ah database update panniten nu,Tanglish,0,none,0,0,0,0,0,0,0,none,"normal, neutral, or supportive statement",synthetic_tanglish
TCB1737,nee dei summa iru online la poda,Tanglish,1,individual,0,0,0,0,0,0,1,medium,profane or abusive wording,synthetic_tanglish
TCB1738,ivan innoru message anuppina paathuko social media la nu,Tanglish,1,other,0,1,0,0,0,0,0,high,threatening language,synthetic_tanglish
TCB1739,dei sandaila unna adikka thonudhu public ah bro,Tanglish,1,individual,0,0,1,0,0,0,0,medium,reference to physical harm,synthetic_tanglish
TCB1740,macha nee romba pathetic chat la ah,Tanglish,1,other,1,0,0,0,0,0,0,low,direct personal insult,synthetic_tanglish
TCB1741,seriously unwanted sexual message anuppadha ah,Tanglish,1,individual,0,0,0,0,0,1,0,high,unwanted sexual pressure or abusive sexual request,synthetic_tanglish
TCB1742,listen andha group people ellam mosam intha post la nu,Tanglish,1,group,0,0,0,1,0,0,0,high,group-targeted hateful language,synthetic_tanglish
TCB1743,true bro super ah panniruka today,Tanglish,0,none,0,0,0,0,0,0,0,none,"normal, neutral, or supportive statement",synthetic_tanglish
TCB1744,yes presentation clear ah irundhuchu inniku,Tanglish,0,none,0,0,0,0,0,0,0,none,"normal, neutral, or supportive statement",synthetic_tanglish
TCB1745,ivan un brain enga pochu daily ah,Tanglish,1,individual,1,0,0,0,0,0,1,medium,direct personal insult,synthetic_tanglish
TCB1746,actually movie epdi irundhuchu la,Tanglish,0,none,0,0,0,0,0,0,0,none,"normal, neutral, or supportive statement",synthetic_tanglish
TCB1747,macha rest eduthuko nu,Tanglish,0,none,0,0,0,0,0,0,0,none,"normal, neutral, or supportive statement",synthetic_tanglish
TCB1748,actually keep going bro inniku,Tanglish,0,none,0,0,0,0,0,0,0,none,"normal, neutral, or supportive statement",synthetic_tanglish
TCB1749,actually project nalla develop aaguthu bro,Tanglish,0,none,0,0,0,0,0,0,0,none,"normal, neutral, or supportive statement",synthetic_tanglish
TCB1750,yes code check pannitu sollu inniku,Tanglish,0,none,0,0,0,0,0,0,0,none,"normal, neutral, or supportive statement",synthetic_tanglish
TCB1751,seriously po da inga irundhu daily ippo,Tanglish,1,other,0,0,0,0,0,0,1,low,profane or abusive wording,synthetic_tanglish
TCB1752,da rest eduthuko la,Tanglish,0,none,0,0,0,0,0,0,0,none,"normal, neutral, or supportive statement",synthetic_tanglish
TCB1753,ava unna adikka varuven social media la,Tanglish,1,individual,0,1,1,0,0,0,0,medium,reference to physical harm,synthetic_tanglish
TCB1754,true bro happy for your progress da,Tanglish,0,none,0,0,0,0,0,0,0,none,"normal, neutral, or supportive statement",synthetic_tanglish
TCB1755,macha avanga ellarum same madhiri online la nu,Tanglish,1,group,0,0,0,1,0,0,0,medium,group-targeted hateful language,synthetic_tanglish
TCB1756,seriously avanga madhiri people inga vendaam intha post la ah,Tanglish,1,group,0,0,0,1,0,0,0,medium,group-targeted hateful language,synthetic_tanglish
TCB1757,honestly solution useful ah irukku macha,Tanglish,0,none,0,0,0,0,0,0,0,none,"normal, neutral, or supportive statement",synthetic_tanglish
TCB1758,ava unakku physical harm panniduven daily macha,Tanglish,1,other,0,1,1,0,0,0,0,high,reference to physical harm,synthetic_tanglish
TCB1759,bro unakku edhuvume theriyadhu social media la bro,Tanglish,1,individual,1,0,0,0,0,0,1,medium,direct personal insult,synthetic_tanglish
TCB1760,dei private content force panna vendam da,Tanglish,1,individual,0,0,0,0,0,1,0,high,unwanted sexual pressure or abusive sexual request,synthetic_tanglish
TCB1761,dei dei poda inga social media la ah,Tanglish,1,individual,1,0,0,0,0,0,1,low,profane or abusive wording,synthetic_tanglish
TCB1762,macha super ah panniruka,Tanglish,0,none,0,0,0,0,0,0,0,none,"normal, neutral, or supportive statement",synthetic_tanglish
TCB1763,macha unnoda actions ku answer kudukkanum online la macha,Tanglish,1,other,0,1,0,0,0,0,0,medium,threatening language,synthetic_tanglish
TCB1764,yes project nalla develop aaguthu inniku,Tanglish,0,none,0,0,0,0,0,0,0,none,"normal, neutral, or supportive statement",synthetic_tanglish
TCB1765,seri nee daily improve aagite irukka inniku,Tanglish,0,none,0,0,0,0,0,0,0,none,"normal, neutral, or supportive statement",synthetic_tanglish
TCB1766,consent illama private photo kekkadha social media la ah,Tanglish,1,individual,0,0,0,0,0,1,0,medium,unwanted sexual pressure or abusive sexual request,synthetic_tanglish
TCB1767,bro andha community ah nambave mudiyadhu social media la ah,Tanglish,1,group,0,0,0,1,0,0,0,high,group-targeted hateful language,synthetic_tanglish
TCB1768,macha correct ah sonna la,Tanglish,0,none,0,0,0,0,0,0,0,none,"normal, neutral, or supportive statement",synthetic_tanglish
TCB1769,ivan unnoda actions ku answer kudukkanum comment section la macha,Tanglish,1,individual,0,1,0,0,0,0,0,medium,threatening language,synthetic_tanglish
TCB1770,listen unakku physical harm panniduven inga podi,Tanglish,1,other,0,0,1,0,0,0,0,high,reference to physical harm,synthetic_tanglish
TCB1771,macha rest eduthuko,Tanglish,0,none,0,0,0,0,0,0,0,none,"normal, neutral, or supportive statement",synthetic_tanglish
TCB1772,da meeting five mani ku irukku bro,Tanglish,0,none,0,0,0,0,0,0,0,none,"normal, neutral, or supportive statement",synthetic_tanglish
TCB1773,nice ah rest eduthuko da,Tanglish,0,none,0,0,0,0,0,0,0,none,"normal, neutral, or supportive statement",synthetic_tanglish
TCB1774,nee nee careful ah iru inga la,Tanglish,1,individual,0,1,0,0,0,0,0,high,threatening language,synthetic_tanglish
TCB1775,avanga group ah support panna koodadhu inga poda,Tanglish,1,group,0,0,0,1,0,0,0,high,group-targeted hateful language,synthetic_tanglish
TCB1776,bro andha community people romba kevalam inga nu,Tanglish,1,group,0,0,0,1,0,0,0,high,group-targeted hateful language,synthetic_tanglish
TCB1777,yes code check pannitu sollu da,Tanglish,0,none,0,0,0,0,0,0,0,none,"normal, neutral, or supportive statement",synthetic_tanglish
TCB1778,dei nee online la unwanted sexual attention kudukkadha comment section la macha,Tanglish,1,individual,0,0,0,0,1,0,0,high,unwanted sexualized or appearance-based harassment,synthetic_tanglish
TCB1779,un body ah comment panni disturb pannadha online la nu,Tanglish,1,individual,0,0,0,0,1,0,0,high,unwanted sexualized or appearance-based harassment,synthetic_tanglish
TCB1780,bro meeting five mani ku irukku today,Tanglish,0,none,0,0,0,0,0,0,0,none,"normal, neutral, or supportive statement",synthetic_tanglish
TCB1781,indha idea useful ah irukku la,Tanglish,0,none,0,0,0,0,0,0,0,none,"normal, neutral, or supportive statement",synthetic_tanglish
TCB1782,bro nee nalla work pannita la,Tanglish,0,none,0,0,0,0,0,0,0,none,"normal, neutral, or supportive statement",synthetic_tanglish
TCB1783,seri rest eduthuko,Tanglish,0,none,0,0,0,0,0,0,0,none,"normal, neutral, or supportive statement",synthetic_tanglish
TCB1784,seri team work nalla pannenga la,Tanglish,0,none,0,0,0,0,0,0,0,none,"normal, neutral, or supportive statement",synthetic_tanglish
TCB1785,ivan sexual pressure kudukka koodadhu online la da,Tanglish,1,individual,0,0,0,0,0,1,0,medium,unwanted sexual pressure or abusive sexual request,synthetic_tanglish
TCB1786,listen unna adichiduven comment section la poda,Tanglish,1,other,0,1,1,0,0,0,0,high,reference to physical harm,synthetic_tanglish
TCB1787,ivan dei summa iru online la ah,Tanglish,1,other,0,0,0,0,0,0,1,low,profane or abusive wording,synthetic_tanglish
TCB1788,bro andha group ellam useless message la da,Tanglish,1,group,0,0,0,1,0,0,0,medium,group-targeted hateful language,synthetic_tanglish
TCB1789,dei dei poda inga la,Tanglish,1,individual,1,0,0,0,0,0,1,medium,profane or abusive wording,synthetic_tanglish
TCB1790,personal appearance ah target panni tease pannadha public ah macha,Tanglish,1,individual,0,0,0,0,1,0,0,medium,unwanted sexualized or appearance-based harassment,synthetic_tanglish
TCB1791,ava andha group people ellam mosam inga la,Tanglish,1,group,0,0,0,1,0,0,0,high,group-targeted hateful language,synthetic_tanglish
TCB1792,da thanks for helping me la,Tanglish,0,none,0,0,0,0,0,0,0,none,"normal, neutral, or supportive statement",synthetic_tanglish
TCB1793,seriously personal appearance ah target panni tease pannadha intha post la macha,Tanglish,1,other,0,0,0,0,1,0,0,medium,unwanted sexualized or appearance-based harassment,synthetic_tanglish
TCB1794,nice ah meeting five mani ku irukku,Tanglish,0,none,0,0,0,0,0,0,0,none,"normal, neutral, or supportive statement",synthetic_tanglish
TCB1795,bro andha group people ellam mosam online la la,Tanglish,1,group,0,0,0,1,0,0,0,medium,group-targeted hateful language,synthetic_tanglish
TCB1796,bro database update panniten bro,Tanglish,0,none,0,0,0,0,0,0,0,none,"normal, neutral, or supportive statement",synthetic_tanglish
TCB1797,nee un brain enga pochu intha post la bro,Tanglish,1,individual,1,0,0,0,0,0,0,low,direct personal insult,synthetic_tanglish
TCB1798,da keep going bro macha,Tanglish,0,none,0,0,0,0,0,0,0,none,"normal, neutral, or supportive statement",synthetic_tanglish
TCB1799,yes meeting five mani ku irukku inniku,Tanglish,0,none,0,0,0,0,0,0,0,none,"normal, neutral, or supportive statement",synthetic_tanglish
TCB1800,nice ah naan unakku support panren la,Tanglish,0,none,0,0,0,0,0,0,0,none,"normal, neutral, or supportive statement",synthetic_tanglish
TCB1801,macha unna physical ah attack panniduven intha post la da,Tanglish,1,other,0,1,1,0,0,0,0,high,reference to physical harm,synthetic_tanglish
TCB1802,macha nee enna pannalum naan respond panren inga,Tanglish,1,individual,0,1,0,0,0,0,0,medium,threatening language,synthetic_tanglish
TCB1803,unna adikka varuven public ah bro,Tanglish,1,individual,0,0,1,0,0,0,0,medium,reference to physical harm,synthetic_tanglish
TCB1804,nice ah correct ah sonna today,Tanglish,0,none,0,0,0,0,0,0,0,none,"normal, neutral, or supportive statement",synthetic_tanglish
TCB1805,true bro class nalla irundhucha macha,Tanglish,0,none,0,0,0,0,0,0,0,none,"normal, neutral, or supportive statement",synthetic_tanglish
TCB1806,seri food saptiya la,Tanglish,0,none,0,0,0,0,0,0,0,none,"normal, neutral, or supportive statement",synthetic_tanglish
TCB1807,nee stop pannalana problem aagum chat la macha,Tanglish,1,other,0,1,1,0,0,0,0,medium,threatening language,synthetic_tanglish
TCB1808,bro enna paaru naan unna paathukuren intha post la nu,Tanglish,1,other,0,1,0,0,0,0,0,medium,threatening language,synthetic_tanglish
TCB1809,dei nee stop pannalana problem aagum comment section la ippo,Tanglish,1,other,0,1,1,0,0,0,0,medium,threatening language,synthetic_tanglish
TCB1810,avanga ellarum same madhiri comment section la ippo,Tanglish,1,group,0,0,0,1,0,0,0,high,group-targeted hateful language,synthetic_tanglish
TCB1811,listen podi dei comment section la,Tanglish,1,individual,1,0,0,0,0,0,1,low,profane or abusive wording,synthetic_tanglish
TCB1812,dei nee un appearance pathi unwanted comment poda vendam daily bro,Tanglish,1,individual,0,0,0,0,1,0,0,high,unwanted sexualized or appearance-based harassment,synthetic_tanglish
TCB1813,ava un photo paathu sexual comments podradhu wrong intha post la ah,Tanglish,1,other,0,0,0,0,1,0,0,high,unwanted sexualized or appearance-based harassment,synthetic_tanglish
TCB1814,ava nee oru joker intha post la poda,Tanglish,1,other,1,0,0,0,0,0,0,low,direct personal insult,synthetic_tanglish
TCB1815,seriously unna adikka varuven online la bro,Tanglish,1,individual,0,1,1,0,0,0,0,medium,reference to physical harm,synthetic_tanglish
TCB1816,dei nee online la unwanted sexual attention kudukkadha daily bro,Tanglish,1,other,0,0,0,0,1,0,0,medium,unwanted sexualized or appearance-based harassment,synthetic_tanglish
TCB1817,yes rest eduthuko la,Tanglish,0,none,0,0,0,0,0,0,0,none,"normal, neutral, or supportive statement",synthetic_tanglish
TCB1818,macha class nalla irundhucha today,Tanglish,0,none,0,0,0,0,0,0,0,none,"normal, neutral, or supportive statement",synthetic_tanglish
TCB1819,ava ava mela unwanted comments podradhu harassment social media la macha,Tanglish,1,individual,0,0,0,0,1,0,0,high,unwanted sexualized or appearance-based harassment,synthetic_tanglish
TCB1820,nice ah later discuss pannalam da,Tanglish,0,none,0,0,0,0,0,0,0,none,"normal, neutral, or supportive statement",synthetic_tanglish
TCB1821,un body pathi public ah pesa vendam comment section la da,Tanglish,1,individual,0,0,0,0,1,0,0,medium,unwanted sexualized or appearance-based harassment,synthetic_tanglish
TCB1822,true bro presentation clear ah irundhuchu bro,Tanglish,0,none,0,0,0,0,0,0,0,none,"normal, neutral, or supportive statement",synthetic_tanglish
TCB1823,yes semma performance nu,Tanglish,0,none,0,0,0,0,0,0,0,none,"normal, neutral, or supportive statement",synthetic_tanglish
TCB1824,nee unna hurt panniduven ippo,Tanglish,1,individual,0,1,1,0,0,0,0,medium,reference to physical harm,synthetic_tanglish
TCB1825,ivan nee enna pannalum naan respond panren chat la,Tanglish,1,other,0,1,1,0,0,0,0,medium,threatening language,synthetic_tanglish
TCB1826,yes all the best da,Tanglish,0,none,0,0,0,0,0,0,0,none,"normal, neutral, or supportive statement",synthetic_tanglish
TCB1827,nice ah team work nalla pannenga bro,Tanglish,0,none,0,0,0,0,0,0,0,none,"normal, neutral, or supportive statement",synthetic_tanglish
TCB1828,honestly good job bro da,Tanglish,0,none,0,0,0,0,0,0,0,none,"normal, neutral, or supportive statement",synthetic_tanglish
TCB1829,ava unna vida maaten nu nenachuko daily macha,Tanglish,1,individual,0,1,1,0,0,0,0,high,threatening language,synthetic_tanglish
TCB1830,avanga group ah support panna koodadhu online la,Tanglish,1,group,0,0,0,1,0,0,0,medium,group-targeted hateful language,synthetic_tanglish
TCB1831,nee un photo paathu sexual comments podradhu wrong social media la,Tanglish,1,individual,0,0,0,0,1,0,0,medium,unwanted sexualized or appearance-based harassment,synthetic_tanglish
TCB1832,bro seri paakalam,Tanglish,0,none,0,0,0,0,0,0,0,none,"normal, neutral, or supportive statement",synthetic_tanglish
TCB1833,listen fight panna vandha paathukalam inga ah,Tanglish,1,other,0,0,1,0,0,0,0,high,reference to physical harm,synthetic_tanglish
TCB1834,ivan andha people ellam problem chat la nu,Tanglish,1,group,0,0,0,1,0,0,0,high,group-targeted hateful language,synthetic_tanglish
TCB1835,ava un body pathi public ah pesa vendam nu,Tanglish,1,other,0,0,0,0,1,0,0,high,unwanted sexualized or appearance-based harassment,synthetic_tanglish
TCB1836,honestly nice explanation honestly,Tanglish,0,none,0,0,0,0,0,0,0,none,"normal, neutral, or supportive statement",synthetic_tanglish
TCB1837,dei unna hurt panniduven da,Tanglish,1,other,0,1,1,0,0,0,0,high,reference to physical harm,synthetic_tanglish
TCB1838,nee nee stop pannalana problem aagum daily ippo,Tanglish,1,individual,0,1,0,0,0,0,0,high,threatening language,synthetic_tanglish
TCB1839,da happy for your progress bro,Tanglish,0,none,0,0,0,0,0,0,0,none,"normal, neutral, or supportive statement",synthetic_tanglish
TCB1840,yes movie epdi irundhuchu inniku,Tanglish,0,none,0,0,0,0,0,0,0,none,"normal, neutral, or supportive statement",synthetic_tanglish
TCB1841,dei andha people ellam problem comment section la macha,Tanglish,1,group,0,0,0,1,0,0,0,high,group-targeted hateful language,synthetic_tanglish
TCB1842,macha inniku session epdi pochu today,Tanglish,0,none,0,0,0,0,0,0,0,none,"normal, neutral, or supportive statement",synthetic_tanglish
TCB1843,listen nee romba pathetic inga nu,Tanglish,1,other,1,0,0,0,0,0,1,medium,direct personal insult,synthetic_tanglish
TCB1844,bro andha community ah nambave mudiyadhu message la bro,Tanglish,1,group,0,0,0,1,0,0,0,high,group-targeted hateful language,synthetic_tanglish
TCB1845,seriously un photo paathu sexual comments podradhu wrong daily bro,Tanglish,1,other,0,0,0,0,1,0,0,medium,unwanted sexualized or appearance-based harassment,synthetic_tanglish
TCB1846,indha idea useful ah irukku 👍,Tanglish,0,none,0,0,0,0,0,0,0,none,"normal, neutral, or supportive statement",synthetic_tanglish
TCB1847,macha nee careful ah iru message la poda,Tanglish,1,individual,0,1,0,0,0,0,0,medium,threatening language,synthetic_tanglish
TCB1848,podi poi ukkaru chat la la,Tanglish,1,individual,1,0,0,0,0,0,1,low,profane or abusive wording,synthetic_tanglish
TCB1849,ivan online la unwanted sexual attention kudukkadha daily nu,Tanglish,1,other,0,0,0,0,1,0,0,high,unwanted sexualized or appearance-based harassment,synthetic_tanglish
TCB1850,nice ah indha idea useful ah irukku honestly,Tanglish,0,none,0,0,0,0,0,0,0,none,"normal, neutral, or supportive statement",synthetic_tanglish
TCB1851,dei andha group people ellam mosam daily poda,Tanglish,1,group,0,0,0,1,0,0,0,medium,group-targeted hateful language,synthetic_tanglish
TCB1852,bro rest eduthuko honestly,Tanglish,0,none,0,0,0,0,0,0,0,none,"normal, neutral, or supportive statement",synthetic_tanglish
TCB1853,nice ah un effort romba nalla irukku today,Tanglish,0,none,0,0,0,0,0,0,0,none,"normal, neutral, or supportive statement",synthetic_tanglish
TCB1854,actually nee daily improve aagite irukka macha,Tanglish,0,none,0,0,0,0,0,0,0,none,"normal, neutral, or supportive statement",synthetic_tanglish
TCB1855,seri assignment submit pannitiya la,Tanglish,0,none,0,0,0,0,0,0,0,none,"normal, neutral, or supportive statement",synthetic_tanglish
TCB1856,nee unwanted sexual message anuppadha intha post la la,Tanglish,1,other,0,0,0,0,0,1,0,medium,unwanted sexual pressure or abusive sexual request,synthetic_tanglish
TCB1857,nice ah project nalla develop aaguthu today,Tanglish,0,none,0,0,0,0,0,0,0,none,"normal, neutral, or supportive statement",synthetic_tanglish
TCB1858,dei nee unwanted sexual message anuppadha inga macha,Tanglish,1,individual,0,0,0,0,0,1,0,high,unwanted sexual pressure or abusive sexual request,synthetic_tanglish
TCB1859,seri un effort romba nalla irukku honestly,Tanglish,0,none,0,0,0,0,0,0,0,none,"normal, neutral, or supportive statement",synthetic_tanglish
TCB1860,dei nee un appearance pathi unwanted comment poda vendam daily,Tanglish,1,other,0,0,0,0,1,0,0,high,unwanted sexualized or appearance-based harassment,synthetic_tanglish
TCB1861,macha later discuss pannalam da,Tanglish,0,none,0,0,0,0,0,0,0,none,"normal, neutral, or supportive statement",synthetic_tanglish
TCB1862,listen private photo share panna force pannadha social media la macha,Tanglish,1,other,0,0,0,0,1,1,0,medium,unwanted sexual pressure or abusive sexual request,synthetic_tanglish
TCB1863,bro correct ah sonna today,Tanglish,0,none,0,0,0,0,0,0,0,none,"normal, neutral, or supportive statement",synthetic_tanglish
TCB1864,ivan dei poda inga public ah la,Tanglish,1,individual,0,0,0,0,0,0,1,medium,profane or abusive wording,synthetic_tanglish
TCB1865,naan unna confront panren message la poda,Tanglish,1,other,0,1,0,0,0,0,0,high,threatening language,synthetic_tanglish
TCB1866,dei nee sexual pressure kudukka koodadhu comment section la ah,Tanglish,1,individual,0,0,0,0,0,1,0,high,unwanted sexual pressure or abusive sexual request,synthetic_tanglish
TCB1867,macha presentation clear ah irundhuchu,Tanglish,0,none,0,0,0,0,0,0,0,none,"normal, neutral, or supportive statement",synthetic_tanglish
TCB1868,team work nalla pannenga,Tanglish,0,none,0,0,0,0,0,0,0,none,"normal, neutral, or supportive statement",synthetic_tanglish
TCB1869,macha correct ah sonna honestly,Tanglish,0,none,0,0,0,0,0,0,0,none,"normal, neutral, or supportive statement",synthetic_tanglish
TCB1870,dei nee un appearance pathi unwanted comment poda vendam online la podi,Tanglish,1,other,0,0,0,0,1,0,0,medium,unwanted sexualized or appearance-based harassment,synthetic_tanglish
TCB1871,keep going bro la,Tanglish,0,none,0,0,0,0,0,0,0,none,"normal, neutral, or supportive statement",synthetic_tanglish
TCB1872,actually nee nalla work pannita inniku,Tanglish,0,none,0,0,0,0,0,0,0,none,"normal, neutral, or supportive statement",synthetic_tanglish
TCB1873,ivan unna vida maaten nu nenachuko daily da,Tanglish,1,other,0,1,0,0,0,0,0,high,threatening language,synthetic_tanglish
TCB1874,ava un appearance pathi unwanted comment poda vendam chat la ippo,Tanglish,1,other,0,0,0,0,1,0,0,medium,unwanted sexualized or appearance-based harassment,synthetic_tanglish
TCB1875,honestly nee nalla work pannita macha,Tanglish,0,none,0,0,0,0,0,0,0,none,"normal, neutral, or supportive statement",synthetic_tanglish
TCB1876,bro project nalla develop aaguthu bro,Tanglish,0,none,0,0,0,0,0,0,0,none,"normal, neutral, or supportive statement",synthetic_tanglish
TCB1877,nee private content force panna vendam social media la ippo,Tanglish,1,individual,0,0,0,0,0,1,0,high,unwanted sexual pressure or abusive sexual request,synthetic_tanglish
TCB1878,yes un effort romba nalla irukku,Tanglish,0,none,0,0,0,0,0,0,0,none,"normal, neutral, or supportive statement",synthetic_tanglish
TCB1879,ivan unna beat panniduven daily macha,Tanglish,1,individual,0,1,1,0,0,0,0,high,reference to physical harm,synthetic_tanglish
TCB1880,nice ah solution useful ah irukku bro,Tanglish,0,none,0,0,0,0,0,0,0,none,"normal, neutral, or supportive statement",synthetic_tanglish
TCB1881,ava poda poi velaiya paaru chat la da,Tanglish,1,individual,0,0,0,0,0,0,1,medium,profane or abusive wording,synthetic_tanglish
TCB1882,true bro nee daily improve aagite irukka nu,Tanglish,0,none,0,0,0,0,0,0,0,none,"normal, neutral, or supportive statement",synthetic_tanglish
TCB1883,ivan unna adichiduven intha post la macha,Tanglish,1,individual,0,0,1,0,0,0,0,high,reference to physical harm,synthetic_tanglish
TCB1884,bro rest eduthuko la,Tanglish,0,none,0,0,0,0,0,0,0,none,"normal, neutral, or supportive statement",synthetic_tanglish
TCB1885,ava un body ah comment panni disturb pannadha social media la ippo,Tanglish,1,other,0,0,0,0,1,0,0,high,unwanted sexualized or appearance-based harassment,synthetic_tanglish
TCB1886,bro keep going bro inniku,Tanglish,0,none,0,0,0,0,0,0,0,none,"normal, neutral, or supportive statement",synthetic_tanglish
TCB1887,ivan un photo ku sexual comment podradhu wrong comment section la,Tanglish,1,individual,0,0,0,0,1,0,0,high,unwanted sexualized or appearance-based harassment,synthetic_tanglish
TCB1888,macha good job bro bro,Tanglish,0,none,0,0,0,0,0,0,0,none,"normal, neutral, or supportive statement",synthetic_tanglish
TCB1889,dei un photo ku sexual comment podradhu wrong social media la bro,Tanglish,1,individual,0,0,0,0,1,0,0,medium,unwanted sexualized or appearance-based harassment,synthetic_tanglish
TCB1890,dei nee consent illama sexual request pannadha public ah,Tanglish,1,other,0,0,0,0,1,1,0,high,unwanted sexual pressure or abusive sexual request,synthetic_tanglish
TCB1891,da happy for your progress honestly,Tanglish,0,none,0,0,0,0,0,0,0,none,"normal, neutral, or supportive statement",synthetic_tanglish
TCB1892,ivan poda dei social media la macha,Tanglish,1,other,1,0,0,0,0,0,1,medium,profane or abusive wording,synthetic_tanglish
TCB1893,happy for your progress nu,Tanglish,0,none,0,0,0,0,0,0,0,none,"normal, neutral, or supportive statement",synthetic_tanglish
TCB1894,bro un appearance pathi unwanted comment poda vendam public ah da,Tanglish,1,individual,0,0,0,0,1,0,0,high,unwanted sexualized or appearance-based harassment,synthetic_tanglish
TCB1895,yes assignment submit pannitiya inniku,Tanglish,0,none,0,0,0,0,0,0,0,none,"normal, neutral, or supportive statement",synthetic_tanglish
TCB1896,macha avanga madhiri people inga vendaam daily bro,Tanglish,1,group,0,0,0,1,0,0,0,high,group-targeted hateful language,synthetic_tanglish
TCB1897,honestly correct ah sonna macha,Tanglish,0,none,0,0,0,0,0,0,0,none,"normal, neutral, or supportive statement",synthetic_tanglish
TCB1898,avanga madhiri people inga vendaam public ah bro,Tanglish,1,group,0,0,0,1,0,0,0,high,group-targeted hateful language,synthetic_tanglish
TCB1899,nice ah project nalla develop aaguthu honestly,Tanglish,0,none,0,0,0,0,0,0,0,none,"normal, neutral, or supportive statement",synthetic_tanglish
TCB1900,nee private photo share panna force pannadha comment section la la,Tanglish,1,other,0,0,0,0,0,1,0,high,unwanted sexual pressure or abusive sexual request,synthetic_tanglish
TCB1901,da naalaikku continue pannalam macha,Tanglish,0,none,0,0,0,0,0,0,0,none,"normal, neutral, or supportive statement",synthetic_tanglish
TCB1902,bro un body ah comment panni disturb pannadha online la da,Tanglish,1,individual,0,0,0,0,1,0,0,high,unwanted sexualized or appearance-based harassment,synthetic_tanglish
TCB1903,yes naan unakku support panren honestly,Tanglish,0,none,0,0,0,0,0,0,0,none,"normal, neutral, or supportive statement",synthetic_tanglish
TCB1904,seri all the best da 👍,Tanglish,0,none,0,0,0,0,0,0,0,none,"normal, neutral, or supportive statement",synthetic_tanglish
TCB1905,macha presentation clear ah irundhuchu la,Tanglish,0,none,0,0,0,0,0,0,0,none,"normal, neutral, or supportive statement",synthetic_tanglish
TCB1906,dei nee avanga ellarum same madhiri poda,Tanglish,1,group,0,0,0,1,0,0,0,medium,group-targeted hateful language,synthetic_tanglish
TCB1907,bro solution useful ah irukku honestly,Tanglish,0,none,0,0,0,0,0,0,0,none,"normal, neutral, or supportive statement",synthetic_tanglish
TCB1908,ava enna paaru naan unna paathukuren public ah da,Tanglish,1,other,0,1,0,0,0,0,0,medium,threatening language,synthetic_tanglish
TCB1909,bro nee inga vandha unakku problem online la bro,Tanglish,1,individual,0,1,0,0,0,0,0,medium,threatening language,synthetic_tanglish
TCB1910,bro nee daily improve aagite irukka today,Tanglish,0,none,0,0,0,0,0,0,0,none,"normal, neutral, or supportive statement",synthetic_tanglish
TCB1911,listen andha group people ellam mosam public ah da,Tanglish,1,group,0,0,0,1,0,0,0,medium,group-targeted hateful language,synthetic_tanglish
TCB1912,bro andha community ah nambave mudiyadhu inga podi,Tanglish,1,group,0,0,0,1,0,0,0,medium,group-targeted hateful language,synthetic_tanglish
TCB1913,actually good job bro macha,Tanglish,0,none,0,0,0,0,0,0,0,none,"normal, neutral, or supportive statement",synthetic_tanglish
TCB1914,macha unna adichiduven public ah ah,Tanglish,1,individual,0,0,1,0,0,0,0,high,reference to physical harm,synthetic_tanglish
TCB1915,macha naan unakku support panren nu,Tanglish,0,none,0,0,0,0,0,0,0,none,"normal, neutral, or supportive statement",synthetic_tanglish
TCB1916,macha nee oru embarrassment comment section la la,Tanglish,1,individual,1,0,0,0,0,0,1,medium,direct personal insult,synthetic_tanglish
TCB1917,seriously naan unna confront panren chat la ippo,Tanglish,1,other,0,1,0,0,0,0,0,high,threatening language,synthetic_tanglish
TCB1918,bro unakku nalla warning idhu intha post la la,Tanglish,1,individual,0,1,1,0,0,0,0,medium,threatening language,synthetic_tanglish
TCB1919,seri assignment submit pannitiya 👍,Tanglish,0,none,0,0,0,0,0,0,0,none,"normal, neutral, or supportive statement",synthetic_tanglish
TCB1920,dei unakku physical harm panniduven comment section la bro,Tanglish,1,individual,0,1,1,0,0,0,0,medium,reference to physical harm,synthetic_tanglish
TCB1921,nee avanga madhiri people inga vendaam message la bro,Tanglish,1,group,0,0,0,1,0,0,0,high,group-targeted hateful language,synthetic_tanglish
TCB1922,true bro presentation clear ah irundhuchu,Tanglish,0,none,0,0,0,0,0,0,0,none,"normal, neutral, or supportive statement",synthetic_tanglish
TCB1923,da super ah panniruka honestly,Tanglish,0,none,0,0,0,0,0,0,0,none,"normal, neutral, or supportive statement",synthetic_tanglish
TCB1924,seri un effort romba nalla irukku bro,Tanglish,0,none,0,0,0,0,0,0,0,none,"normal, neutral, or supportive statement",synthetic_tanglish
TCB1925,unakku basic knowledge kooda illa da,Tanglish,1,individual,1,0,0,0,0,0,0,low,direct personal insult,synthetic_tanglish
TCB1926,nee total dummy intha post la nu,Tanglish,1,other,1,0,0,0,0,0,1,low,direct personal insult,synthetic_tanglish
TCB1927,seri naan unakku support panren la,Tanglish,0,none,0,0,0,0,0,0,0,none,"normal, neutral, or supportive statement",synthetic_tanglish
TCB1928,ava unna damage panniduven inga nu,Tanglish,1,other,0,0,1,0,0,0,0,medium,reference to physical harm,synthetic_tanglish
TCB1929,poda mental public ah da,Tanglish,1,individual,0,0,0,0,0,0,1,low,profane or abusive wording,synthetic_tanglish
TCB1930,bro happy for your progress macha,Tanglish,0,none,0,0,0,0,0,0,0,none,"normal, neutral, or supportive statement",synthetic_tanglish
TCB1931,bro sexual content anuppi disturb panna koodadhu message la macha,Tanglish,1,individual,0,0,0,0,0,1,0,high,unwanted sexual pressure or abusive sexual request,synthetic_tanglish
TCB1932,ava podi da bro,Tanglish,1,individual,1,0,0,0,0,0,1,medium,profane or abusive wording,synthetic_tanglish
TCB1933,honestly nice explanation bro,Tanglish,0,none,0,0,0,0,0,0,0,none,"normal, neutral, or supportive statement",synthetic_tanglish
TCB1934,seriously unna beat panniduven message la macha,Tanglish,1,other,0,1,1,0,0,0,0,high,reference to physical harm,synthetic_tanglish
TCB1935,yes assignment submit pannitiya,Tanglish,0,none,0,0,0,0,0,0,0,none,"normal, neutral, or supportive statement",synthetic_tanglish
TCB1936,honestly nee daily improve aagite irukka 👍,Tanglish,0,none,0,0,0,0,0,0,0,none,"normal, neutral, or supportive statement",synthetic_tanglish
TCB1937,nice ah class nalla irundhucha la,Tanglish,0,none,0,0,0,0,0,0,0,none,"normal, neutral, or supportive statement",synthetic_tanglish
TCB1938,yes nice explanation,Tanglish,0,none,0,0,0,0,0,0,0,none,"normal, neutral, or supportive statement",synthetic_tanglish
TCB1939,da good job bro da,Tanglish,0,none,0,0,0,0,0,0,0,none,"normal, neutral, or supportive statement",synthetic_tanglish
TCB1940,nice explanation inniku,Tanglish,0,none,0,0,0,0,0,0,0,none,"normal, neutral, or supportive statement",synthetic_tanglish
TCB1941,da rest eduthuko today,Tanglish,0,none,0,0,0,0,0,0,0,none,"normal, neutral, or supportive statement",synthetic_tanglish
TCB1942,true bro semma performance 👍,Tanglish,0,none,0,0,0,0,0,0,0,none,"normal, neutral, or supportive statement",synthetic_tanglish
TCB1943,ivan podi da public ah podi,Tanglish,1,individual,1,0,0,0,0,0,1,low,profane or abusive wording,synthetic_tanglish
TCB1944,bro poda dei public ah da,Tanglish,1,individual,0,0,0,0,0,0,1,low,profane or abusive wording,synthetic_tanglish
TCB1945,nice ah food saptiya da,Tanglish,0,none,0,0,0,0,0,0,0,none,"normal, neutral, or supportive statement",synthetic_tanglish
TCB1946,bro consent illama private photo kekkadha inga macha,Tanglish,1,individual,0,0,0,0,1,1,0,high,unwanted sexual pressure or abusive sexual request,synthetic_tanglish
TCB1947,dei nee unwanted sexual message anuppadha ah,Tanglish,1,individual,0,0,0,0,1,1,0,high,unwanted sexual pressure or abusive sexual request,synthetic_tanglish
TCB1948,listen andha community ah nambave mudiyadhu macha,Tanglish,1,group,0,0,0,1,0,0,0,medium,group-targeted hateful language,synthetic_tanglish
TCB1949,macha un effort romba nalla irukku honestly,Tanglish,0,none,0,0,0,0,0,0,0,none,"normal, neutral, or supportive statement",synthetic_tanglish
TCB1950,unna vida maaten nu nenachuko message la la,Tanglish,1,individual,0,1,0,0,0,0,0,high,threatening language,synthetic_tanglish
TCB1951,nee andha community people romba kevalam ah,Tanglish,1,group,0,0,0,1,0,0,0,high,group-targeted hateful language,synthetic_tanglish
TCB1952,macha code check pannitu sollu la,Tanglish,0,none,0,0,0,0,0,0,0,none,"normal, neutral, or supportive statement",synthetic_tanglish
TCB1953,yes un effort romba nalla irukku today,Tanglish,0,none,0,0,0,0,0,0,0,none,"normal, neutral, or supportive statement",synthetic_tanglish
TCB1954,bro correct ah sonna nu,Tanglish,0,none,0,0,0,0,0,0,0,none,"normal, neutral, or supportive statement",synthetic_tanglish
TCB1955,yes nice explanation nu,Tanglish,0,none,0,0,0,0,0,0,0,none,"normal, neutral, or supportive statement",synthetic_tanglish
TCB1956,ava nee romba pathetic chat la ah,Tanglish,1,individual,1,0,0,0,0,0,0,medium,direct personal insult,synthetic_tanglish
TCB1957,ivan andha community ah nambave mudiyadhu macha,Tanglish,1,group,0,0,0,1,0,0,0,medium,group-targeted hateful language,synthetic_tanglish
TCB1958,macha inniku session epdi pochu nu,Tanglish,0,none,0,0,0,0,0,0,0,none,"normal, neutral, or supportive statement",synthetic_tanglish
TCB1959,ivan un body pathi public ah pesa vendam online la podi,Tanglish,1,individual,0,0,0,0,1,0,0,high,unwanted sexualized or appearance-based harassment,synthetic_tanglish
TCB1960,honestly inniku session epdi pochu 👍,Tanglish,0,none,0,0,0,0,0,0,0,none,"normal, neutral, or supportive statement",synthetic_tanglish
TCB1961,nee andha group ellam useless message la podi,Tanglish,1,group,0,0,0,1,0,0,0,medium,group-targeted hateful language,synthetic_tanglish
TCB1962,bro un appearance pathi unwanted comment poda vendam online la bro,Tanglish,1,other,0,0,0,0,1,0,0,medium,unwanted sexualized or appearance-based harassment,synthetic_tanglish
TCB1963,dei naan unna confront panren macha,Tanglish,1,other,0,1,0,0,0,0,0,medium,threatening language,synthetic_tanglish
TCB1964,listen naan unna confront panren bro,Tanglish,1,individual,0,1,0,0,0,0,0,medium,threatening language,synthetic_tanglish
TCB1965,seriously nee stop pannalana problem aagum inga macha,Tanglish,1,individual,0,1,0,0,0,0,0,medium,threatening language,synthetic_tanglish
TCB1966,da nice explanation bro,Tanglish,0,none,0,0,0,0,0,0,0,none,"normal, neutral, or supportive statement",synthetic_tanglish
TCB1967,yes assignment submit pannitiya la,Tanglish,0,none,0,0,0,0,0,0,0,none,"normal, neutral, or supportive statement",synthetic_tanglish
TCB1968,thanks for helping me bro,Tanglish,0,none,0,0,0,0,0,0,0,none,"normal, neutral, or supportive statement",synthetic_tanglish
TCB1969,consent illama sexual request pannadha public ah ippo,Tanglish,1,individual,0,0,0,0,0,1,0,medium,unwanted sexual pressure or abusive sexual request,synthetic_tanglish
TCB1970,seri rest eduthuko nu,Tanglish,0,none,0,0,0,0,0,0,0,none,"normal, neutral, or supportive statement",synthetic_tanglish
TCB1971,honestly naan unakku support panren nu,Tanglish,0,none,0,0,0,0,0,0,0,none,"normal, neutral, or supportive statement",synthetic_tanglish
TCB1972,inniku session epdi pochu la,Tanglish,0,none,0,0,0,0,0,0,0,none,"normal, neutral, or supportive statement",synthetic_tanglish
TCB1973,nice ah nee daily improve aagite irukka nu,Tanglish,0,none,0,0,0,0,0,0,0,none,"normal, neutral, or supportive statement",synthetic_tanglish
TCB1974,ava dei summa iru intha post la la,Tanglish,1,individual,0,0,0,0,0,0,1,low,profane or abusive wording,synthetic_tanglish
TCB1975,dei unwanted sexual message anuppadha social media la ah,Tanglish,1,other,0,0,0,0,1,1,0,high,unwanted sexual pressure or abusive sexual request,synthetic_tanglish
TCB1976,macha sexual content anuppi disturb panna koodadhu online la la,Tanglish,1,individual,0,0,0,0,0,1,0,high,unwanted sexual pressure or abusive sexual request,synthetic_tanglish
TCB1977,nice ah super ah panniruka la,Tanglish,0,none,0,0,0,0,0,0,0,none,"normal, neutral, or supportive statement",synthetic_tanglish
TCB1978,honestly nee nalla work pannita da,Tanglish,0,none,0,0,0,0,0,0,0,none,"normal, neutral, or supportive statement",synthetic_tanglish
TCB1979,bro ava mela unwanted comments podradhu harassment intha post la podi,Tanglish,1,individual,0,0,0,0,1,0,0,high,unwanted sexualized or appearance-based harassment,synthetic_tanglish
TCB1980,seri rest eduthuko honestly,Tanglish,0,none,0,0,0,0,0,0,0,none,"normal, neutral, or supportive statement",synthetic_tanglish
TCB1981,nice ah later discuss pannalam honestly,Tanglish,0,none,0,0,0,0,0,0,0,none,"normal, neutral, or supportive statement",synthetic_tanglish
TCB1982,ivan unakku nalla warning idhu public ah ippo,Tanglish,1,other,0,1,0,0,0,0,0,high,threatening language,synthetic_tanglish
TCB1983,actually code check pannitu sollu da,Tanglish,0,none,0,0,0,0,0,0,0,none,"normal, neutral, or supportive statement",synthetic_tanglish
TCB1984,database update panniten bro,Tanglish,0,none,0,0,0,0,0,0,0,none,"normal, neutral, or supportive statement",synthetic_tanglish
TCB1985,honestly movie epdi irundhuchu nu,Tanglish,0,none,0,0,0,0,0,0,0,none,"normal, neutral, or supportive statement",synthetic_tanglish
TCB1986,actually nee nalla work pannita la,Tanglish,0,none,0,0,0,0,0,0,0,none,"normal, neutral, or supportive statement",synthetic_tanglish
TCB1987,true bro team work nalla pannenga,Tanglish,0,none,0,0,0,0,0,0,0,none,"normal, neutral, or supportive statement",synthetic_tanglish
TCB1988,indha idea useful ah irukku,Tanglish,0,none,0,0,0,0,0,0,0,none,"normal, neutral, or supportive statement",synthetic_tanglish
TCB1989,bro solution useful ah irukku 👍,Tanglish,0,none,0,0,0,0,0,0,0,none,"normal, neutral, or supportive statement",synthetic_tanglish
TCB1990,macha consent illama private photo kekkadha daily bro,Tanglish,1,individual,0,0,0,0,1,1,0,medium,unwanted sexual pressure or abusive sexual request,synthetic_tanglish
TCB1991,true bro semma performance la,Tanglish,0,none,0,0,0,0,0,0,0,none,"normal, neutral, or supportive statement",synthetic_tanglish
TCB1992,yes inniku session epdi pochu macha,Tanglish,0,none,0,0,0,0,0,0,0,none,"normal, neutral, or supportive statement",synthetic_tanglish
TCB1993,true bro movie epdi irundhuchu honestly,Tanglish,0,none,0,0,0,0,0,0,0,none,"normal, neutral, or supportive statement",synthetic_tanglish
TCB1994,seriously sexual content anuppi disturb panna koodadhu online la nu,Tanglish,1,individual,0,0,0,0,0,1,0,medium,unwanted sexual pressure or abusive sexual request,synthetic_tanglish
TCB1995,seri naan unakku support panren bro,Tanglish,0,none,0,0,0,0,0,0,0,none,"normal, neutral, or supportive statement",synthetic_tanglish
TCB1996,yes seri paakalam da,Tanglish,0,none,0,0,0,0,0,0,0,none,"normal, neutral, or supportive statement",synthetic_tanglish
TCB1997,da rest eduthuko nu,Tanglish,0,none,0,0,0,0,0,0,0,none,"normal, neutral, or supportive statement",synthetic_tanglish
TCB1998,macha nee oru useless fellow daily macha,Tanglish,1,individual,1,0,0,0,0,0,0,low,direct personal insult,synthetic_tanglish
TCB1999,true bro team work nalla pannenga today,Tanglish,0,none,0,0,0,0,0,0,0,none,"normal, neutral, or supportive statement",synthetic_tanglish
TCB2000,dei online la unwanted sexual attention kudukkadha ah,Tanglish,1,individual,0,0,0,0,1,0,0,high,unwanted sexualized or appearance-based harassment,synthetic_tanglish
TCB2001,presentation clear ah irundhuchu 👍,Tanglish,0,none,0,0,0,0,0,0,0,none,"normal, neutral, or supportive statement",synthetic_tanglish
TCB2002,ivan unwanted sexual message anuppadha intha post la nu,Tanglish,1,individual,0,0,0,0,1,1,0,medium,unwanted sexual pressure or abusive sexual request,synthetic_tanglish
TCB2003,macha correct ah sonna macha,Tanglish,0,none,0,0,0,0,0,0,0,none,"normal, neutral, or supportive statement",synthetic_tanglish
TCB2004,nice explanation,Tanglish,0,none,0,0,0,0,0,0,0,none,"normal, neutral, or supportive statement",synthetic_tanglish
TCB2005,bro indha idea useful ah irukku inniku,Tanglish,0,none,0,0,0,0,0,0,0,none,"normal, neutral, or supportive statement",synthetic_tanglish
TCB2006,bro correct ah sonna,Tanglish,0,none,0,0,0,0,0,0,0,none,"normal, neutral, or supportive statement",synthetic_tanglish
TCB2007,honestly rest eduthuko la,Tanglish,0,none,0,0,0,0,0,0,0,none,"normal, neutral, or supportive statement",synthetic_tanglish
TCB2008,true bro later discuss pannalam today,Tanglish,0,none,0,0,0,0,0,0,0,none,"normal, neutral, or supportive statement",synthetic_tanglish
TCB2009,seriously sexual pressure kudukka koodadhu public ah la,Tanglish,1,individual,0,0,0,0,0,1,0,medium,unwanted sexual pressure or abusive sexual request,synthetic_tanglish
TCB2010,bro nee nalla work pannita inniku,Tanglish,0,none,0,0,0,0,0,0,0,none,"normal, neutral, or supportive statement",synthetic_tanglish
TCB2011,yes assignment submit pannitiya macha,Tanglish,0,none,0,0,0,0,0,0,0,none,"normal, neutral, or supportive statement",synthetic_tanglish
TCB2012,macha all the best da 👍,Tanglish,0,none,0,0,0,0,0,0,0,none,"normal, neutral, or supportive statement",synthetic_tanglish
TCB2013,honestly project nalla develop aaguthu da,Tanglish,0,none,0,0,0,0,0,0,0,none,"normal, neutral, or supportive statement",synthetic_tanglish
TCB2014,actually food saptiya da,Tanglish,0,none,0,0,0,0,0,0,0,none,"normal, neutral, or supportive statement",synthetic_tanglish
TCB2015,seriously poda da chat la macha,Tanglish,1,individual,1,0,0,0,0,0,1,low,profane or abusive wording,synthetic_tanglish
TCB2016,bro meeting five mani ku irukku la,Tanglish,0,none,0,0,0,0,0,0,0,none,"normal, neutral, or supportive statement",synthetic_tanglish
TCB2017,listen dei mokka message la la,Tanglish,1,individual,0,0,0,0,0,0,1,medium,profane or abusive wording,synthetic_tanglish
TCB2018,yes correct ah sonna 👍,Tanglish,0,none,0,0,0,0,0,0,0,none,"normal, neutral, or supportive statement",synthetic_tanglish
TCB2019,bro un effort romba nalla irukku today,Tanglish,0,none,0,0,0,0,0,0,0,none,"normal, neutral, or supportive statement",synthetic_tanglish
TCB2020,ivan unna adichiduven message la macha,Tanglish,1,other,0,1,1,0,0,0,0,medium,reference to physical harm,synthetic_tanglish
TCB2021,macha nice explanation honestly,Tanglish,0,none,0,0,0,0,0,0,0,none,"normal, neutral, or supportive statement",synthetic_tanglish
TCB2022,seriously avanga group ah support panna koodadhu comment section la da,Tanglish,1,group,0,0,0,1,0,0,0,high,group-targeted hateful language,synthetic_tanglish
TCB2023,nice ah keep going bro nu,Tanglish,0,none,0,0,0,0,0,0,0,none,"normal, neutral, or supportive statement",synthetic_tanglish
TCB2024,bro semma performance bro,Tanglish,0,none,0,0,0,0,0,0,0,none,"normal, neutral, or supportive statement",synthetic_tanglish
TCB2025,happy for your progress honestly,Tanglish,0,none,0,0,0,0,0,0,0,none,"normal, neutral, or supportive statement",synthetic_tanglish
TCB2026,yes class nalla irundhucha 👍,Tanglish,0,none,0,0,0,0,0,0,0,none,"normal, neutral, or supportive statement",synthetic_tanglish
TCB2027,honestly later discuss pannalam 👍,Tanglish,0,none,0,0,0,0,0,0,0,none,"normal, neutral, or supportive statement",synthetic_tanglish
TCB2028,unnoda actions ku answer kudukkanum online la podi,Tanglish,1,other,0,1,1,0,0,0,0,high,threatening language,synthetic_tanglish
TCB2029,dei avanga ellarum same madhiri online la nu,Tanglish,1,group,0,0,0,1,0,0,0,medium,group-targeted hateful language,synthetic_tanglish
TCB2030,ava nee careful ah iru public ah ippo,Tanglish,1,other,0,1,0,0,0,0,0,medium,threatening language,synthetic_tanglish
TCB2031,dei nee stop pannalana problem aagum social media la macha,Tanglish,1,other,0,1,0,0,0,0,0,high,threatening language,synthetic_tanglish
TCB2032,macha unwanted sexual message anuppadha intha post la macha,Tanglish,1,other,0,0,0,0,1,1,0,medium,unwanted sexual pressure or abusive sexual request,synthetic_tanglish
TCB2033,andha group people ellam mosam chat la ah,Tanglish,1,group,0,0,0,1,0,0,0,medium,group-targeted hateful language,synthetic_tanglish
TCB2034,macha project nalla develop aaguthu 👍,Tanglish,0,none,0,0,0,0,0,0,0,none,"normal, neutral, or supportive statement",synthetic_tanglish
TCB2035,nice ah inniku session epdi pochu honestly,Tanglish,0,none,0,0,0,0,0,0,0,none,"normal, neutral, or supportive statement",synthetic_tanglish
TCB2036,listen poda waste public ah ah,Tanglish,1,individual,1,0,0,0,0,0,1,low,profane or abusive wording,synthetic_tanglish
TCB2037,dei podi loosu message la ippo,Tanglish,1,other,1,0,0,0,0,0,1,low,profane or abusive wording,synthetic_tanglish
TCB2038,honestly food saptiya nu,Tanglish,0,none,0,0,0,0,0,0,0,none,"normal, neutral, or supportive statement",synthetic_tanglish
TCB2039,dei unna beat panniduven message la nu,Tanglish,1,individual,0,1,1,0,0,0,0,high,reference to physical harm,synthetic_tanglish
TCB2040,dei nee consent illama private photo kekkadha social media la nu,Tanglish,1,individual,0,0,0,0,1,1,0,high,unwanted sexual pressure or abusive sexual request,synthetic_tanglish
TCB2041,team work nalla pannenga bro,Tanglish,0,none,0,0,0,0,0,0,0,none,"normal, neutral, or supportive statement",synthetic_tanglish
TCB2042,nee avanai poi adichidu message la nu,Tanglish,1,individual,0,1,1,0,0,0,0,high,reference to physical harm,synthetic_tanglish
TCB2043,bro naan unakku support panren 👍,Tanglish,0,none,0,0,0,0,0,0,0,none,"normal, neutral, or supportive statement",synthetic_tanglish
TCB2044,nee unwanted sexual message anuppadha social media la macha,Tanglish,1,individual,0,0,0,0,0,1,0,high,unwanted sexual pressure or abusive sexual request,synthetic_tanglish
TCB2045,actually movie epdi irundhuchu,Tanglish,0,none,0,0,0,0,0,0,0,none,"normal, neutral, or supportive statement",synthetic_tanglish
TCB2046,bro project nalla develop aaguthu honestly,Tanglish,0,none,0,0,0,0,0,0,0,none,"normal, neutral, or supportive statement",synthetic_tanglish
TCB2047,nee unna adichiduven chat la ah,Tanglish,1,individual,0,1,1,0,0,0,0,high,reference to physical harm,synthetic_tanglish
TCB2048,actually movie epdi irundhuchu macha,Tanglish,0,none,0,0,0,0,0,0,0,none,"normal, neutral, or supportive statement",synthetic_tanglish
TCB2049,seriously un photo ku sexual comment podradhu wrong inga macha,Tanglish,1,other,0,0,0,0,1,0,0,medium,unwanted sexualized or appearance-based harassment,synthetic_tanglish
TCB2050,dei podi loosu comment section la podi,Tanglish,1,individual,1,0,0,0,0,0,1,low,profane or abusive wording,synthetic_tanglish
TCB2051,team work nalla pannenga la,Tanglish,0,none,0,0,0,0,0,0,0,none,"normal, neutral, or supportive statement",synthetic_tanglish
TCB2052,da good job bro macha,Tanglish,0,none,0,0,0,0,0,0,0,none,"normal, neutral, or supportive statement",synthetic_tanglish
TCB2053,andha group ellam useless,Tanglish,1,group,0,0,0,1,0,0,0,high,group-targeted hateful language,synthetic_tanglish
TCB2054,macha seri paakalam inniku,Tanglish,0,none,0,0,0,0,0,0,0,none,"normal, neutral, or supportive statement",synthetic_tanglish
TCB2055,un body pathi public ah pesa vendam comment section la podi,Tanglish,1,individual,0,0,0,0,1,0,0,high,unwanted sexualized or appearance-based harassment,synthetic_tanglish
TCB2056,seri correct ah sonna da,Tanglish,0,none,0,0,0,0,0,0,0,none,"normal, neutral, or supportive statement",synthetic_tanglish
TCB2057,macha super ah panniruka la,Tanglish,0,none,0,0,0,0,0,0,0,none,"normal, neutral, or supportive statement",synthetic_tanglish
TCB2058,seriously un photo ku sexual comment podradhu wrong ippo,Tanglish,1,individual,0,0,0,0,1,0,0,medium,unwanted sexualized or appearance-based harassment,synthetic_tanglish
TCB2059,honestly super ah panniruka nu,Tanglish,0,none,0,0,0,0,0,0,0,none,"normal, neutral, or supportive statement",synthetic_tanglish
TCB2060,seriously unna hurt panniduven message la da,Tanglish,1,other,0,1,1,0,0,0,0,medium,reference to physical harm,synthetic_tanglish
TCB2061,seriously fight panna vandha paathukalam intha post la da,Tanglish,1,other,0,1,1,0,0,0,0,high,reference to physical harm,synthetic_tanglish
TCB2062,bro semma performance nu,Tanglish,0,none,0,0,0,0,0,0,0,none,"normal, neutral, or supportive statement",synthetic_tanglish
TCB2063,da inniku session epdi pochu bro,Tanglish,0,none,0,0,0,0,0,0,0,none,"normal, neutral, or supportive statement",synthetic_tanglish
TCB2064,seriously avanai poi adichidu intha post la macha,Tanglish,1,individual,0,0,1,0,0,0,0,high,reference to physical harm,synthetic_tanglish
TCB2065,ivan innoru thadava ippadi pesina serious ah irukkum intha post la macha,Tanglish,1,other,0,1,0,0,0,0,0,medium,threatening language,synthetic_tanglish
TCB2066,super ah panniruka bro,Tanglish,0,none,0,0,0,0,0,0,0,none,"normal, neutral, or supportive statement",synthetic_tanglish
TCB2067,nice ah meeting five mani ku irukku honestly,Tanglish,0,none,0,0,0,0,0,0,0,none,"normal, neutral, or supportive statement",synthetic_tanglish
TCB2068,actually presentation clear ah irundhuchu macha,Tanglish,0,none,0,0,0,0,0,0,0,none,"normal, neutral, or supportive statement",synthetic_tanglish
TCB2069,da seri paakalam da,Tanglish,0,none,0,0,0,0,0,0,0,none,"normal, neutral, or supportive statement",synthetic_tanglish
TCB2070,yes class nalla irundhucha la,Tanglish,0,none,0,0,0,0,0,0,0,none,"normal, neutral, or supportive statement",synthetic_tanglish
TCB2071,dei nee nee romba stupid daily poda,Tanglish,1,other,1,0,0,0,0,0,0,medium,direct personal insult,synthetic_tanglish
TCB2072,un effort romba nalla irukku 👍,Tanglish,0,none,0,0,0,0,0,0,0,none,"normal, neutral, or supportive statement",synthetic_tanglish
TCB2073,bro online la unwanted sexual attention kudukkadha ippo,Tanglish,1,other,0,0,0,0,1,0,0,high,unwanted sexualized or appearance-based harassment,synthetic_tanglish
TCB2074,ivan unnoda actions ku answer kudukkanum message la macha,Tanglish,1,individual,0,1,0,0,0,0,0,high,threatening language,synthetic_tanglish
TCB2075,nee nee inga vandha unakku problem inga la,Tanglish,1,individual,0,1,0,0,0,0,0,high,threatening language,synthetic_tanglish
TCB2076,dei nee dei poda message la ah,Tanglish,1,individual,1,0,0,0,0,0,1,low,profane or abusive wording,synthetic_tanglish
TCB2077,honestly inniku session epdi pochu today,Tanglish,0,none,0,0,0,0,0,0,0,none,"normal, neutral, or supportive statement",synthetic_tanglish
TCB2078,nee podi dei daily,Tanglish,1,individual,1,0,0,0,0,0,1,medium,profane or abusive wording,synthetic_tanglish
TCB2079,nee innoru thadava ippadi pesina serious ah irukkum comment section la da,Tanglish,1,other,0,1,0,0,0,0,0,high,threatening language,synthetic_tanglish
TCB2080,nice ah super ah panniruka today,Tanglish,0,none,0,0,0,0,0,0,0,none,"normal, neutral, or supportive statement",synthetic_tanglish
TCB2081,dei nee total dummy comment section la ah,Tanglish,1,individual,1,0,0,0,0,0,0,medium,direct personal insult,synthetic_tanglish
TCB2082,bro un photo ku sexual comment podradhu wrong message la macha,Tanglish,1,individual,0,0,0,0,1,0,0,high,unwanted sexualized or appearance-based harassment,synthetic_tanglish
TCB2083,consent illama sexual request pannadha comment section la la,Tanglish,1,other,0,0,0,0,1,1,0,high,unwanted sexual pressure or abusive sexual request,synthetic_tanglish
TCB2084,seriously unakku sense eh illa online la macha,Tanglish,1,other,1,0,0,0,0,0,0,medium,direct personal insult,synthetic_tanglish
TCB2085,nee enna paaru naan unna paathukuren social media la da,Tanglish,1,individual,0,1,1,0,0,0,0,medium,threatening language,synthetic_tanglish
TCB2086,listen andha community ah nambave mudiyadhu online la da,Tanglish,1,group,0,0,0,1,0,0,0,medium,group-targeted hateful language,synthetic_tanglish
TCB2087,bro sexual pressure kudukka koodadhu social media la nu,Tanglish,1,other,0,0,0,0,0,1,0,high,unwanted sexual pressure or abusive sexual request,synthetic_tanglish
TCB2088,da solution useful ah irukku la,Tanglish,0,none,0,0,0,0,0,0,0,none,"normal, neutral, or supportive statement",synthetic_tanglish
TCB2089,ivan private content force panna vendam comment section la macha,Tanglish,1,individual,0,0,0,0,0,1,0,medium,unwanted sexual pressure or abusive sexual request,synthetic_tanglish
TCB2090,seriously unakku physical harm panniduven inga podi,Tanglish,1,individual,0,1,1,0,0,0,0,high,reference to physical harm,synthetic_tanglish
TCB2091,macha unna adichiduven,Tanglish,1,other,0,0,1,0,0,0,0,medium,reference to physical harm,synthetic_tanglish
TCB2092,dei sandaila unna adikka thonudhu chat la poda,Tanglish,1,individual,0,1,1,0,0,0,0,high,reference to physical harm,synthetic_tanglish
TCB2093,honestly team work nalla pannenga honestly,Tanglish,0,none,0,0,0,0,0,0,0,none,"normal, neutral, or supportive statement",synthetic_tanglish
TCB2094,honestly database update panniten today,Tanglish,0,none,0,0,0,0,0,0,0,none,"normal, neutral, or supportive statement",synthetic_tanglish
TCB2095,seri database update panniten bro,Tanglish,0,none,0,0,0,0,0,0,0,none,"normal, neutral, or supportive statement",synthetic_tanglish
TCB2096,naalaikku continue pannalam 👍,Tanglish,0,none,0,0,0,0,0,0,0,none,"normal, neutral, or supportive statement",synthetic_tanglish
TCB2097,nice ah thanks for helping me inniku,Tanglish,0,none,0,0,0,0,0,0,0,none,"normal, neutral, or supportive statement",synthetic_tanglish
TCB2098,ava unwanted sexual message anuppadha la,Tanglish,1,individual,0,0,0,0,1,1,0,medium,unwanted sexual pressure or abusive sexual request,synthetic_tanglish
TCB2099,actually all the best da bro,Tanglish,0,none,0,0,0,0,0,0,0,none,"normal, neutral, or supportive statement",synthetic_tanglish
TCB2100,da assignment submit pannitiya la,Tanglish,0,none,0,0,0,0,0,0,0,none,"normal, neutral, or supportive statement",synthetic_tanglish
TCB2101,dei unna vida maaten nu nenachuko ippo,Tanglish,1,individual,0,1,0,0,0,0,0,high,threatening language,synthetic_tanglish
TCB2102,honestly assignment submit pannitiya inniku,Tanglish,0,none,0,0,0,0,0,0,0,none,"normal, neutral, or supportive statement",synthetic_tanglish
TCB2103,dei nee avanga madhiri people inga vendaam intha post la poda,Tanglish,1,group,0,0,0,1,0,0,0,high,group-targeted hateful language,synthetic_tanglish
TCB2104,nee private photo share panna force pannadha public ah podi,Tanglish,1,individual,0,0,0,0,0,1,0,medium,unwanted sexual pressure or abusive sexual request,synthetic_tanglish
TCB2105,dei sexual pressure kudukka koodadhu bro,Tanglish,1,individual,0,0,0,0,0,1,0,high,unwanted sexual pressure or abusive sexual request,synthetic_tanglish
TCB2106,nice ah nee nalla work pannita honestly,Tanglish,0,none,0,0,0,0,0,0,0,none,"normal, neutral, or supportive statement",synthetic_tanglish
TCB2107,nee avanga madhiri people inga vendaam social media la,Tanglish,1,group,0,0,0,1,0,0,0,high,group-targeted hateful language,synthetic_tanglish
TCB2108,ivan unwanted sexual message anuppadha public ah ah,Tanglish,1,individual,0,0,0,0,0,1,0,high,unwanted sexual pressure or abusive sexual request,synthetic_tanglish
TCB2109,actually naalaikku continue pannalam bro,Tanglish,0,none,0,0,0,0,0,0,0,none,"normal, neutral, or supportive statement",synthetic_tanglish
TCB2110,actually thanks for helping me inniku,Tanglish,0,none,0,0,0,0,0,0,0,none,"normal, neutral, or supportive statement",synthetic_tanglish
TCB2111,da nee daily improve aagite irukka,Tanglish,0,none,0,0,0,0,0,0,0,none,"normal, neutral, or supportive statement",synthetic_tanglish
TCB2112,nee unna hurt panniduven social media la ippo,Tanglish,1,individual,0,0,1,0,0,0,0,high,reference to physical harm,synthetic_tanglish
TCB2113,nee private photo share panna force pannadha intha post la,Tanglish,1,other,0,0,0,0,1,1,0,medium,unwanted sexual pressure or abusive sexual request,synthetic_tanglish
TCB2114,bro meeting five mani ku irukku nu,Tanglish,0,none,0,0,0,0,0,0,0,none,"normal, neutral, or supportive statement",synthetic_tanglish
TCB2115,seri team work nalla pannenga,Tanglish,0,none,0,0,0,0,0,0,0,none,"normal, neutral, or supportive statement",synthetic_tanglish
TCB2116,ivan nee oru loosu online la ippo,Tanglish,1,other,1,0,0,0,0,0,0,medium,direct personal insult,synthetic_tanglish
TCB2117,seri semma performance bro,Tanglish,0,none,0,0,0,0,0,0,0,none,"normal, neutral, or supportive statement",synthetic_tanglish
TCB2118,da indha idea useful ah irukku la,Tanglish,0,none,0,0,0,0,0,0,0,none,"normal, neutral, or supportive statement",synthetic_tanglish
TCB2119,true bro correct ah sonna 👍,Tanglish,0,none,0,0,0,0,0,0,0,none,"normal, neutral, or supportive statement",synthetic_tanglish
TCB2120,macha database update panniten honestly,Tanglish,0,none,0,0,0,0,0,0,0,none,"normal, neutral, or supportive statement",synthetic_tanglish
TCB2121,seriously sandaila unna adikka thonudhu ippo,Tanglish,1,individual,0,0,1,0,0,0,0,high,reference to physical harm,synthetic_tanglish
TCB2122,ivan avanga madhiri people inga vendaam chat la nu,Tanglish,1,group,0,0,0,1,0,0,0,high,group-targeted hateful language,synthetic_tanglish
TCB2123,macha un effort romba nalla irukku bro,Tanglish,0,none,0,0,0,0,0,0,0,none,"normal, neutral, or supportive statement",synthetic_tanglish
TCB2124,ava online la unwanted sexual attention kudukkadha chat la nu,Tanglish,1,individual,0,0,0,0,1,0,0,medium,unwanted sexualized or appearance-based harassment,synthetic_tanglish
TCB2125,macha poda loosu chat la ippo,Tanglish,1,individual,1,0,0,0,0,0,1,low,profane or abusive wording,synthetic_tanglish
TCB2126,macha semma performance nu,Tanglish,0,none,0,0,0,0,0,0,0,none,"normal, neutral, or supportive statement",synthetic_tanglish
TCB2127,honestly super ah panniruka today,Tanglish,0,none,0,0,0,0,0,0,0,none,"normal, neutral, or supportive statement",synthetic_tanglish
TCB2128,ivan poda waste online la la,Tanglish,1,individual,0,0,0,0,0,0,1,low,profane or abusive wording,synthetic_tanglish
TCB2129,nice ah rest eduthuko la,Tanglish,0,none,0,0,0,0,0,0,0,none,"normal, neutral, or supportive statement",synthetic_tanglish
TCB2130,true bro presentation clear ah irundhuchu la,Tanglish,0,none,0,0,0,0,0,0,0,none,"normal, neutral, or supportive statement",synthetic_tanglish
TCB2131,nice ah nee nalla work pannita bro,Tanglish,0,none,0,0,0,0,0,0,0,none,"normal, neutral, or supportive statement",synthetic_tanglish
TCB2132,ivan unna physical ah attack panniduven message la,Tanglish,1,individual,0,0,1,0,0,0,0,high,reference to physical harm,synthetic_tanglish
TCB2133,da nee nalla work pannita la,Tanglish,0,none,0,0,0,0,0,0,0,none,"normal, neutral, or supportive statement",synthetic_tanglish
TCB2134,honestly naan unakku support panren today,Tanglish,0,none,0,0,0,0,0,0,0,none,"normal, neutral, or supportive statement",synthetic_tanglish
TCB2135,bro andha community people romba kevalam chat la,Tanglish,1,group,0,0,0,1,0,0,0,medium,group-targeted hateful language,synthetic_tanglish
TCB2136,seriously unna adikka varuven podi,Tanglish,1,individual,0,1,1,0,0,0,0,high,reference to physical harm,synthetic_tanglish
TCB2137,dei nee private content force panna vendam intha post la la,Tanglish,1,individual,0,0,0,0,0,1,0,medium,unwanted sexual pressure or abusive sexual request,synthetic_tanglish
TCB2138,yes movie epdi irundhuchu la,Tanglish,0,none,0,0,0,0,0,0,0,none,"normal, neutral, or supportive statement",synthetic_tanglish
TCB2139,honestly later discuss pannalam honestly,Tanglish,0,none,0,0,0,0,0,0,0,none,"normal, neutral, or supportive statement",synthetic_tanglish
TCB2140,fight panna vandha paathukalam chat la ah,Tanglish,1,other,0,0,1,0,0,0,0,medium,reference to physical harm,synthetic_tanglish
TCB2141,macha team work nalla pannenga honestly,Tanglish,0,none,0,0,0,0,0,0,0,none,"normal, neutral, or supportive statement",synthetic_tanglish
TCB2142,actually presentation clear ah irundhuchu today,Tanglish,0,none,0,0,0,0,0,0,0,none,"normal, neutral, or supportive statement",synthetic_tanglish
TCB2143,nee nee inga vandha unakku problem social media la podi,Tanglish,1,other,0,1,1,0,0,0,0,medium,threatening language,synthetic_tanglish
TCB2144,listen andha community ah nambave mudiyadhu daily podi,Tanglish,1,group,0,0,0,1,0,0,0,medium,group-targeted hateful language,synthetic_tanglish
TCB2145,nee personal appearance ah target panni tease pannadha chat la ah,Tanglish,1,individual,0,0,0,0,1,0,0,medium,unwanted sexualized or appearance-based harassment,synthetic_tanglish
TCB2146,later discuss pannalam macha,Tanglish,0,none,0,0,0,0,0,0,0,none,"normal, neutral, or supportive statement",synthetic_tanglish
TCB2147,seri solution useful ah irukku macha,Tanglish,0,none,0,0,0,0,0,0,0,none,"normal, neutral, or supportive statement",synthetic_tanglish
TCB2148,true bro food saptiya nu,Tanglish,0,none,0,0,0,0,0,0,0,none,"normal, neutral, or supportive statement",synthetic_tanglish
TCB2149,seri nice explanation 👍,Tanglish,0,none,0,0,0,0,0,0,0,none,"normal, neutral, or supportive statement",synthetic_tanglish
TCB2150,dei nee unna physical ah attack panniduven intha post la la,Tanglish,1,individual,0,1,1,0,0,0,0,medium,reference to physical harm,synthetic_tanglish
TCB2151,nee podi poi ukkaru chat la macha,Tanglish,1,individual,0,0,0,0,0,0,1,low,profane or abusive wording,synthetic_tanglish
TCB2152,honestly indha idea useful ah irukku bro,Tanglish,0,none,0,0,0,0,0,0,0,none,"normal, neutral, or supportive statement",synthetic_tanglish
TCB2153,bro unakku sense eh illa da,Tanglish,1,other,1,0,0,0,0,0,0,low,direct personal insult,synthetic_tanglish
TCB2154,seri class nalla irundhucha 👍,Tanglish,0,none,0,0,0,0,0,0,0,none,"normal, neutral, or supportive statement",synthetic_tanglish
TCB2155,dei nee innoru message anuppina paathuko comment section la macha,Tanglish,1,other,0,1,0,0,0,0,0,medium,threatening language,synthetic_tanglish
TCB2156,listen consent illama private photo kekkadha social media la da,Tanglish,1,individual,0,0,0,0,0,1,0,high,unwanted sexual pressure or abusive sexual request,synthetic_tanglish
TCB2157,poda poi velaiya paaru public ah ah,Tanglish,1,individual,0,0,0,0,0,0,1,low,profane or abusive wording,synthetic_tanglish
TCB2158,true bro all the best da 👍,Tanglish,0,none,0,0,0,0,0,0,0,none,"normal, neutral, or supportive statement",synthetic_tanglish
TCB2159,listen dei mokka ippo,Tanglish,1,other,0,0,0,0,0,0,1,medium,profane or abusive wording,synthetic_tanglish
TCB2160,nee poda loosu podi,Tanglish,1,individual,0,0,0,0,0,0,1,low,profane or abusive wording,synthetic_tanglish
TCB2161,bro unwanted sexual message anuppadha online la ippo,Tanglish,1,individual,0,0,0,0,0,1,0,high,unwanted sexual pressure or abusive sexual request,synthetic_tanglish
TCB2162,bro un photo paathu sexual comments podradhu wrong macha,Tanglish,1,individual,0,0,0,0,1,0,0,medium,unwanted sexualized or appearance-based harassment,synthetic_tanglish
TCB2163,honestly nee daily improve aagite irukka inniku,Tanglish,0,none,0,0,0,0,0,0,0,none,"normal, neutral, or supportive statement",synthetic_tanglish
TCB2164,dei unakku consequences irukkum comment section la da,Tanglish,1,other,0,1,0,0,0,0,0,high,threatening language,synthetic_tanglish
TCB2165,bro thanks for helping me nu,Tanglish,0,none,0,0,0,0,0,0,0,none,"normal, neutral, or supportive statement",synthetic_tanglish
TCB2166,bro unna adichiduven inga podi,Tanglish,1,individual,0,0,1,0,0,0,0,medium,reference to physical harm,synthetic_tanglish
TCB2167,macha nee enna pannalum naan respond panren comment section la poda,Tanglish,1,individual,0,1,0,0,0,0,0,medium,threatening language,synthetic_tanglish
TCB2168,true bro un effort romba nalla irukku honestly,Tanglish,0,none,0,0,0,0,0,0,0,none,"normal, neutral, or supportive statement",synthetic_tanglish
TCB2169,macha keep going bro la,Tanglish,0,none,0,0,0,0,0,0,0,none,"normal, neutral, or supportive statement",synthetic_tanglish
TCB2170,nice ah food saptiya bro,Tanglish,0,none,0,0,0,0,0,0,0,none,"normal, neutral, or supportive statement",synthetic_tanglish
TCB2171,true bro code check pannitu sollu inniku,Tanglish,0,none,0,0,0,0,0,0,0,none,"normal, neutral, or supportive statement",synthetic_tanglish
TCB2172,bro nee stop pannalana problem aagum comment section la,Tanglish,1,individual,0,1,0,0,0,0,0,medium,threatening language,synthetic_tanglish
TCB2173,nee un performance romba kevalam intha post la ippo,Tanglish,1,individual,1,0,0,0,0,0,0,medium,direct personal insult,synthetic_tanglish
TCB2174,actually super ah panniruka inniku,Tanglish,0,none,0,0,0,0,0,0,0,none,"normal, neutral, or supportive statement",synthetic_tanglish
TCB2175,actually nice explanation,Tanglish,0,none,0,0,0,0,0,0,0,none,"normal, neutral, or supportive statement",synthetic_tanglish
TCB2176,listen andha group ellam useless message la ah,Tanglish,1,group,0,0,0,1,0,0,0,high,group-targeted hateful language,synthetic_tanglish
TCB2177,seriously un brain enga pochu nu,Tanglish,1,individual,1,0,0,0,0,0,1,low,direct personal insult,synthetic_tanglish
TCB2178,listen dei poda inga la,Tanglish,1,other,0,0,0,0,0,0,1,low,profane or abusive wording,synthetic_tanglish
TCB2179,honestly nice explanation inniku,Tanglish,0,none,0,0,0,0,0,0,0,none,"normal, neutral, or supportive statement",synthetic_tanglish
TCB2180,macha food saptiya la,Tanglish,0,none,0,0,0,0,0,0,0,none,"normal, neutral, or supportive statement",synthetic_tanglish
TCB2181,honestly good job bro bro,Tanglish,0,none,0,0,0,0,0,0,0,none,"normal, neutral, or supportive statement",synthetic_tanglish
TCB2182,actually movie epdi irundhuchu bro,Tanglish,0,none,0,0,0,0,0,0,0,none,"normal, neutral, or supportive statement",synthetic_tanglish
TCB2183,dei andha group ellam useless chat la nu,Tanglish,1,group,0,0,0,1,0,0,0,high,group-targeted hateful language,synthetic_tanglish
TCB2184,nee unna hurt panniduven message la da,Tanglish,1,individual,0,1,1,0,0,0,0,medium,reference to physical harm,synthetic_tanglish
TCB2185,macha movie epdi irundhuchu 👍,Tanglish,0,none,0,0,0,0,0,0,0,none,"normal, neutral, or supportive statement",synthetic_tanglish
TCB2186,seri database update panniten honestly,Tanglish,0,none,0,0,0,0,0,0,0,none,"normal, neutral, or supportive statement",synthetic_tanglish
TCB2187,dei unnoda actions ku answer kudukkanum inga bro,Tanglish,1,individual,0,1,0,0,0,0,0,high,threatening language,synthetic_tanglish
TCB2188,yes class nalla irundhucha bro,Tanglish,0,none,0,0,0,0,0,0,0,none,"normal, neutral, or supportive statement",synthetic_tanglish
TCB2189,bro happy for your progress today,Tanglish,0,none,0,0,0,0,0,0,0,none,"normal, neutral, or supportive statement",synthetic_tanglish
TCB2190,actually happy for your progress macha,Tanglish,0,none,0,0,0,0,0,0,0,none,"normal, neutral, or supportive statement",synthetic_tanglish
TCB2191,listen unakku common sense illa inga da,Tanglish,1,individual,1,0,0,0,0,0,0,low,direct personal insult,synthetic_tanglish
TCB2192,dei nee unwanted sexual message anuppadha inga bro,Tanglish,1,individual,0,0,0,0,0,1,0,medium,unwanted sexual pressure or abusive sexual request,synthetic_tanglish
TCB2193,ivan personal appearance ah target panni tease pannadha intha post la da,Tanglish,1,individual,0,0,0,0,1,0,0,high,unwanted sexualized or appearance-based harassment,synthetic_tanglish
TCB2194,yes thanks for helping me da,Tanglish,0,none,0,0,0,0,0,0,0,none,"normal, neutral, or supportive statement",synthetic_tanglish
TCB2195,honestly inniku session epdi pochu bro,Tanglish,0,none,0,0,0,0,0,0,0,none,"normal, neutral, or supportive statement",synthetic_tanglish
TCB2196,seri project nalla develop aaguthu la,Tanglish,0,none,0,0,0,0,0,0,0,none,"normal, neutral, or supportive statement",synthetic_tanglish
TCB2197,bro nee oru useless fellow public ah podi,Tanglish,1,other,1,0,0,0,0,0,0,medium,direct personal insult,synthetic_tanglish
TCB2198,nice ah nee daily improve aagite irukka honestly,Tanglish,0,none,0,0,0,0,0,0,0,none,"normal, neutral, or supportive statement",synthetic_tanglish
TCB2199,rest eduthuko nu,Tanglish,0,none,0,0,0,0,0,0,0,none,"normal, neutral, or supportive statement",synthetic_tanglish
TCB2200,un brain enga pochu daily podi,Tanglish,1,individual,1,0,0,0,0,0,0,medium,direct personal insult,synthetic_tanglish
TCB2201,seriously avanga madhiri people inga vendaam comment section la,Tanglish,1,group,0,0,0,1,0,0,0,high,group-targeted hateful language,synthetic_tanglish
TCB2202,un photo paathu sexual comments podradhu wrong intha post la ippo,Tanglish,1,other,0,0,0,0,1,0,0,high,unwanted sexualized or appearance-based harassment,synthetic_tanglish
TCB2203,macha nee enna pannalum naan respond panren comment section la,Tanglish,1,individual,0,1,1,0,0,0,0,high,threatening language,synthetic_tanglish
TCB2204,macha indha idea useful ah irukku bro,Tanglish,0,none,0,0,0,0,0,0,0,none,"normal, neutral, or supportive statement",synthetic_tanglish
TCB2205,nice ah later discuss pannalam,Tanglish,0,none,0,0,0,0,0,0,0,none,"normal, neutral, or supportive statement",synthetic_tanglish
TCB2206,true bro naalaikku continue pannalam bro,Tanglish,0,none,0,0,0,0,0,0,0,none,"normal, neutral, or supportive statement",synthetic_tanglish
TCB2207,ava unna vida maaten nu nenachuko message la bro,Tanglish,1,individual,0,1,0,0,0,0,0,high,threatening language,synthetic_tanglish
TCB2208,seri code check pannitu sollu 👍,Tanglish,0,none,0,0,0,0,0,0,0,none,"normal, neutral, or supportive statement",synthetic_tanglish
TCB2209,ivan un body ah comment panni disturb pannadha comment section la macha,Tanglish,1,individual,0,0,0,0,1,0,0,medium,unwanted sexualized or appearance-based harassment,synthetic_tanglish
TCB2210,nee po da inga irundhu daily macha,Tanglish,1,other,0,0,0,0,0,0,1,medium,profane or abusive wording,synthetic_tanglish
TCB2211,actually semma performance la,Tanglish,0,none,0,0,0,0,0,0,0,none,"normal, neutral, or supportive statement",synthetic_tanglish
TCB2212,nice ah movie epdi irundhuchu honestly,Tanglish,0,none,0,0,0,0,0,0,0,none,"normal, neutral, or supportive statement",synthetic_tanglish
TCB2213,seri happy for your progress today,Tanglish,0,none,0,0,0,0,0,0,0,none,"normal, neutral, or supportive statement",synthetic_tanglish
TCB2214,seri seri paakalam,Tanglish,0,none,0,0,0,0,0,0,0,none,"normal, neutral, or supportive statement",synthetic_tanglish
TCB2215,nee unna adichiduven inga da,Tanglish,1,individual,0,0,1,0,0,0,0,high,reference to physical harm,synthetic_tanglish
TCB2216,macha database update panniten,Tanglish,0,none,0,0,0,0,0,0,0,none,"normal, neutral, or supportive statement",synthetic_tanglish
TCB2217,seri assignment submit pannitiya da,Tanglish,0,none,0,0,0,0,0,0,0,none,"normal, neutral, or supportive statement",synthetic_tanglish
TCB2218,bro sandaila unna adikka thonudhu intha post la podi,Tanglish,1,individual,0,0,1,0,0,0,0,medium,reference to physical harm,synthetic_tanglish
TCB2219,nee nee oru joker message la nu,Tanglish,1,individual,1,0,0,0,0,0,1,medium,direct personal insult,synthetic_tanglish
TCB2220,ivan andha group people ellam mosam comment section la,Tanglish,1,group,0,0,0,1,0,0,0,high,group-targeted hateful language,synthetic_tanglish
TCB2221,listen sexual content anuppi disturb panna koodadhu message la ah,Tanglish,1,individual,0,0,0,0,1,1,0,medium,unwanted sexual pressure or abusive sexual request,synthetic_tanglish
TCB2222,dei nee unakku edhuvume theriyadhu online la nu,Tanglish,1,other,1,0,0,0,0,0,0,low,direct personal insult,synthetic_tanglish
TCB2223,unna hurt panniduven comment section la poda,Tanglish,1,individual,0,1,1,0,0,0,0,high,reference to physical harm,synthetic_tanglish
TCB2224,dei nee podi da inga nu,Tanglish,1,individual,0,0,0,0,0,0,1,medium,profane or abusive wording,synthetic_tanglish
TCB2225,nee nalla work pannita,Tanglish,0,none,0,0,0,0,0,0,0,none,"normal, neutral, or supportive statement",synthetic_tanglish
TCB2226,bro inniku session epdi pochu macha,Tanglish,0,none,0,0,0,0,0,0,0,none,"normal, neutral, or supportive statement",synthetic_tanglish
TCB2227,da all the best da honestly,Tanglish,0,none,0,0,0,0,0,0,0,none,"normal, neutral, or supportive statement",synthetic_tanglish
TCB2228,yes naalaikku continue pannalam macha,Tanglish,0,none,0,0,0,0,0,0,0,none,"normal, neutral, or supportive statement",synthetic_tanglish
TCB2229,seriously unna physical ah attack panniduven comment section la macha,Tanglish,1,individual,0,1,1,0,0,0,0,medium,reference to physical harm,synthetic_tanglish
TCB2230,honestly nee nalla work pannita today,Tanglish,0,none,0,0,0,0,0,0,0,none,"normal, neutral, or supportive statement",synthetic_tanglish
TCB2231,macha code check pannitu sollu today,Tanglish,0,none,0,0,0,0,0,0,0,none,"normal, neutral, or supportive statement",synthetic_tanglish
TCB2232,ivan nee careful ah iru intha post la poda,Tanglish,1,individual,0,1,1,0,0,0,0,high,threatening language,synthetic_tanglish
TCB2233,listen nee oru waste fellow,Tanglish,1,other,1,0,0,0,0,0,0,medium,direct personal insult,synthetic_tanglish
TCB2234,ava un body ah comment panni disturb pannadha message la macha,Tanglish,1,individual,0,0,0,0,1,0,0,medium,unwanted sexualized or appearance-based harassment,synthetic_tanglish
TCB2235,yes all the best da bro,Tanglish,0,none,0,0,0,0,0,0,0,none,"normal, neutral, or supportive statement",synthetic_tanglish
TCB2236,macha un photo paathu sexual comments podradhu wrong public ah ah,Tanglish,1,individual,0,0,0,0,1,0,0,medium,unwanted sexualized or appearance-based harassment,synthetic_tanglish
TCB2237,dei nee andha community ah nambave mudiyadhu comment section la,Tanglish,1,group,0,0,0,1,0,0,0,high,group-targeted hateful language,synthetic_tanglish
TCB2238,da thanks for helping me da,Tanglish,0,none,0,0,0,0,0,0,0,none,"normal, neutral, or supportive statement",synthetic_tanglish
TCB2239,actually meeting five mani ku irukku nu,Tanglish,0,none,0,0,0,0,0,0,0,none,"normal, neutral, or supportive statement",synthetic_tanglish
TCB2240,ivan andha group ellam useless intha post la poda,Tanglish,1,group,0,0,0,1,0,0,0,high,group-targeted hateful language,synthetic_tanglish
TCB2241,dei nee andha community people romba kevalam comment section la macha,Tanglish,1,group,0,0,0,1,0,0,0,medium,group-targeted hateful language,synthetic_tanglish
TCB2242,dei nee un body ah comment panni disturb pannadha social media la podi,Tanglish,1,individual,0,0,0,0,1,0,0,medium,unwanted sexualized or appearance-based harassment,synthetic_tanglish
TCB2243,listen po da inga irundhu message la podi,Tanglish,1,individual,1,0,0,0,0,0,1,medium,profane or abusive wording,synthetic_tanglish
TCB2244,seriously nee oru failure online la bro,Tanglish,1,other,1,0,0,0,0,0,0,low,direct personal insult,synthetic_tanglish
TCB2245,bro nee careful ah iru ippo,Tanglish,1,individual,0,1,1,0,0,0,0,high,threatening language,synthetic_tanglish
TCB2246,bro all the best da today,Tanglish,0,none,0,0,0,0,0,0,0,none,"normal, neutral, or supportive statement",synthetic_tanglish
TCB2247,macha nee oru embarrassment comment section la,Tanglish,1,other,1,0,0,0,0,0,1,low,direct personal insult,synthetic_tanglish
TCB2248,rest eduthuko inniku,Tanglish,0,none,0,0,0,0,0,0,0,none,"normal, neutral, or supportive statement",synthetic_tanglish
TCB2249,da team work nalla pannenga 👍,Tanglish,0,none,0,0,0,0,0,0,0,none,"normal, neutral, or supportive statement",synthetic_tanglish
TCB2250,bro later discuss pannalam macha,Tanglish,0,none,0,0,0,0,0,0,0,none,"normal, neutral, or supportive statement",synthetic_tanglish
TCB2251,nice ah nice explanation today,Tanglish,0,none,0,0,0,0,0,0,0,none,"normal, neutral, or supportive statement",synthetic_tanglish
TCB2252,da seri paakalam inniku,Tanglish,0,none,0,0,0,0,0,0,0,none,"normal, neutral, or supportive statement",synthetic_tanglish
TCB2253,yes project nalla develop aaguthu today,Tanglish,0,none,0,0,0,0,0,0,0,none,"normal, neutral, or supportive statement",synthetic_tanglish
TCB2254,dei nee inga vandha unakku problem online la,Tanglish,1,individual,0,1,0,0,0,0,0,high,threatening language,synthetic_tanglish
TCB2255,nee andha group people ellam mosam public ah la,Tanglish,1,group,0,0,0,1,0,0,0,medium,group-targeted hateful language,synthetic_tanglish
TCB2256,dei nee romba pathetic chat la podi,Tanglish,1,other,1,0,0,0,0,0,1,medium,direct personal insult,synthetic_tanglish
TCB2257,listen nee romba stupid chat la poda,Tanglish,1,individual,1,0,0,0,0,0,0,low,direct personal insult,synthetic_tanglish
TCB2258,honestly indha idea useful ah irukku today,Tanglish,0,none,0,0,0,0,0,0,0,none,"normal, neutral, or supportive statement",synthetic_tanglish
TCB2259,nee unwanted sexual message anuppadha public ah poda,Tanglish,1,individual,0,0,0,0,0,1,0,high,unwanted sexual pressure or abusive sexual request,synthetic_tanglish
TCB2260,listen andha community people romba kevalam comment section la ah,Tanglish,1,group,0,0,0,1,0,0,0,high,group-targeted hateful language,synthetic_tanglish
TCB2261,da food saptiya nu,Tanglish,0,none,0,0,0,0,0,0,0,none,"normal, neutral, or supportive statement",synthetic_tanglish
TCB2262,bro nee nalla work pannita,Tanglish,0,none,0,0,0,0,0,0,0,none,"normal, neutral, or supportive statement",synthetic_tanglish
TCB2263,macha unakku common sense illa message la ippo,Tanglish,1,other,1,0,0,0,0,0,0,low,direct personal insult,synthetic_tanglish
TCB2264,nice ah presentation clear ah irundhuchu la,Tanglish,0,none,0,0,0,0,0,0,0,none,"normal, neutral, or supportive statement",synthetic_tanglish
TCB2265,macha all the best da la,Tanglish,0,none,0,0,0,0,0,0,0,none,"normal, neutral, or supportive statement",synthetic_tanglish
TCB2266,actually nee daily improve aagite irukka da,Tanglish,0,none,0,0,0,0,0,0,0,none,"normal, neutral, or supportive statement",synthetic_tanglish
TCB2267,ivan private photo share panna force pannadha intha post la bro,Tanglish,1,other,0,0,0,0,1,1,0,high,unwanted sexual pressure or abusive sexual request,synthetic_tanglish
TCB2268,macha un body ah comment panni disturb pannadha comment section la la,Tanglish,1,individual,0,0,0,0,1,0,0,high,unwanted sexualized or appearance-based harassment,synthetic_tanglish
TCB2269,ivan private content force panna vendam comment section la nu,Tanglish,1,individual,0,0,0,0,1,1,0,medium,unwanted sexual pressure or abusive sexual request,synthetic_tanglish
TCB2270,nee sexual content anuppi disturb panna koodadhu comment section la nu,Tanglish,1,other,0,0,0,0,1,1,0,high,unwanted sexual pressure or abusive sexual request,synthetic_tanglish
TCB2271,macha team work nalla pannenga bro,Tanglish,0,none,0,0,0,0,0,0,0,none,"normal, neutral, or supportive statement",synthetic_tanglish
TCB2272,nee nee onnum purinjikala online la da,Tanglish,1,other,1,0,0,0,0,0,1,low,direct personal insult,synthetic_tanglish
TCB2273,nice ah solution useful ah irukku inniku,Tanglish,0,none,0,0,0,0,0,0,0,none,"normal, neutral, or supportive statement",synthetic_tanglish
TCB2274,seri paakalam bro,Tanglish,0,none,0,0,0,0,0,0,0,none,"normal, neutral, or supportive statement",synthetic_tanglish
TCB2275,macha assignment submit pannitiya la,Tanglish,0,none,0,0,0,0,0,0,0,none,"normal, neutral, or supportive statement",synthetic_tanglish
TCB2276,bro good job bro da,Tanglish,0,none,0,0,0,0,0,0,0,none,"normal, neutral, or supportive statement",synthetic_tanglish
TCB2277,actually naalaikku continue pannalam today,Tanglish,0,none,0,0,0,0,0,0,0,none,"normal, neutral, or supportive statement",synthetic_tanglish
TCB2278,seriously private content force panna vendam daily bro,Tanglish,1,individual,0,0,0,0,0,1,0,medium,unwanted sexual pressure or abusive sexual request,synthetic_tanglish
TCB2279,seri super ah panniruka la,Tanglish,0,none,0,0,0,0,0,0,0,none,"normal, neutral, or supportive statement",synthetic_tanglish
TCB2280,listen un photo paathu sexual comments podradhu wrong public ah ippo,Tanglish,1,individual,0,0,0,0,1,0,0,high,unwanted sexualized or appearance-based harassment,synthetic_tanglish
TCB2281,dei nee dei poda inga social media la,Tanglish,1,individual,1,0,0,0,0,0,1,low,profane or abusive wording,synthetic_tanglish
TCB2282,bro un photo ku sexual comment podradhu wrong social media la macha,Tanglish,1,individual,0,0,0,0,1,0,0,medium,unwanted sexualized or appearance-based harassment,synthetic_tanglish
TCB2283,ava consent illama private photo kekkadha,Tanglish,1,individual,0,0,0,0,0,1,0,medium,unwanted sexual pressure or abusive sexual request,synthetic_tanglish
TCB2284,seri keep going bro inniku,Tanglish,0,none,0,0,0,0,0,0,0,none,"normal, neutral, or supportive statement",synthetic_tanglish
TCB2285,honestly naalaikku continue pannalam bro,Tanglish,0,none,0,0,0,0,0,0,0,none,"normal, neutral, or supportive statement",synthetic_tanglish
TCB2286,dei nee nee stop pannalana problem aagum social media la ippo,Tanglish,1,individual,0,1,1,0,0,0,0,medium,threatening language,synthetic_tanglish
TCB2287,macha nee romba stupid online la ippo,Tanglish,1,individual,1,0,0,0,0,0,0,medium,direct personal insult,synthetic_tanglish
TCB2288,honestly solution useful ah irukku nu,Tanglish,0,none,0,0,0,0,0,0,0,none,"normal, neutral, or supportive statement",synthetic_tanglish
TCB2289,seriously avanga ellarum same madhiri online la podi,Tanglish,1,group,0,0,0,1,0,0,0,high,group-targeted hateful language,synthetic_tanglish
TCB2290,macha dei poda message la macha,Tanglish,1,individual,1,0,0,0,0,0,1,medium,profane or abusive wording,synthetic_tanglish
TCB2291,seri assignment submit pannitiya,Tanglish,0,none,0,0,0,0,0,0,0,none,"normal, neutral, or supportive statement",synthetic_tanglish
TCB2292,actually team work nalla pannenga 👍,Tanglish,0,none,0,0,0,0,0,0,0,none,"normal, neutral, or supportive statement",synthetic_tanglish
TCB2293,dei sandaila unna adikka thonudhu social media la da,Tanglish,1,other,0,1,1,0,0,0,0,high,reference to physical harm,synthetic_tanglish
TCB2294,seri all the best da inniku,Tanglish,0,none,0,0,0,0,0,0,0,none,"normal, neutral, or supportive statement",synthetic_tanglish
TCB2295,dei andha group people ellam mosam message la ah,Tanglish,1,group,0,0,0,1,0,0,0,high,group-targeted hateful language,synthetic_tanglish
TCB2296,bro andha people ellam problem inga ippo,Tanglish,1,group,0,0,0,1,0,0,0,medium,group-targeted hateful language,synthetic_tanglish
TCB2297,dei nee inga vandha unakku problem daily nu,Tanglish,1,individual,0,1,1,0,0,0,0,high,threatening language,synthetic_tanglish
TCB2298,macha nice explanation da,Tanglish,0,none,0,0,0,0,0,0,0,none,"normal, neutral, or supportive statement",synthetic_tanglish
TCB2299,seri correct ah sonna 👍,Tanglish,0,none,0,0,0,0,0,0,0,none,"normal, neutral, or supportive statement",synthetic_tanglish
TCB2300,ivan un body pathi public ah pesa vendam comment section la ah,Tanglish,1,individual,0,0,0,0,1,0,0,high,unwanted sexualized or appearance-based harassment,synthetic_tanglish
TCB2301,dei avanga group ah support panna koodadhu online la podi,Tanglish,1,group,0,0,0,1,0,0,0,high,group-targeted hateful language,synthetic_tanglish
TCB2302,actually solution useful ah irukku 👍,Tanglish,0,none,0,0,0,0,0,0,0,none,"normal, neutral, or supportive statement",synthetic_tanglish
TCB2303,ivan sexual content anuppi disturb panna koodadhu intha post la podi,Tanglish,1,individual,0,0,0,0,0,1,0,high,unwanted sexual pressure or abusive sexual request,synthetic_tanglish
TCB2304,da indha idea useful ah irukku bro,Tanglish,0,none,0,0,0,0,0,0,0,none,"normal, neutral, or supportive statement",synthetic_tanglish
TCB2305,seri class nalla irundhucha inniku,Tanglish,0,none,0,0,0,0,0,0,0,none,"normal, neutral, or supportive statement",synthetic_tanglish
TCB2306,ivan unakku physical harm panniduven ippo,Tanglish,1,other,0,0,1,0,0,0,0,high,reference to physical harm,synthetic_tanglish
TCB2307,nee andha group people ellam mosam comment section la,Tanglish,1,group,0,0,0,1,0,0,0,high,group-targeted hateful language,synthetic_tanglish
TCB2308,seriously naan unna confront panren online la nu,Tanglish,1,individual,0,1,0,0,0,0,0,medium,threatening language,synthetic_tanglish
TCB2309,dei naan unna confront panren public ah ah,Tanglish,1,individual,0,1,1,0,0,0,0,medium,threatening language,synthetic_tanglish
TCB2310,actually code check pannitu sollu 👍,Tanglish,0,none,0,0,0,0,0,0,0,none,"normal, neutral, or supportive statement",synthetic_tanglish
TCB2311,nice ah rest eduthuko bro,Tanglish,0,none,0,0,0,0,0,0,0,none,"normal, neutral, or supportive statement",synthetic_tanglish
TCB2312,nee poda poi velaiya paaru social media la macha,Tanglish,1,individual,0,0,0,0,0,0,1,low,profane or abusive wording,synthetic_tanglish
TCB2313,poda loosu intha post la la,Tanglish,1,other,0,0,0,0,0,0,1,medium,profane or abusive wording,synthetic_tanglish
TCB2314,bro assignment submit pannitiya inniku,Tanglish,0,none,0,0,0,0,0,0,0,none,"normal, neutral, or supportive statement",synthetic_tanglish
TCB2315,yes project nalla develop aaguthu la,Tanglish,0,none,0,0,0,0,0,0,0,none,"normal, neutral, or supportive statement",synthetic_tanglish
TCB2316,unna hurt panniduven intha post la ippo,Tanglish,1,individual,0,0,1,0,0,0,0,medium,reference to physical harm,synthetic_tanglish
TCB2317,da nee daily improve aagite irukka inniku,Tanglish,0,none,0,0,0,0,0,0,0,none,"normal, neutral, or supportive statement",synthetic_tanglish
TCB2318,un photo ku sexual comment podradhu wrong comment section la,Tanglish,1,individual,0,0,0,0,1,0,0,medium,unwanted sexualized or appearance-based harassment,synthetic_tanglish
TCB2319,dei nee unakku common sense illa online la,Tanglish,1,individual,1,0,0,0,0,0,1,low,direct personal insult,synthetic_tanglish
TCB2320,honestly keep going bro la,Tanglish,0,none,0,0,0,0,0,0,0,none,"normal, neutral, or supportive statement",synthetic_tanglish
TCB2321,honestly class nalla irundhucha inniku,Tanglish,0,none,0,0,0,0,0,0,0,none,"normal, neutral, or supportive statement",synthetic_tanglish
TCB2322,nee andha group people ellam mosam comment section la la,Tanglish,1,group,0,0,0,1,0,0,0,high,group-targeted hateful language,synthetic_tanglish
TCB2323,avanga group ah support panna koodadhu inga nu,Tanglish,1,group,0,0,0,1,0,0,0,high,group-targeted hateful language,synthetic_tanglish
TCB2324,bro podi poi ukkaru public ah macha,Tanglish,1,other,0,0,0,0,0,0,1,low,profane or abusive wording,synthetic_tanglish
TCB2325,yes thanks for helping me la,Tanglish,0,none,0,0,0,0,0,0,0,none,"normal, neutral, or supportive statement",synthetic_tanglish
TCB2326,listen unna adikka varuven social media la da,Tanglish,1,other,0,1,1,0,0,0,0,high,reference to physical harm,synthetic_tanglish
TCB2327,nice ah later discuss pannalam la,Tanglish,0,none,0,0,0,0,0,0,0,none,"normal, neutral, or supportive statement",synthetic_tanglish
TCB2328,actually project nalla develop aaguthu nu,Tanglish,0,none,0,0,0,0,0,0,0,none,"normal, neutral, or supportive statement",synthetic_tanglish
TCB2329,nice ah seri paakalam,Tanglish,0,none,0,0,0,0,0,0,0,none,"normal, neutral, or supportive statement",synthetic_tanglish
TCB2330,macha unakku edhuvume theriyadhu chat la ippo,Tanglish,1,individual,1,0,0,0,0,0,0,low,direct personal insult,synthetic_tanglish
TCB2331,honestly meeting five mani ku irukku honestly,Tanglish,0,none,0,0,0,0,0,0,0,none,"normal, neutral, or supportive statement",synthetic_tanglish
TCB2332,true bro nee daily improve aagite irukka inniku,Tanglish,0,none,0,0,0,0,0,0,0,none,"normal, neutral, or supportive statement",synthetic_tanglish
TCB2333,dei nee nee pesuradhellam mokka comment section la podi,Tanglish,1,other,1,0,0,0,0,0,1,medium,direct personal insult,synthetic_tanglish
TCB2334,ivan avanga ellarum same madhiri online la la,Tanglish,1,group,0,0,0,1,0,0,0,high,group-targeted hateful language,synthetic_tanglish
TCB2335,dei sexual content anuppi disturb panna koodadhu online la la,Tanglish,1,other,0,0,0,0,0,1,0,high,unwanted sexual pressure or abusive sexual request,synthetic_tanglish
TCB2336,dei poda mental social media la,Tanglish,1,individual,1,0,0,0,0,0,1,low,profane or abusive wording,synthetic_tanglish
TCB2337,dei avanga ellarum same madhiri online la la,Tanglish,1,group,0,0,0,1,0,0,0,medium,group-targeted hateful language,synthetic_tanglish
TCB2338,macha unna adichiduven daily bro,Tanglish,1,individual,0,0,1,0,0,0,0,high,reference to physical harm,synthetic_tanglish
TCB2339,dei poda loosu chat la nu,Tanglish,1,individual,1,0,0,0,0,0,1,low,profane or abusive wording,synthetic_tanglish
TCB2340,seriously unna adichiduven chat la da,Tanglish,1,individual,0,1,1,0,0,0,0,medium,reference to physical harm,synthetic_tanglish
TCB2341,semma performance 👍,Tanglish,0,none,0,0,0,0,0,0,0,none,"normal, neutral, or supportive statement",synthetic_tanglish
TCB2342,listen un body ah comment panni disturb pannadha social media la macha,Tanglish,1,individual,0,0,0,0,1,0,0,medium,unwanted sexualized or appearance-based harassment,synthetic_tanglish
TCB2343,macha nice explanation today,Tanglish,0,none,0,0,0,0,0,0,0,none,"normal, neutral, or supportive statement",synthetic_tanglish
TCB2344,nice ah thanks for helping me nu,Tanglish,0,none,0,0,0,0,0,0,0,none,"normal, neutral, or supportive statement",synthetic_tanglish
TCB2345,ava innoru thadava ippadi pesina serious ah irukkum message la poda,Tanglish,1,other,0,1,1,0,0,0,0,medium,threatening language,synthetic_tanglish
TCB2346,listen unna adichiduven online la poda,Tanglish,1,individual,0,1,1,0,0,0,0,medium,reference to physical harm,synthetic_tanglish
TCB2347,ava poda da social media la poda,Tanglish,1,individual,1,0,0,0,0,0,1,medium,profane or abusive wording,synthetic_tanglish
TCB2348,true bro naan unakku support panren,Tanglish,0,none,0,0,0,0,0,0,0,none,"normal, neutral, or supportive statement",synthetic_tanglish
TCB2349,seri super ah panniruka inniku,Tanglish,0,none,0,0,0,0,0,0,0,none,"normal, neutral, or supportive statement",synthetic_tanglish
TCB2350,da class nalla irundhucha,Tanglish,0,none,0,0,0,0,0,0,0,none,"normal, neutral, or supportive statement",synthetic_tanglish
TCB2351,semma performance honestly,Tanglish,0,none,0,0,0,0,0,0,0,none,"normal, neutral, or supportive statement",synthetic_tanglish
TCB2352,nice ah good job bro nu,Tanglish,0,none,0,0,0,0,0,0,0,none,"normal, neutral, or supportive statement",synthetic_tanglish
TCB2353,solution useful ah irukku da,Tanglish,0,none,0,0,0,0,0,0,0,none,"normal, neutral, or supportive statement",synthetic_tanglish
TCB2354,seri nice explanation inniku,Tanglish,0,none,0,0,0,0,0,0,0,none,"normal, neutral, or supportive statement",synthetic_tanglish
TCB2355,honestly naan unakku support panren 👍,Tanglish,0,none,0,0,0,0,0,0,0,none,"normal, neutral, or supportive statement",synthetic_tanglish
TCB2356,macha meeting five mani ku irukku da,Tanglish,0,none,0,0,0,0,0,0,0,none,"normal, neutral, or supportive statement",synthetic_tanglish
TCB2357,nice ah database update panniten honestly,Tanglish,0,none,0,0,0,0,0,0,0,none,"normal, neutral, or supportive statement",synthetic_tanglish
TCB2358,macha nee careful ah iru social media la poda,Tanglish,1,other,0,1,1,0,0,0,0,high,threatening language,synthetic_tanglish
TCB2359,listen avanga ellarum same madhiri online la nu,Tanglish,1,group,0,0,0,1,0,0,0,medium,group-targeted hateful language,synthetic_tanglish
TCB2360,dei sexual content anuppi disturb panna koodadhu chat la ah,Tanglish,1,individual,0,0,0,0,0,1,0,medium,unwanted sexual pressure or abusive sexual request,synthetic_tanglish
TCB2361,yes good job bro nu,Tanglish,0,none,0,0,0,0,0,0,0,none,"normal, neutral, or supportive statement",synthetic_tanglish
TCB2362,private content force panna vendam inga ah,Tanglish,1,individual,0,0,0,0,0,1,0,high,unwanted sexual pressure or abusive sexual request,synthetic_tanglish
TCB2363,bro class nalla irundhucha,Tanglish,0,none,0,0,0,0,0,0,0,none,"normal, neutral, or supportive statement",synthetic_tanglish
TCB2364,unna damage panniduven message la,Tanglish,1,individual,0,0,1,0,0,0,0,medium,reference to physical harm,synthetic_tanglish
TCB2365,bro database update panniten,Tanglish,0,none,0,0,0,0,0,0,0,none,"normal, neutral, or supportive statement",synthetic_tanglish
TCB2366,seriously un body pathi public ah pesa vendam chat la ah,Tanglish,1,individual,0,0,0,0,1,0,0,high,unwanted sexualized or appearance-based harassment,synthetic_tanglish
TCB2367,dei unna physical ah attack panniduven public ah podi,Tanglish,1,individual,0,1,1,0,0,0,0,high,reference to physical harm,synthetic_tanglish
TCB2368,bro indha idea useful ah irukku honestly,Tanglish,0,none,0,0,0,0,0,0,0,none,"normal, neutral, or supportive statement",synthetic_tanglish
TCB2369,happy for your progress bro,Tanglish,0,none,0,0,0,0,0,0,0,none,"normal, neutral, or supportive statement",synthetic_tanglish
TCB2370,seriously andha community ah nambave mudiyadhu online la la,Tanglish,1,group,0,0,0,1,0,0,0,high,group-targeted hateful language,synthetic_tanglish
TCB2371,macha consent illama private photo kekkadha macha,Tanglish,1,other,0,0,0,0,1,1,0,medium,unwanted sexual pressure or abusive sexual request,synthetic_tanglish
TCB2372,seriously private photo share panna force pannadha daily da,Tanglish,1,individual,0,0,0,0,1,1,0,high,unwanted sexual pressure or abusive sexual request,synthetic_tanglish
TCB2373,movie epdi irundhuchu macha,Tanglish,0,none,0,0,0,0,0,0,0,none,"normal, neutral, or supportive statement",synthetic_tanglish
TCB2374,honestly meeting five mani ku irukku macha,Tanglish,0,none,0,0,0,0,0,0,0,none,"normal, neutral, or supportive statement",synthetic_tanglish
TCB2375,team work nalla pannenga nu,Tanglish,0,none,0,0,0,0,0,0,0,none,"normal, neutral, or supportive statement",synthetic_tanglish
TCB2376,ava sexual content anuppi disturb panna koodadhu ippo,Tanglish,1,other,0,0,0,0,0,1,0,medium,unwanted sexual pressure or abusive sexual request,synthetic_tanglish
TCB2377,dei nee personal appearance ah target panni tease pannadha inga bro,Tanglish,1,other,0,0,0,0,1,0,0,medium,unwanted sexualized or appearance-based harassment,synthetic_tanglish
TCB2378,dei poda loosu chat la la,Tanglish,1,individual,0,0,0,0,0,0,1,low,profane or abusive wording,synthetic_tanglish
TCB2379,listen consent illama sexual request pannadha inga la,Tanglish,1,individual,0,0,0,0,0,1,0,high,unwanted sexual pressure or abusive sexual request,synthetic_tanglish
TCB2380,macha semma performance bro,Tanglish,0,none,0,0,0,0,0,0,0,none,"normal, neutral, or supportive statement",synthetic_tanglish
TCB2381,nee inga vandha unakku problem inga la,Tanglish,1,individual,0,1,1,0,0,0,0,high,threatening language,synthetic_tanglish
TCB2382,dei mokka inga poda,Tanglish,1,individual,0,0,0,0,0,0,1,medium,profane or abusive wording,synthetic_tanglish
TCB2383,actually un effort romba nalla irukku nu,Tanglish,0,none,0,0,0,0,0,0,0,none,"normal, neutral, or supportive statement",synthetic_tanglish
TCB2384,dei nee un body ah comment panni disturb pannadha message la ippo,Tanglish,1,individual,0,0,0,0,1,0,0,medium,unwanted sexualized or appearance-based harassment,synthetic_tanglish
TCB2385,da food saptiya,Tanglish,0,none,0,0,0,0,0,0,0,none,"normal, neutral, or supportive statement",synthetic_tanglish
TCB2386,nee unna vida maaten nu nenachuko message la bro,Tanglish,1,individual,0,1,1,0,0,0,0,high,threatening language,synthetic_tanglish
TCB2387,dei fight panna vandha paathukalam online la la,Tanglish,1,individual,0,0,1,0,0,0,0,high,reference to physical harm,synthetic_tanglish
TCB2388,dei unna beat panniduven ah,Tanglish,1,other,0,1,1,0,0,0,0,high,reference to physical harm,synthetic_tanglish
TCB2389,bro nee nalla work pannita 👍,Tanglish,0,none,0,0,0,0,0,0,0,none,"normal, neutral, or supportive statement",synthetic_tanglish
TCB2390,seri naalaikku continue pannalam today,Tanglish,0,none,0,0,0,0,0,0,0,none,"normal, neutral, or supportive statement",synthetic_tanglish
TCB2391,true bro seri paakalam da,Tanglish,0,none,0,0,0,0,0,0,0,none,"normal, neutral, or supportive statement",synthetic_tanglish
TCB2392,macha movie epdi irundhuchu inniku,Tanglish,0,none,0,0,0,0,0,0,0,none,"normal, neutral, or supportive statement",synthetic_tanglish
TCB2393,seri indha idea useful ah irukku inniku,Tanglish,0,none,0,0,0,0,0,0,0,none,"normal, neutral, or supportive statement",synthetic_tanglish
TCB2394,dei nee careful ah iru social media la macha,Tanglish,1,other,0,1,1,0,0,0,0,medium,threatening language,synthetic_tanglish
TCB2395,honestly semma performance la,Tanglish,0,none,0,0,0,0,0,0,0,none,"normal, neutral, or supportive statement",synthetic_tanglish
TCB2396,nice ah project nalla develop aaguthu inniku,Tanglish,0,none,0,0,0,0,0,0,0,none,"normal, neutral, or supportive statement",synthetic_tanglish
TCB2397,bro assignment submit pannitiya bro,Tanglish,0,none,0,0,0,0,0,0,0,none,"normal, neutral, or supportive statement",synthetic_tanglish
TCB2398,seriously sandaila unna adikka thonudhu chat la poda,Tanglish,1,individual,0,0,1,0,0,0,0,medium,reference to physical harm,synthetic_tanglish
TCB2399,actually good job bro,Tanglish,0,none,0,0,0,0,0,0,0,none,"normal, neutral, or supportive statement",synthetic_tanglish
TCB2400,seri team work nalla pannenga macha,Tanglish,0,none,0,0,0,0,0,0,0,none,"normal, neutral, or supportive statement",synthetic_tanglish
TCB2401,bro private content force panna vendam inga macha,Tanglish,1,individual,0,0,0,0,1,1,0,high,unwanted sexual pressure or abusive sexual request,synthetic_tanglish
TCB2402,bro team work nalla pannenga macha,Tanglish,0,none,0,0,0,0,0,0,0,none,"normal, neutral, or supportive statement",synthetic_tanglish
TCB2403,seri super ah panniruka da,Tanglish,0,none,0,0,0,0,0,0,0,none,"normal, neutral, or supportive statement",synthetic_tanglish
TCB2404,bro un effort romba nalla irukku inniku,Tanglish,0,none,0,0,0,0,0,0,0,none,"normal, neutral, or supportive statement",synthetic_tanglish
TCB2405,listen poda dei message la poda,Tanglish,1,other,0,0,0,0,0,0,1,medium,profane or abusive wording,synthetic_tanglish
TCB2406,listen andha community people romba kevalam chat la ippo,Tanglish,1,group,0,0,0,1,0,0,0,high,group-targeted hateful language,synthetic_tanglish
TCB2407,dei un photo ku sexual comment podradhu wrong intha post la poda,Tanglish,1,individual,0,0,0,0,1,0,0,high,unwanted sexualized or appearance-based harassment,synthetic_tanglish
TCB2408,yes meeting five mani ku irukku da,Tanglish,0,none,0,0,0,0,0,0,0,none,"normal, neutral, or supportive statement",synthetic_tanglish
TCB2409,bro solution useful ah irukku macha,Tanglish,0,none,0,0,0,0,0,0,0,none,"normal, neutral, or supportive statement",synthetic_tanglish
TCB2410,nee sexual pressure kudukka koodadhu comment section la ah,Tanglish,1,individual,0,0,0,0,0,1,0,medium,unwanted sexual pressure or abusive sexual request,synthetic_tanglish
TCB2411,listen avanga madhiri people inga vendaam online la ippo,Tanglish,1,group,0,0,0,1,0,0,0,medium,group-targeted hateful language,synthetic_tanglish
TCB2412,macha inniku session epdi pochu,Tanglish,0,none,0,0,0,0,0,0,0,none,"normal, neutral, or supportive statement",synthetic_tanglish
TCB2413,da super ah panniruka da,Tanglish,0,none,0,0,0,0,0,0,0,none,"normal, neutral, or supportive statement",synthetic_tanglish
TCB2414,dei andha people ellam problem inga podi,Tanglish,1,group,0,0,0,1,0,0,0,medium,group-targeted hateful language,synthetic_tanglish
TCB2415,dei consent illama private photo kekkadha daily podi,Tanglish,1,individual,0,0,0,0,1,1,0,high,unwanted sexual pressure or abusive sexual request,synthetic_tanglish
TCB2416,dei mokka online la poda,Tanglish,1,individual,0,0,0,0,0,0,1,medium,profane or abusive wording,synthetic_tanglish
TCB2417,macha team work nalla pannenga nu,Tanglish,0,none,0,0,0,0,0,0,0,none,"normal, neutral, or supportive statement",synthetic_tanglish
TCB2418,macha nee total dummy chat la,Tanglish,1,other,1,0,0,0,0,0,0,low,direct personal insult,synthetic_tanglish
TCB2419,dei nee personal appearance ah target panni tease pannadha chat la da,Tanglish,1,other,0,0,0,0,1,0,0,medium,unwanted sexualized or appearance-based harassment,synthetic_tanglish
TCB2420,da team work nalla pannenga bro,Tanglish,0,none,0,0,0,0,0,0,0,none,"normal, neutral, or supportive statement",synthetic_tanglish
TCB2421,da naalaikku continue pannalam 👍,Tanglish,0,none,0,0,0,0,0,0,0,none,"normal, neutral, or supportive statement",synthetic_tanglish
TCB2422,dei nee unakku consequences irukkum daily la,Tanglish,1,individual,0,1,1,0,0,0,0,medium,threatening language,synthetic_tanglish
TCB2423,actually thanks for helping me nu,Tanglish,0,none,0,0,0,0,0,0,0,none,"normal, neutral, or supportive statement",synthetic_tanglish
TCB2424,nice ah all the best da da,Tanglish,0,none,0,0,0,0,0,0,0,none,"normal, neutral, or supportive statement",synthetic_tanglish
TCB2425,nice ah all the best da inniku,Tanglish,0,none,0,0,0,0,0,0,0,none,"normal, neutral, or supportive statement",synthetic_tanglish
TCB2426,ava naan unna confront panren public ah,Tanglish,1,individual,0,1,1,0,0,0,0,high,threatening language,synthetic_tanglish
TCB2427,actually team work nalla pannenga nu,Tanglish,0,none,0,0,0,0,0,0,0,none,"normal, neutral, or supportive statement",synthetic_tanglish
TCB2428,fight panna vandha paathukalam ah,Tanglish,1,individual,0,0,1,0,0,0,0,medium,reference to physical harm,synthetic_tanglish
TCB2429,fight panna vandha paathukalam comment section la la,Tanglish,1,individual,0,0,1,0,0,0,0,medium,reference to physical harm,synthetic_tanglish
TCB2430,ivan un photo ku sexual comment podradhu wrong message la bro,Tanglish,1,individual,0,0,0,0,1,0,0,medium,unwanted sexualized or appearance-based harassment,synthetic_tanglish
TCB2431,seriously unakku physical harm panniduven daily la,Tanglish,1,individual,0,0,1,0,0,0,0,medium,reference to physical harm,synthetic_tanglish
TCB2432,seri nice explanation la,Tanglish,0,none,0,0,0,0,0,0,0,none,"normal, neutral, or supportive statement",synthetic_tanglish
TCB2433,dei private content force panna vendam intha post la ah,Tanglish,1,other,0,0,0,0,1,1,0,medium,unwanted sexual pressure or abusive sexual request,synthetic_tanglish
TCB2434,seri food saptiya,Tanglish,0,none,0,0,0,0,0,0,0,none,"normal, neutral, or supportive statement",synthetic_tanglish
TCB2435,seri food saptiya bro,Tanglish,0,none,0,0,0,0,0,0,0,none,"normal, neutral, or supportive statement",synthetic_tanglish
TCB2436,happy for your progress da,Tanglish,0,none,0,0,0,0,0,0,0,none,"normal, neutral, or supportive statement",synthetic_tanglish
TCB2437,ava innoru thadava ippadi pesina serious ah irukkum public ah podi,Tanglish,1,individual,0,1,0,0,0,0,0,high,threatening language,synthetic_tanglish
TCB2438,honestly correct ah sonna today,Tanglish,0,none,0,0,0,0,0,0,0,none,"normal, neutral, or supportive statement",synthetic_tanglish
TCB2439,dei nee poda mental inga bro,Tanglish,1,individual,1,0,0,0,0,0,1,low,profane or abusive wording,synthetic_tanglish
TCB2440,dei nee online la unwanted sexual attention kudukkadha public ah podi,Tanglish,1,other,0,0,0,0,1,0,0,high,unwanted sexualized or appearance-based harassment,synthetic_tanglish
TCB2441,ivan podi poi ukkaru intha post la da,Tanglish,1,individual,1,0,0,0,0,0,1,medium,profane or abusive wording,synthetic_tanglish
TCB2442,seri good job bro today,Tanglish,0,none,0,0,0,0,0,0,0,none,"normal, neutral, or supportive statement",synthetic_tanglish
TCB2443,nee nee careful ah iru online la la,Tanglish,1,other,0,1,1,0,0,0,0,medium,threatening language,synthetic_tanglish
TCB2444,seri database update panniten inniku,Tanglish,0,none,0,0,0,0,0,0,0,none,"normal, neutral, or supportive statement",synthetic_tanglish
TCB2445,movie epdi irundhuchu da,Tanglish,0,none,0,0,0,0,0,0,0,none,"normal, neutral, or supportive statement",synthetic_tanglish
TCB2446,honestly super ah panniruka,Tanglish,0,none,0,0,0,0,0,0,0,none,"normal, neutral, or supportive statement",synthetic_tanglish
TCB2447,dei unna damage panniduven ah,Tanglish,1,other,0,0,1,0,0,0,0,high,reference to physical harm,synthetic_tanglish
TCB2448,da project nalla develop aaguthu da,Tanglish,0,none,0,0,0,0,0,0,0,none,"normal, neutral, or supportive statement",synthetic_tanglish
TCB2449,seri naalaikku continue pannalam bro,Tanglish,0,none,0,0,0,0,0,0,0,none,"normal, neutral, or supportive statement",synthetic_tanglish
TCB2450,macha solution useful ah irukku honestly,Tanglish,0,none,0,0,0,0,0,0,0,none,"normal, neutral, or supportive statement",synthetic_tanglish
TCB2451,seriously podi loosu message la podi,Tanglish,1,individual,1,0,0,0,0,0,1,low,profane or abusive wording,synthetic_tanglish
TCB2452,ava nee romba pathetic message la bro,Tanglish,1,other,1,0,0,0,0,0,1,low,direct personal insult,synthetic_tanglish
TCB2453,seriously dei mokka inga nu,Tanglish,1,individual,1,0,0,0,0,0,1,low,profane or abusive wording,synthetic_tanglish
TCB2454,andha community people romba kevalam social media la nu,Tanglish,1,group,0,0,0,1,0,0,0,medium,group-targeted hateful language,synthetic_tanglish
TCB2455,actually project nalla develop aaguthu macha,Tanglish,0,none,0,0,0,0,0,0,0,none,"normal, neutral, or supportive statement",synthetic_tanglish
TCB2456,true bro code check pannitu sollu,Tanglish,0,none,0,0,0,0,0,0,0,none,"normal, neutral, or supportive statement",synthetic_tanglish
TCB2457,dei nee oru loosu message la ah,Tanglish,1,individual,1,0,0,0,0,0,0,medium,direct personal insult,synthetic_tanglish
TCB2458,seriously sandaila unna adikka thonudhu message la bro,Tanglish,1,other,0,1,1,0,0,0,0,medium,reference to physical harm,synthetic_tanglish
TCB2459,macha avanai poi adichidu macha,Tanglish,1,individual,0,0,1,0,0,0,0,medium,reference to physical harm,synthetic_tanglish
TCB2460,true bro happy for your progress nu,Tanglish,0,none,0,0,0,0,0,0,0,none,"normal, neutral, or supportive statement",synthetic_tanglish
TCB2461,da indha idea useful ah irukku macha,Tanglish,0,none,0,0,0,0,0,0,0,none,"normal, neutral, or supportive statement",synthetic_tanglish
TCB2462,actually food saptiya 👍,Tanglish,0,none,0,0,0,0,0,0,0,none,"normal, neutral, or supportive statement",synthetic_tanglish
TCB2463,dei unwanted sexual message anuppadha message la,Tanglish,1,individual,0,0,0,0,1,1,0,high,unwanted sexual pressure or abusive sexual request,synthetic_tanglish
TCB2464,seri presentation clear ah irundhuchu inniku,Tanglish,0,none,0,0,0,0,0,0,0,none,"normal, neutral, or supportive statement",synthetic_tanglish
TCB2465,seri correct ah sonna today,Tanglish,0,none,0,0,0,0,0,0,0,none,"normal, neutral, or supportive statement",synthetic_tanglish
TCB2466,dei summa iru chat la da,Tanglish,1,individual,0,0,0,0,0,0,1,low,profane or abusive wording,synthetic_tanglish
TCB2467,dei private photo share panna force pannadha comment section la ippo,Tanglish,1,individual,0,0,0,0,1,1,0,high,unwanted sexual pressure or abusive sexual request,synthetic_tanglish
TCB2468,ava sandaila unna adikka thonudhu chat la podi,Tanglish,1,individual,0,0,1,0,0,0,0,medium,reference to physical harm,synthetic_tanglish
TCB2469,unna vida maaten nu nenachuko ah,Tanglish,1,individual,0,1,0,0,0,0,0,medium,threatening language,synthetic_tanglish
TCB2470,nice ah naan unakku support panren,Tanglish,0,none,0,0,0,0,0,0,0,none,"normal, neutral, or supportive statement",synthetic_tanglish
TCB2471,ivan avanga madhiri people inga vendaam social media la la,Tanglish,1,group,0,0,0,1,0,0,0,medium,group-targeted hateful language,synthetic_tanglish
TCB2472,actually super ah panniruka la,Tanglish,0,none,0,0,0,0,0,0,0,none,"normal, neutral, or supportive statement",synthetic_tanglish
TCB2473,dei nee nee oru waste fellow comment section la bro,Tanglish,1,individual,1,0,0,0,0,0,1,low,direct personal insult,synthetic_tanglish
TCB2474,macha food saptiya da,Tanglish,0,none,0,0,0,0,0,0,0,none,"normal, neutral, or supportive statement",synthetic_tanglish
TCB2475,actually class nalla irundhucha nu,Tanglish,0,none,0,0,0,0,0,0,0,none,"normal, neutral, or supportive statement",synthetic_tanglish
TCB2476,actually naalaikku continue pannalam da,Tanglish,0,none,0,0,0,0,0,0,0,none,"normal, neutral, or supportive statement",synthetic_tanglish
TCB2477,true bro keep going bro 👍,Tanglish,0,none,0,0,0,0,0,0,0,none,"normal, neutral, or supportive statement",synthetic_tanglish
TCB2478,dei nee avanga group ah support panna koodadhu public ah podi,Tanglish,1,group,0,0,0,1,0,0,0,medium,group-targeted hateful language,synthetic_tanglish
TCB2479,keep going bro honestly,Tanglish,0,none,0,0,0,0,0,0,0,none,"normal, neutral, or supportive statement",synthetic_tanglish
TCB2480,rest eduthuko today,Tanglish,0,none,0,0,0,0,0,0,0,none,"normal, neutral, or supportive statement",synthetic_tanglish
TCB2481,happy for your progress today,Tanglish,0,none,0,0,0,0,0,0,0,none,"normal, neutral, or supportive statement",synthetic_tanglish
TCB2482,listen consent illama private photo kekkadha online la nu,Tanglish,1,other,0,0,0,0,0,1,0,medium,unwanted sexual pressure or abusive sexual request,synthetic_tanglish
TCB2483,macha un appearance pathi unwanted comment poda vendam inga nu,Tanglish,1,individual,0,0,0,0,1,0,0,medium,unwanted sexualized or appearance-based harassment,synthetic_tanglish
TCB2484,honestly code check pannitu sollu bro,Tanglish,0,none,0,0,0,0,0,0,0,none,"normal, neutral, or supportive statement",synthetic_tanglish
TCB2485,nice ah meeting five mani ku irukku bro,Tanglish,0,none,0,0,0,0,0,0,0,none,"normal, neutral, or supportive statement",synthetic_tanglish
TCB2486,bro naalaikku continue pannalam da,Tanglish,0,none,0,0,0,0,0,0,0,none,"normal, neutral, or supportive statement",synthetic_tanglish
TCB2487,bro naalaikku continue pannalam,Tanglish,0,none,0,0,0,0,0,0,0,none,"normal, neutral, or supportive statement",synthetic_tanglish
TCB2488,dei podi poi ukkaru public ah la,Tanglish,1,individual,0,0,0,0,0,0,1,low,profane or abusive wording,synthetic_tanglish
TCB2489,seri database update panniten la,Tanglish,0,none,0,0,0,0,0,0,0,none,"normal, neutral, or supportive statement",synthetic_tanglish
TCB2490,dei nee private photo share panna force pannadha public ah la,Tanglish,1,individual,0,0,0,0,1,1,0,high,unwanted sexual pressure or abusive sexual request,synthetic_tanglish
TCB2491,bro team work nalla pannenga 👍,Tanglish,0,none,0,0,0,0,0,0,0,none,"normal, neutral, or supportive statement",synthetic_tanglish
TCB2492,seriously unwanted sexual message anuppadha social media la la,Tanglish,1,other,0,0,0,0,0,1,0,medium,unwanted sexual pressure or abusive sexual request,synthetic_tanglish
TCB2493,seriously unna beat panniduven inga macha,Tanglish,1,individual,0,1,1,0,0,0,0,high,reference to physical harm,synthetic_tanglish
TCB2494,dei nee unna physical ah attack panniduven social media la bro,Tanglish,1,individual,0,1,1,0,0,0,0,medium,reference to physical harm,synthetic_tanglish
TCB2495,seriously nee careful ah iru daily poda,Tanglish,1,other,0,1,0,0,0,0,0,medium,threatening language,synthetic_tanglish
TCB2496,bro un appearance pathi unwanted comment poda vendam inga poda,Tanglish,1,individual,0,0,0,0,1,0,0,medium,unwanted sexualized or appearance-based harassment,synthetic_tanglish
TCB2497,true bro thanks for helping me bro,Tanglish,0,none,0,0,0,0,0,0,0,none,"normal, neutral, or supportive statement",synthetic_tanglish
TCB2498,honestly indha idea useful ah irukku nu,Tanglish,0,none,0,0,0,0,0,0,0,none,"normal, neutral, or supportive statement",synthetic_tanglish
TCB2499,actually rest eduthuko honestly,Tanglish,0,none,0,0,0,0,0,0,0,none,"normal, neutral, or supportive statement",synthetic_tanglish
TCB2500,unakku consequences irukkum comment section la da,Tanglish,1,individual,0,1,1,0,0,0,0,medium,threatening language,synthetic_tanglish
TCB2501,food saptiya nu,Tanglish,0,none,0,0,0,0,0,0,0,none,"normal, neutral, or supportive statement",synthetic_tanglish
TCB2502,dei nee unakku consequences irukkum inga ippo,Tanglish,1,individual,0,1,1,0,0,0,0,medium,threatening language,synthetic_tanglish
TCB2503,macha poda da daily nu,Tanglish,1,other,0,0,0,0,0,0,1,low,profane or abusive wording,synthetic_tanglish
TCB2504,andha community ah nambave mudiyadhu message la la,Tanglish,1,group,0,0,0,1,0,0,0,high,group-targeted hateful language,synthetic_tanglish
TCB2505,yes indha idea useful ah irukku 👍,Tanglish,0,none,0,0,0,0,0,0,0,none,"normal, neutral, or supportive statement",synthetic_tanglish
TCB2506,nice ah nee nalla work pannita inniku,Tanglish,0,none,0,0,0,0,0,0,0,none,"normal, neutral, or supportive statement",synthetic_tanglish
TCB2507,seriously dei poda chat la,Tanglish,1,other,0,0,0,0,0,0,1,low,profane or abusive wording,synthetic_tanglish
TCB2508,ivan unakku edhuvume theriyadhu intha post la podi,Tanglish,1,individual,1,0,0,0,0,0,1,medium,direct personal insult,synthetic_tanglish
TCB2509,seri correct ah sonna la,Tanglish,0,none,0,0,0,0,0,0,0,none,"normal, neutral, or supportive statement",synthetic_tanglish
TCB2510,listen nee stop pannalana problem aagum daily la,Tanglish,1,other,0,1,1,0,0,0,0,high,threatening language,synthetic_tanglish
TCB2511,listen enna paaru naan unna paathukuren inga la,Tanglish,1,other,0,1,0,0,0,0,0,medium,threatening language,synthetic_tanglish
TCB2512,true bro semma performance,Tanglish,0,none,0,0,0,0,0,0,0,none,"normal, neutral, or supportive statement",synthetic_tanglish
TCB2513,seriously unakku sense eh illa inga bro,Tanglish,1,other,1,0,0,0,0,0,1,medium,direct personal insult,synthetic_tanglish
TCB2514,listen unna hurt panniduven inga,Tanglish,1,other,0,0,1,0,0,0,0,high,reference to physical harm,synthetic_tanglish
TCB2515,un photo paathu sexual comments podradhu wrong chat la da,Tanglish,1,individual,0,0,0,0,1,0,0,high,unwanted sexualized or appearance-based harassment,synthetic_tanglish
TCB2516,ivan poda da social media la da,Tanglish,1,individual,0,0,0,0,0,0,1,medium,profane or abusive wording,synthetic_tanglish
TCB2517,true bro semma performance nu,Tanglish,0,none,0,0,0,0,0,0,0,none,"normal, neutral, or supportive statement",synthetic_tanglish
TCB2518,dei unwanted sexual message anuppadha social media la macha,Tanglish,1,other,0,0,0,0,1,1,0,high,unwanted sexual pressure or abusive sexual request,synthetic_tanglish
TCB2519,seri nee daily improve aagite irukka 👍,Tanglish,0,none,0,0,0,0,0,0,0,none,"normal, neutral, or supportive statement",synthetic_tanglish
TCB2520,macha rest eduthuko 👍,Tanglish,0,none,0,0,0,0,0,0,0,none,"normal, neutral, or supportive statement",synthetic_tanglish
TCB2521,bro code check pannitu sollu honestly,Tanglish,0,none,0,0,0,0,0,0,0,none,"normal, neutral, or supportive statement",synthetic_tanglish
TCB2522,true bro all the best da honestly,Tanglish,0,none,0,0,0,0,0,0,0,none,"normal, neutral, or supportive statement",synthetic_tanglish
TCB2523,seriously unakku basic knowledge kooda illa comment section la macha,Tanglish,1,individual,1,0,0,0,0,0,1,low,direct personal insult,synthetic_tanglish
TCB2524,nice ah assignment submit pannitiya inniku,Tanglish,0,none,0,0,0,0,0,0,0,none,"normal, neutral, or supportive statement",synthetic_tanglish
TCB2525,macha po da inga irundhu message la bro,Tanglish,1,individual,1,0,0,0,0,0,1,medium,profane or abusive wording,synthetic_tanglish
TCB2526,seri keep going bro,Tanglish,0,none,0,0,0,0,0,0,0,none,"normal, neutral, or supportive statement",synthetic_tanglish
TCB2527,dei nee andha community ah nambave mudiyadhu podi,Tanglish,1,group,0,0,0,1,0,0,0,medium,group-targeted hateful language,synthetic_tanglish
TCB2528,da naalaikku continue pannalam da,Tanglish,0,none,0,0,0,0,0,0,0,none,"normal, neutral, or supportive statement",synthetic_tanglish
TCB2529,seriously nee oru joker social media la ah,Tanglish,1,other,1,0,0,0,0,0,0,medium,direct personal insult,synthetic_tanglish
TCB2530,bro un body ah comment panni disturb pannadha chat la,Tanglish,1,individual,0,0,0,0,1,0,0,medium,unwanted sexualized or appearance-based harassment,synthetic_tanglish
TCB2531,yes nee daily improve aagite irukka today,Tanglish,0,none,0,0,0,0,0,0,0,none,"normal, neutral, or supportive statement",synthetic_tanglish
TCB2532,nee un photo ku sexual comment podradhu wrong comment section la bro,Tanglish,1,other,0,0,0,0,1,0,0,high,unwanted sexualized or appearance-based harassment,synthetic_tanglish
TCB2533,macha avanga madhiri people inga vendaam comment section la ippo,Tanglish,1,group,0,0,0,1,0,0,0,high,group-targeted hateful language,synthetic_tanglish
TCB2534,un appearance pathi unwanted comment poda vendam intha post la nu,Tanglish,1,individual,0,0,0,0,1,0,0,medium,unwanted sexualized or appearance-based harassment,synthetic_tanglish
TCB2535,true bro semma performance macha,Tanglish,0,none,0,0,0,0,0,0,0,none,"normal, neutral, or supportive statement",synthetic_tanglish
TCB2536,honestly super ah panniruka 👍,Tanglish,0,none,0,0,0,0,0,0,0,none,"normal, neutral, or supportive statement",synthetic_tanglish
TCB2537,nee poda loosu daily ah,Tanglish,1,individual,0,0,0,0,0,0,1,low,profane or abusive wording,synthetic_tanglish
TCB2538,dei un appearance pathi unwanted comment poda vendam social media la poda,Tanglish,1,individual,0,0,0,0,1,0,0,high,unwanted sexualized or appearance-based harassment,synthetic_tanglish
TCB2539,macha un photo paathu sexual comments podradhu wrong daily la,Tanglish,1,other,0,0,0,0,1,0,0,high,unwanted sexualized or appearance-based harassment,synthetic_tanglish
TCB2540,seri presentation clear ah irundhuchu nu,Tanglish,0,none,0,0,0,0,0,0,0,none,"normal, neutral, or supportive statement",synthetic_tanglish
TCB2541,consent illama sexual request pannadha social media la,Tanglish,1,individual,0,0,0,0,1,1,0,high,unwanted sexual pressure or abusive sexual request,synthetic_tanglish
TCB2542,listen andha community ah nambave mudiyadhu online la ah,Tanglish,1,group,0,0,0,1,0,0,0,high,group-targeted hateful language,synthetic_tanglish
TCB2543,bro un effort romba nalla irukku bro,Tanglish,0,none,0,0,0,0,0,0,0,none,"normal, neutral, or supportive statement",synthetic_tanglish
TCB2544,unnoda actions ku answer kudukkanum chat la macha,Tanglish,1,individual,0,1,0,0,0,0,0,high,threatening language,synthetic_tanglish
TCB2545,seri database update panniten today,Tanglish,0,none,0,0,0,0,0,0,0,none,"normal, neutral, or supportive statement",synthetic_tanglish
TCB2546,nice ah code check pannitu sollu honestly,Tanglish,0,none,0,0,0,0,0,0,0,none,"normal, neutral, or supportive statement",synthetic_tanglish
TCB2547,macha nee stop pannalana problem aagum chat la la,Tanglish,1,other,0,1,1,0,0,0,0,medium,threatening language,synthetic_tanglish
TCB2548,dei nee unwanted sexual message anuppadha comment section la podi,Tanglish,1,other,0,0,0,0,1,1,0,high,unwanted sexual pressure or abusive sexual request,synthetic_tanglish
TCB2549,nee private content force panna vendam intha post la ah,Tanglish,1,individual,0,0,0,0,0,1,0,high,unwanted sexual pressure or abusive sexual request,synthetic_tanglish
TCB2550,yes team work nalla pannenga macha,Tanglish,0,none,0,0,0,0,0,0,0,none,"normal, neutral, or supportive statement",synthetic_tanglish
TCB2551,bro private photo share panna force pannadha public ah la,Tanglish,1,individual,0,0,0,0,0,1,0,medium,unwanted sexual pressure or abusive sexual request,synthetic_tanglish
TCB2552,ivan avanga madhiri people inga vendaam inga podi,Tanglish,1,group,0,0,0,1,0,0,0,high,group-targeted hateful language,synthetic_tanglish
TCB2553,ava consent illama private photo kekkadha ippo,Tanglish,1,individual,0,0,0,0,1,1,0,medium,unwanted sexual pressure or abusive sexual request,synthetic_tanglish
TCB2554,macha seri paakalam,Tanglish,0,none,0,0,0,0,0,0,0,none,"normal, neutral, or supportive statement",synthetic_tanglish
TCB2555,listen nee oru waste fellow public ah podi,Tanglish,1,individual,1,0,0,0,0,0,0,medium,direct personal insult,synthetic_tanglish
TCB2556,nice ah solution useful ah irukku today,Tanglish,0,none,0,0,0,0,0,0,0,none,"normal, neutral, or supportive statement",synthetic_tanglish
TCB2557,honestly keep going bro inniku,Tanglish,0,none,0,0,0,0,0,0,0,none,"normal, neutral, or supportive statement",synthetic_tanglish
TCB2558,dei consent illama private photo kekkadha social media la macha,Tanglish,1,individual,0,0,0,0,0,1,0,medium,unwanted sexual pressure or abusive sexual request,synthetic_tanglish
TCB2559,bro poda da inga bro,Tanglish,1,other,0,0,0,0,0,0,1,medium,profane or abusive wording,synthetic_tanglish
TCB2560,seri thanks for helping me la,Tanglish,0,none,0,0,0,0,0,0,0,none,"normal, neutral, or supportive statement",synthetic_tanglish
TCB2561,listen nee pesuradhellam mokka daily la,Tanglish,1,individual,1,0,0,0,0,0,0,medium,direct personal insult,synthetic_tanglish
TCB2562,macha project nalla develop aaguthu inniku,Tanglish,0,none,0,0,0,0,0,0,0,none,"normal, neutral, or supportive statement",synthetic_tanglish
TCB2563,ava andha group ellam useless ippo,Tanglish,1,group,0,0,0,1,0,0,0,medium,group-targeted hateful language,synthetic_tanglish
TCB2564,seriously unakku consequences irukkum public ah,Tanglish,1,individual,0,1,1,0,0,0,0,high,threatening language,synthetic_tanglish
TCB2565,bro unakku nalla warning idhu social media la ippo,Tanglish,1,other,0,1,1,0,0,0,0,high,threatening language,synthetic_tanglish
TCB2566,listen unakku physical harm panniduven daily ippo,Tanglish,1,other,0,1,1,0,0,0,0,high,reference to physical harm,synthetic_tanglish
TCB2567,listen unna beat panniduven daily,Tanglish,1,individual,0,0,1,0,0,0,0,high,reference to physical harm,synthetic_tanglish
TCB2568,nee nee oru loosu social media la ah,Tanglish,1,other,1,0,0,0,0,0,0,low,direct personal insult,synthetic_tanglish
TCB2569,ivan unna adichiduven intha post la ippo,Tanglish,1,other,0,1,1,0,0,0,0,high,reference to physical harm,synthetic_tanglish
TCB2570,dei nee nee romba stupid online la podi,Tanglish,1,individual,1,0,0,0,0,0,0,medium,direct personal insult,synthetic_tanglish
TCB2571,nee nee stop pannalana problem aagum message la nu,Tanglish,1,individual,0,1,1,0,0,0,0,medium,threatening language,synthetic_tanglish
TCB2572,seriously nee oru waste fellow la,Tanglish,1,individual,1,0,0,0,0,0,0,low,direct personal insult,synthetic_tanglish
TCB2573,da project nalla develop aaguthu today,Tanglish,0,none,0,0,0,0,0,0,0,none,"normal, neutral, or supportive statement",synthetic_tanglish
TCB2574,da code check pannitu sollu today,Tanglish,0,none,0,0,0,0,0,0,0,none,"normal, neutral, or supportive statement",synthetic_tanglish
TCB2575,actually solution useful ah irukku macha,Tanglish,0,none,0,0,0,0,0,0,0,none,"normal, neutral, or supportive statement",synthetic_tanglish
TCB2576,dei nee unakku brain work aagala daily da,Tanglish,1,other,1,0,0,0,0,0,1,medium,direct personal insult,synthetic_tanglish
TCB2577,true bro rest eduthuko da,Tanglish,0,none,0,0,0,0,0,0,0,none,"normal, neutral, or supportive statement",synthetic_tanglish
TCB2578,honestly food saptiya 👍,Tanglish,0,none,0,0,0,0,0,0,0,none,"normal, neutral, or supportive statement",synthetic_tanglish
TCB2579,macha podi poi ukkaru social media la bro,Tanglish,1,other,1,0,0,0,0,0,1,medium,profane or abusive wording,synthetic_tanglish
TCB2580,bro database update panniten honestly,Tanglish,0,none,0,0,0,0,0,0,0,none,"normal, neutral, or supportive statement",synthetic_tanglish
TCB2581,da thanks for helping me inniku,Tanglish,0,none,0,0,0,0,0,0,0,none,"normal, neutral, or supportive statement",synthetic_tanglish
TCB2582,ivan dei mokka public ah bro,Tanglish,1,individual,1,0,0,0,0,0,1,low,profane or abusive wording,synthetic_tanglish
TCB2583,seri happy for your progress da,Tanglish,0,none,0,0,0,0,0,0,0,none,"normal, neutral, or supportive statement",synthetic_tanglish
TCB2584,ava un appearance pathi unwanted comment poda vendam inga macha,Tanglish,1,individual,0,0,0,0,1,0,0,high,unwanted sexualized or appearance-based harassment,synthetic_tanglish
TCB2585,macha unakku physical harm panniduven poda,Tanglish,1,individual,0,1,1,0,0,0,0,medium,reference to physical harm,synthetic_tanglish
TCB2586,seri keep going bro macha,Tanglish,0,none,0,0,0,0,0,0,0,none,"normal, neutral, or supportive statement",synthetic_tanglish
TCB2587,seriously private content force panna vendam public ah ippo,Tanglish,1,individual,0,0,0,0,0,1,0,medium,unwanted sexual pressure or abusive sexual request,synthetic_tanglish
TCB2588,actually happy for your progress today,Tanglish,0,none,0,0,0,0,0,0,0,none,"normal, neutral, or supportive statement",synthetic_tanglish
TCB2589,macha code check pannitu sollu nu,Tanglish,0,none,0,0,0,0,0,0,0,none,"normal, neutral, or supportive statement",synthetic_tanglish
TCB2590,bro fight panna vandha paathukalam daily bro,Tanglish,1,individual,0,0,1,0,0,0,0,medium,reference to physical harm,synthetic_tanglish
TCB2591,seri paakalam 👍,Tanglish,0,none,0,0,0,0,0,0,0,none,"normal, neutral, or supportive statement",synthetic_tanglish
TCB2592,listen unwanted sexual message anuppadha social media la poda,Tanglish,1,other,0,0,0,0,0,1,0,high,unwanted sexual pressure or abusive sexual request,synthetic_tanglish
TCB2593,true bro solution useful ah irukku inniku,Tanglish,0,none,0,0,0,0,0,0,0,none,"normal, neutral, or supportive statement",synthetic_tanglish
TCB2594,seriously andha group people ellam mosam public ah poda,Tanglish,1,group,0,0,0,1,0,0,0,high,group-targeted hateful language,synthetic_tanglish
TCB2595,bro un effort romba nalla irukku 👍,Tanglish,0,none,0,0,0,0,0,0,0,none,"normal, neutral, or supportive statement",synthetic_tanglish
TCB2596,seriously unakku edhuvume theriyadhu message la podi,Tanglish,1,individual,1,0,0,0,0,0,0,medium,direct personal insult,synthetic_tanglish
TCB2597,bro andha group ellam useless online la la,Tanglish,1,group,0,0,0,1,0,0,0,medium,group-targeted hateful language,synthetic_tanglish
TCB2598,seriously private photo share panna force pannadha public ah podi,Tanglish,1,individual,0,0,0,0,0,1,0,medium,unwanted sexual pressure or abusive sexual request,synthetic_tanglish
TCB2599,da correct ah sonna today,Tanglish,0,none,0,0,0,0,0,0,0,none,"normal, neutral, or supportive statement",synthetic_tanglish
TCB2600,bro nee oru failure intha post la nu,Tanglish,1,individual,1,0,0,0,0,0,1,medium,direct personal insult,synthetic_tanglish
TCB2601,macha nee careful ah iru social media la nu,Tanglish,1,other,0,1,1,0,0,0,0,medium,threatening language,synthetic_tanglish
TCB2602,actually presentation clear ah irundhuchu 👍,Tanglish,0,none,0,0,0,0,0,0,0,none,"normal, neutral, or supportive statement",synthetic_tanglish
TCB2603,yes seri paakalam nu,Tanglish,0,none,0,0,0,0,0,0,0,none,"normal, neutral, or supportive statement",synthetic_tanglish
TCB2604,bro sexual pressure kudukka koodadhu public ah poda,Tanglish,1,individual,0,0,0,0,0,1,0,high,unwanted sexual pressure or abusive sexual request,synthetic_tanglish
TCB2605,dei andha community ah nambave mudiyadhu,Tanglish,1,group,0,0,0,1,0,0,0,medium,group-targeted hateful language,synthetic_tanglish
TCB2606,bro unakku consequences irukkum intha post la poda,Tanglish,1,individual,0,1,1,0,0,0,0,medium,threatening language,synthetic_tanglish
TCB2607,actually naan unakku support panren inniku,Tanglish,0,none,0,0,0,0,0,0,0,none,"normal, neutral, or supportive statement",synthetic_tanglish
TCB2608,dei nee nee careful ah iru da,Tanglish,1,other,0,1,0,0,0,0,0,high,threatening language,synthetic_tanglish
TCB2609,ava avanga group ah support panna koodadhu chat la ah,Tanglish,1,group,0,0,0,1,0,0,0,medium,group-targeted hateful language,synthetic_tanglish
TCB2610,nice ah indha idea useful ah irukku,Tanglish,0,none,0,0,0,0,0,0,0,none,"normal, neutral, or supportive statement",synthetic_tanglish
TCB2611,nee nee romba pathetic inga podi,Tanglish,1,individual,1,0,0,0,0,0,0,medium,direct personal insult,synthetic_tanglish
TCB2612,macha assignment submit pannitiya 👍,Tanglish,0,none,0,0,0,0,0,0,0,none,"normal, neutral, or supportive statement",synthetic_tanglish
TCB2613,bro nee daily improve aagite irukka honestly,Tanglish,0,none,0,0,0,0,0,0,0,none,"normal, neutral, or supportive statement",synthetic_tanglish
TCB2614,macha nee nalla work pannita 👍,Tanglish,0,none,0,0,0,0,0,0,0,none,"normal, neutral, or supportive statement",synthetic_tanglish
TCB2615,dei nee un appearance pathi unwanted comment poda vendam nu,Tanglish,1,individual,0,0,0,0,1,0,0,medium,unwanted sexualized or appearance-based harassment,synthetic_tanglish
TCB2616,nee online la unwanted sexual attention kudukkadha chat la la,Tanglish,1,other,0,0,0,0,1,0,0,medium,unwanted sexualized or appearance-based harassment,synthetic_tanglish
TCB2617,seriously online la unwanted sexual attention kudukkadha comment section la ippo,Tanglish,1,other,0,0,0,0,1,0,0,high,unwanted sexualized or appearance-based harassment,synthetic_tanglish
TCB2618,macha consent illama sexual request pannadha inga ippo,Tanglish,1,individual,0,0,0,0,0,1,0,high,unwanted sexual pressure or abusive sexual request,synthetic_tanglish
TCB2619,nee dei poda public ah ippo,Tanglish,1,other,1,0,0,0,0,0,1,low,profane or abusive wording,synthetic_tanglish
TCB2620,da nee daily improve aagite irukka honestly,Tanglish,0,none,0,0,0,0,0,0,0,none,"normal, neutral, or supportive statement",synthetic_tanglish
TCB2621,seri paakalam inniku,Tanglish,0,none,0,0,0,0,0,0,0,none,"normal, neutral, or supportive statement",synthetic_tanglish
TCB2622,macha enna paaru naan unna paathukuren inga ippo,Tanglish,1,individual,0,1,0,0,0,0,0,high,threatening language,synthetic_tanglish
TCB2623,honestly semma performance bro,Tanglish,0,none,0,0,0,0,0,0,0,none,"normal, neutral, or supportive statement",synthetic_tanglish
TCB2624,dei nee inga vandha unakku problem da,Tanglish,1,other,0,1,1,0,0,0,0,medium,threatening language,synthetic_tanglish
TCB2625,nice ah semma performance da,Tanglish,0,none,0,0,0,0,0,0,0,none,"normal, neutral, or supportive statement",synthetic_tanglish
TCB2626,actually nice explanation macha,Tanglish,0,none,0,0,0,0,0,0,0,none,"normal, neutral, or supportive statement",synthetic_tanglish
TCB2627,dei unakku edhuvume theriyadhu public ah podi,Tanglish,1,individual,1,0,0,0,0,0,1,low,direct personal insult,synthetic_tanglish
TCB2628,yes indha idea useful ah irukku honestly,Tanglish,0,none,0,0,0,0,0,0,0,none,"normal, neutral, or supportive statement",synthetic_tanglish
TCB2629,nice ah solution useful ah irukku da,Tanglish,0,none,0,0,0,0,0,0,0,none,"normal, neutral, or supportive statement",synthetic_tanglish
TCB2630,da team work nalla pannenga la,Tanglish,0,none,0,0,0,0,0,0,0,none,"normal, neutral, or supportive statement",synthetic_tanglish
TCB2631,semma performance da,Tanglish,0,none,0,0,0,0,0,0,0,none,"normal, neutral, or supportive statement",synthetic_tanglish
TCB2632,seri indha idea useful ah irukku 👍,Tanglish,0,none,0,0,0,0,0,0,0,none,"normal, neutral, or supportive statement",synthetic_tanglish
TCB2633,yes code check pannitu sollu la,Tanglish,0,none,0,0,0,0,0,0,0,none,"normal, neutral, or supportive statement",synthetic_tanglish
TCB2634,macha indha idea useful ah irukku,Tanglish,0,none,0,0,0,0,0,0,0,none,"normal, neutral, or supportive statement",synthetic_tanglish
TCB2635,seri movie epdi irundhuchu la,Tanglish,0,none,0,0,0,0,0,0,0,none,"normal, neutral, or supportive statement",synthetic_tanglish
TCB2636,bro solution useful ah irukku inniku,Tanglish,0,none,0,0,0,0,0,0,0,none,"normal, neutral, or supportive statement",synthetic_tanglish
TCB2637,dei avanga group ah support panna koodadhu macha,Tanglish,1,group,0,0,0,1,0,0,0,medium,group-targeted hateful language,synthetic_tanglish
TCB2638,macha unakku brain work aagala chat la ippo,Tanglish,1,other,1,0,0,0,0,0,1,low,direct personal insult,synthetic_tanglish
TCB2639,dei nee nee oru muttaal online la la,Tanglish,1,other,1,0,0,0,0,0,0,low,direct personal insult,synthetic_tanglish
TCB2640,dei nee unna beat panniduven comment section la nu,Tanglish,1,individual,0,0,1,0,0,0,0,high,reference to physical harm,synthetic_tanglish
TCB2641,presentation clear ah irundhuchu inniku,Tanglish,0,none,0,0,0,0,0,0,0,none,"normal, neutral, or supportive statement",synthetic_tanglish
TCB2642,listen dei poda inga social media la bro,Tanglish,1,other,0,0,0,0,0,0,1,medium,profane or abusive wording,synthetic_tanglish
TCB2643,actually thanks for helping me,Tanglish,0,none,0,0,0,0,0,0,0,none,"normal, neutral, or supportive statement",synthetic_tanglish
TCB2644,bro avanga group ah support panna koodadhu inga la,Tanglish,1,group,0,0,0,1,0,0,0,medium,group-targeted hateful language,synthetic_tanglish
TCB2645,bro poda loosu inga la,Tanglish,1,individual,0,0,0,0,0,0,1,medium,profane or abusive wording,synthetic_tanglish
TCB2646,honestly thanks for helping me la,Tanglish,0,none,0,0,0,0,0,0,0,none,"normal, neutral, or supportive statement",synthetic_tanglish
TCB2647,yes seri paakalam la,Tanglish,0,none,0,0,0,0,0,0,0,none,"normal, neutral, or supportive statement",synthetic_tanglish
TCB2648,ava consent illama sexual request pannadha public ah macha,Tanglish,1,other,0,0,0,0,0,1,0,medium,unwanted sexual pressure or abusive sexual request,synthetic_tanglish
TCB2649,listen unakku common sense illa podi,Tanglish,1,individual,1,0,0,0,0,0,0,low,direct personal insult,synthetic_tanglish
TCB2650,listen unna adichiduven online la,Tanglish,1,individual,0,0,1,0,0,0,0,medium,reference to physical harm,synthetic_tanglish
TCB2651,ava personal appearance ah target panni tease pannadha chat la ippo,Tanglish,1,individual,0,0,0,0,1,0,0,high,unwanted sexualized or appearance-based harassment,synthetic_tanglish
TCB2652,da solution useful ah irukku bro,Tanglish,0,none,0,0,0,0,0,0,0,none,"normal, neutral, or supportive statement",synthetic_tanglish
TCB2653,macha nee daily improve aagite irukka da,Tanglish,0,none,0,0,0,0,0,0,0,none,"normal, neutral, or supportive statement",synthetic_tanglish
TCB2654,macha personal appearance ah target panni tease pannadha social media la nu,Tanglish,1,other,0,0,0,0,1,0,0,high,unwanted sexualized or appearance-based harassment,synthetic_tanglish
TCB2655,seriously nee pesuradhellam mokka intha post la da,Tanglish,1,other,1,0,0,0,0,0,0,medium,direct personal insult,synthetic_tanglish
TCB2656,bro happy for your progress nu,Tanglish,0,none,0,0,0,0,0,0,0,none,"normal, neutral, or supportive statement",synthetic_tanglish
TCB2657,dei dei poda inga chat la la,Tanglish,1,individual,0,0,0,0,0,0,1,medium,profane or abusive wording,synthetic_tanglish
TCB2658,bro innoru message anuppina paathuko message la poda,Tanglish,1,other,0,1,0,0,0,0,0,medium,threatening language,synthetic_tanglish
TCB2659,actually rest eduthuko today,Tanglish,0,none,0,0,0,0,0,0,0,none,"normal, neutral, or supportive statement",synthetic_tanglish
TCB2660,listen poda da inga la,Tanglish,1,individual,0,0,0,0,0,0,1,medium,profane or abusive wording,synthetic_tanglish
TCB2661,seriously enna paaru naan unna paathukuren online la,Tanglish,1,individual,0,1,0,0,0,0,0,high,threatening language,synthetic_tanglish
TCB2662,nee sandaila unna adikka thonudhu inga la,Tanglish,1,other,0,1,1,0,0,0,0,high,reference to physical harm,synthetic_tanglish
TCB2663,da nee nalla work pannita bro,Tanglish,0,none,0,0,0,0,0,0,0,none,"normal, neutral, or supportive statement",synthetic_tanglish
TCB2664,ivan unnoda actions ku answer kudukkanum intha post la poda,Tanglish,1,individual,0,1,1,0,0,0,0,high,threatening language,synthetic_tanglish
TCB2665,da seri paakalam bro,Tanglish,0,none,0,0,0,0,0,0,0,none,"normal, neutral, or supportive statement",synthetic_tanglish
TCB2666,dei andha group people ellam mosam intha post la ippo,Tanglish,1,group,0,0,0,1,0,0,0,high,group-targeted hateful language,synthetic_tanglish
TCB2667,nice ah presentation clear ah irundhuchu nu,Tanglish,0,none,0,0,0,0,0,0,0,none,"normal, neutral, or supportive statement",synthetic_tanglish
TCB2668,thanks for helping me da,Tanglish,0,none,0,0,0,0,0,0,0,none,"normal, neutral, or supportive statement",synthetic_tanglish
TCB2669,listen un photo ku sexual comment podradhu wrong chat la ah,Tanglish,1,other,0,0,0,0,1,0,0,medium,unwanted sexualized or appearance-based harassment,synthetic_tanglish
TCB2670,nee unwanted sexual message anuppadha online la bro,Tanglish,1,individual,0,0,0,0,0,1,0,medium,unwanted sexual pressure or abusive sexual request,synthetic_tanglish
TCB2671,nice ah inniku session epdi pochu nu,Tanglish,0,none,0,0,0,0,0,0,0,none,"normal, neutral, or supportive statement",synthetic_tanglish
TCB2672,dei nee online la unwanted sexual attention kudukkadha intha post la ah,Tanglish,1,individual,0,0,0,0,1,0,0,medium,unwanted sexualized or appearance-based harassment,synthetic_tanglish
TCB2673,yes inniku session epdi pochu bro,Tanglish,0,none,0,0,0,0,0,0,0,none,"normal, neutral, or supportive statement",synthetic_tanglish
TCB2674,ivan nee careful ah iru social media la nu,Tanglish,1,individual,0,1,1,0,0,0,0,medium,threatening language,synthetic_tanglish
TCB2675,ava nee romba pathetic daily da,Tanglish,1,other,1,0,0,0,0,0,0,medium,direct personal insult,synthetic_tanglish
TCB2676,actually semma performance inniku,Tanglish,0,none,0,0,0,0,0,0,0,none,"normal, neutral, or supportive statement",synthetic_tanglish
TCB2677,bro all the best da honestly,Tanglish,0,none,0,0,0,0,0,0,0,none,"normal, neutral, or supportive statement",synthetic_tanglish
TCB2678,bro nee daily improve aagite irukka inniku,Tanglish,0,none,0,0,0,0,0,0,0,none,"normal, neutral, or supportive statement",synthetic_tanglish
TCB2679,dei nee naan unna confront panren intha post la macha,Tanglish,1,individual,0,1,0,0,0,0,0,high,threatening language,synthetic_tanglish
TCB2680,true bro class nalla irundhucha today,Tanglish,0,none,0,0,0,0,0,0,0,none,"normal, neutral, or supportive statement",synthetic_tanglish
TCB2681,nee daily improve aagite irukka macha,Tanglish,0,none,0,0,0,0,0,0,0,none,"normal, neutral, or supportive statement",synthetic_tanglish
TCB2682,seriously nee careful ah iru intha post la bro,Tanglish,1,individual,0,1,1,0,0,0,0,medium,threatening language,synthetic_tanglish
TCB2683,ava avanai poi adichidu comment section la nu,Tanglish,1,individual,0,1,1,0,0,0,0,medium,reference to physical harm,synthetic_tanglish
TCB2684,nice ah keep going bro today,Tanglish,0,none,0,0,0,0,0,0,0,none,"normal, neutral, or supportive statement",synthetic_tanglish
TCB2685,macha avanga madhiri people inga vendaam social media la ah,Tanglish,1,group,0,0,0,1,0,0,0,medium,group-targeted hateful language,synthetic_tanglish
TCB2686,listen enna oru mokka person inga da,Tanglish,1,other,1,0,0,0,0,0,0,low,direct personal insult,synthetic_tanglish
TCB2687,dei andha people ellam problem online la,Tanglish,1,group,0,0,0,1,0,0,0,medium,group-targeted hateful language,synthetic_tanglish
TCB2688,listen unna adichiduven intha post la,Tanglish,1,other,0,1,1,0,0,0,0,high,reference to physical harm,synthetic_tanglish
TCB2689,actually super ah panniruka da,Tanglish,0,none,0,0,0,0,0,0,0,none,"normal, neutral, or supportive statement",synthetic_tanglish
TCB2690,ava online la unwanted sexual attention kudukkadha online la la,Tanglish,1,other,0,0,0,0,1,0,0,high,unwanted sexualized or appearance-based harassment,synthetic_tanglish
TCB2691,nee un brain enga pochu online la poda,Tanglish,1,individual,1,0,0,0,0,0,0,medium,direct personal insult,synthetic_tanglish
TCB2692,macha avanai poi adichidu comment section la poda,Tanglish,1,other,0,0,1,0,0,0,0,medium,reference to physical harm,synthetic_tanglish
TCB2693,macha thanks for helping me da,Tanglish,0,none,0,0,0,0,0,0,0,none,"normal, neutral, or supportive statement",synthetic_tanglish
TCB2694,unwanted sexual message anuppadha intha post la nu,Tanglish,1,other,0,0,0,0,0,1,0,medium,unwanted sexual pressure or abusive sexual request,synthetic_tanglish
TCB2695,bro later discuss pannalam la,Tanglish,0,none,0,0,0,0,0,0,0,none,"normal, neutral, or supportive statement",synthetic_tanglish
TCB2696,sexual pressure kudukka koodadhu public ah poda,Tanglish,1,other,0,0,0,0,0,1,0,medium,unwanted sexual pressure or abusive sexual request,synthetic_tanglish
TCB2697,bro naalaikku continue pannalam 👍,Tanglish,0,none,0,0,0,0,0,0,0,none,"normal, neutral, or supportive statement",synthetic_tanglish
TCB2698,honestly super ah panniruka bro,Tanglish,0,none,0,0,0,0,0,0,0,none,"normal, neutral, or supportive statement",synthetic_tanglish
TCB2699,seriously podi loosu chat la macha,Tanglish,1,individual,1,0,0,0,0,0,1,low,profane or abusive wording,synthetic_tanglish
TCB2700,unna damage panniduven online la ah,Tanglish,1,individual,0,1,1,0,0,0,0,high,reference to physical harm,synthetic_tanglish
TCB2701,honestly team work nalla pannenga 👍,Tanglish,0,none,0,0,0,0,0,0,0,none,"normal, neutral, or supportive statement",synthetic_tanglish
TCB2702,yes presentation clear ah irundhuchu today,Tanglish,0,none,0,0,0,0,0,0,0,none,"normal, neutral, or supportive statement",synthetic_tanglish
TCB2703,bro nee inga vandha unakku problem inga bro,Tanglish,1,individual,0,1,1,0,0,0,0,medium,threatening language,synthetic_tanglish
TCB2704,da nee nalla work pannita today,Tanglish,0,none,0,0,0,0,0,0,0,none,"normal, neutral, or supportive statement",synthetic_tanglish
TCB2705,honestly class nalla irundhucha macha,Tanglish,0,none,0,0,0,0,0,0,0,none,"normal, neutral, or supportive statement",synthetic_tanglish
TCB2706,seriously nee careful ah iru daily ippo,Tanglish,1,individual,0,1,1,0,0,0,0,medium,threatening language,synthetic_tanglish
TCB2707,dei unwanted sexual message anuppadha chat la,Tanglish,1,individual,0,0,0,0,1,1,0,high,unwanted sexual pressure or abusive sexual request,synthetic_tanglish
TCB2708,nice ah seri paakalam inniku,Tanglish,0,none,0,0,0,0,0,0,0,none,"normal, neutral, or supportive statement",synthetic_tanglish
TCB2709,dei personal appearance ah target panni tease pannadha public ah da,Tanglish,1,individual,0,0,0,0,1,0,0,high,unwanted sexualized or appearance-based harassment,synthetic_tanglish
TCB2710,macha sandaila unna adikka thonudhu public ah da,Tanglish,1,individual,0,0,1,0,0,0,0,medium,reference to physical harm,synthetic_tanglish
TCB2711,ava unna vida maaten nu nenachuko message la,Tanglish,1,individual,0,1,0,0,0,0,0,medium,threatening language,synthetic_tanglish
TCB2712,seriously unakku physical harm panniduven inga la,Tanglish,1,individual,0,1,1,0,0,0,0,high,reference to physical harm,synthetic_tanglish
TCB2713,bro semma performance macha,Tanglish,0,none,0,0,0,0,0,0,0,none,"normal, neutral, or supportive statement",synthetic_tanglish
TCB2714,ava nee oru loosu chat la,Tanglish,1,other,1,0,0,0,0,0,0,low,direct personal insult,synthetic_tanglish
TCB2715,macha unwanted sexual message anuppadha message la bro,Tanglish,1,individual,0,0,0,0,0,1,0,high,unwanted sexual pressure or abusive sexual request,synthetic_tanglish
TCB2716,macha un photo ku sexual comment podradhu wrong public ah la,Tanglish,1,individual,0,0,0,0,1,0,0,medium,unwanted sexualized or appearance-based harassment,synthetic_tanglish
TCB2717,macha correct ah sonna da,Tanglish,0,none,0,0,0,0,0,0,0,none,"normal, neutral, or supportive statement",synthetic_tanglish
TCB2718,macha good job bro la,Tanglish,0,none,0,0,0,0,0,0,0,none,"normal, neutral, or supportive statement",synthetic_tanglish
TCB2719,ava nee romba stupid inga nu,Tanglish,1,other,1,0,0,0,0,0,0,low,direct personal insult,synthetic_tanglish
TCB2720,honestly all the best da nu,Tanglish,0,none,0,0,0,0,0,0,0,none,"normal, neutral, or supportive statement",synthetic_tanglish
TCB2721,nee andha people ellam problem social media la da,Tanglish,1,group,0,0,0,1,0,0,0,medium,group-targeted hateful language,synthetic_tanglish
TCB2722,macha inniku session epdi pochu macha,Tanglish,0,none,0,0,0,0,0,0,0,none,"normal, neutral, or supportive statement",synthetic_tanglish
TCB2723,true bro all the best da macha,Tanglish,0,none,0,0,0,0,0,0,0,none,"normal, neutral, or supportive statement",synthetic_tanglish
TCB2724,macha thanks for helping me bro,Tanglish,0,none,0,0,0,0,0,0,0,none,"normal, neutral, or supportive statement",synthetic_tanglish
TCB2725,nee nalla work pannita today,Tanglish,0,none,0,0,0,0,0,0,0,none,"normal, neutral, or supportive statement",synthetic_tanglish
TCB2726,bro code check pannitu sollu,Tanglish,0,none,0,0,0,0,0,0,0,none,"normal, neutral, or supportive statement",synthetic_tanglish
TCB2727,ivan nee total dummy intha post la bro,Tanglish,1,other,1,0,0,0,0,0,0,medium,direct personal insult,synthetic_tanglish
TCB2728,andha group people ellam mosam message la macha,Tanglish,1,group,0,0,0,1,0,0,0,high,group-targeted hateful language,synthetic_tanglish
TCB2729,ivan nee inga vandha unakku problem comment section la podi,Tanglish,1,individual,0,1,0,0,0,0,0,high,threatening language,synthetic_tanglish
TCB2730,macha andha group people ellam mosam inga,Tanglish,1,group,0,0,0,1,0,0,0,medium,group-targeted hateful language,synthetic_tanglish
TCB2731,seriously dei summa iru message la bro,Tanglish,1,individual,1,0,0,0,0,0,1,low,profane or abusive wording,synthetic_tanglish
TCB2732,bro super ah panniruka 👍,Tanglish,0,none,0,0,0,0,0,0,0,none,"normal, neutral, or supportive statement",synthetic_tanglish
TCB2733,bro dei poda inga social media la,Tanglish,1,other,1,0,0,0,0,0,1,low,profane or abusive wording,synthetic_tanglish
TCB2734,macha unna adichiduven social media la la,Tanglish,1,individual,0,0,1,0,0,0,0,high,reference to physical harm,synthetic_tanglish
TCB2735,yes nice explanation 👍,Tanglish,0,none,0,0,0,0,0,0,0,none,"normal, neutral, or supportive statement",synthetic_tanglish
TCB2736,nee consent illama private photo kekkadha inga ah,Tanglish,1,individual,0,0,0,0,0,1,0,high,unwanted sexual pressure or abusive sexual request,synthetic_tanglish
TCB2737,keep going bro nu,Tanglish,0,none,0,0,0,0,0,0,0,none,"normal, neutral, or supportive statement",synthetic_tanglish
TCB2738,honestly inniku session epdi pochu da,Tanglish,0,none,0,0,0,0,0,0,0,none,"normal, neutral, or supportive statement",synthetic_tanglish
TCB2739,macha good job bro honestly,Tanglish,0,none,0,0,0,0,0,0,0,none,"normal, neutral, or supportive statement",synthetic_tanglish
TCB2740,nee nalla work pannita nu,Tanglish,0,none,0,0,0,0,0,0,0,none,"normal, neutral, or supportive statement",synthetic_tanglish
TCB2741,macha nee oru useless fellow inga ah,Tanglish,1,individual,1,0,0,0,0,0,0,low,direct personal insult,synthetic_tanglish
TCB2742,dei poda public ah,Tanglish,1,other,0,0,0,0,0,0,1,low,profane or abusive wording,synthetic_tanglish
TCB2743,yes presentation clear ah irundhuchu bro,Tanglish,0,none,0,0,0,0,0,0,0,none,"normal, neutral, or supportive statement",synthetic_tanglish
TCB2744,dei nee unakku sense eh illa macha,Tanglish,1,individual,1,0,0,0,0,0,0,low,direct personal insult,synthetic_tanglish
TCB2745,nee private photo share panna force pannadha comment section la ah,Tanglish,1,individual,0,0,0,0,0,1,0,high,unwanted sexual pressure or abusive sexual request,synthetic_tanglish
TCB2746,macha semma performance da,Tanglish,0,none,0,0,0,0,0,0,0,none,"normal, neutral, or supportive statement",synthetic_tanglish
TCB2747,da good job bro bro,Tanglish,0,none,0,0,0,0,0,0,0,none,"normal, neutral, or supportive statement",synthetic_tanglish
TCB2748,dei summa iru bro,Tanglish,1,individual,0,0,0,0,0,0,1,low,profane or abusive wording,synthetic_tanglish
TCB2749,seri keep going bro bro,Tanglish,0,none,0,0,0,0,0,0,0,none,"normal, neutral, or supportive statement",synthetic_tanglish
TCB2750,actually naalaikku continue pannalam honestly,Tanglish,0,none,0,0,0,0,0,0,0,none,"normal, neutral, or supportive statement",synthetic_tanglish
TCB2751,actually nee daily improve aagite irukka nu,Tanglish,0,none,0,0,0,0,0,0,0,none,"normal, neutral, or supportive statement",synthetic_tanglish
TCB2752,listen poda da intha post la macha,Tanglish,1,individual,0,0,0,0,0,0,1,medium,profane or abusive wording,synthetic_tanglish
TCB2753,da nice explanation,Tanglish,0,none,0,0,0,0,0,0,0,none,"normal, neutral, or supportive statement",synthetic_tanglish
TCB2754,listen poda poi velaiya paaru social media la poda,Tanglish,1,other,0,0,0,0,0,0,1,low,profane or abusive wording,synthetic_tanglish
TCB2755,macha project nalla develop aaguthu bro,Tanglish,0,none,0,0,0,0,0,0,0,none,"normal, neutral, or supportive statement",synthetic_tanglish
TCB2756,honestly seri paakalam honestly,Tanglish,0,none,0,0,0,0,0,0,0,none,"normal, neutral, or supportive statement",synthetic_tanglish
TCB2757,macha team work nalla pannenga today,Tanglish,0,none,0,0,0,0,0,0,0,none,"normal, neutral, or supportive statement",synthetic_tanglish
TCB2758,bro assignment submit pannitiya,Tanglish,0,none,0,0,0,0,0,0,0,none,"normal, neutral, or supportive statement",synthetic_tanglish
TCB2759,seri presentation clear ah irundhuchu today,Tanglish,0,none,0,0,0,0,0,0,0,none,"normal, neutral, or supportive statement",synthetic_tanglish
TCB2760,macha unna damage panniduven comment section la macha,Tanglish,1,individual,0,0,1,0,0,0,0,medium,reference to physical harm,synthetic_tanglish
TCB2761,da project nalla develop aaguthu macha,Tanglish,0,none,0,0,0,0,0,0,0,none,"normal, neutral, or supportive statement",synthetic_tanglish
TCB2762,listen sexual pressure kudukka koodadhu inga da,Tanglish,1,individual,0,0,0,0,1,1,0,medium,unwanted sexual pressure or abusive sexual request,synthetic_tanglish
TCB2763,yes indha idea useful ah irukku da,Tanglish,0,none,0,0,0,0,0,0,0,none,"normal, neutral, or supportive statement",synthetic_tanglish
TCB2764,macha unna vida maaten nu nenachuko message la nu,Tanglish,1,individual,0,1,1,0,0,0,0,medium,threatening language,synthetic_tanglish
TCB2765,ivan andha community people romba kevalam inga bro,Tanglish,1,group,0,0,0,1,0,0,0,medium,group-targeted hateful language,synthetic_tanglish
TCB2766,bro andha group ellam useless daily da,Tanglish,1,group,0,0,0,1,0,0,0,medium,group-targeted hateful language,synthetic_tanglish
TCB2767,true bro nice explanation nu,Tanglish,0,none,0,0,0,0,0,0,0,none,"normal, neutral, or supportive statement",synthetic_tanglish
TCB2768,macha unna adikka varuven message la macha,Tanglish,1,other,0,1,1,0,0,0,0,high,reference to physical harm,synthetic_tanglish
TCB2769,private photo share panna force pannadha nu,Tanglish,1,individual,0,0,0,0,0,1,0,high,unwanted sexual pressure or abusive sexual request,synthetic_tanglish
TCB2770,nee private content force panna vendam inga la,Tanglish,1,other,0,0,0,0,1,1,0,high,unwanted sexual pressure or abusive sexual request,synthetic_tanglish
TCB2771,seri super ah panniruka bro,Tanglish,0,none,0,0,0,0,0,0,0,none,"normal, neutral, or supportive statement",synthetic_tanglish
TCB2772,dei dei poda chat la ippo,Tanglish,1,individual,0,0,0,0,0,0,1,medium,profane or abusive wording,synthetic_tanglish
TCB2773,indha idea useful ah irukku bro,Tanglish,0,none,0,0,0,0,0,0,0,none,"normal, neutral, or supportive statement",synthetic_tanglish
TCB2774,da thanks for helping me honestly,Tanglish,0,none,0,0,0,0,0,0,0,none,"normal, neutral, or supportive statement",synthetic_tanglish
TCB2775,nice ah inniku session epdi pochu 👍,Tanglish,0,none,0,0,0,0,0,0,0,none,"normal, neutral, or supportive statement",synthetic_tanglish
TCB2776,seri super ah panniruka honestly,Tanglish,0,none,0,0,0,0,0,0,0,none,"normal, neutral, or supportive statement",synthetic_tanglish
TCB2777,ava personal appearance ah target panni tease pannadha comment section la bro,Tanglish,1,individual,0,0,0,0,1,0,0,high,unwanted sexualized or appearance-based harassment,synthetic_tanglish
TCB2778,actually indha idea useful ah irukku 👍,Tanglish,0,none,0,0,0,0,0,0,0,none,"normal, neutral, or supportive statement",synthetic_tanglish
TCB2779,ivan online la unwanted sexual attention kudukkadha daily ippo,Tanglish,1,individual,0,0,0,0,1,0,0,medium,unwanted sexualized or appearance-based harassment,synthetic_tanglish
TCB2780,dei unna hurt panniduven chat la,Tanglish,1,other,0,1,1,0,0,0,0,high,reference to physical harm,synthetic_tanglish
TCB2781,da nice explanation 👍,Tanglish,0,none,0,0,0,0,0,0,0,none,"normal, neutral, or supportive statement",synthetic_tanglish
TCB2782,ivan online la unwanted sexual attention kudukkadha daily podi,Tanglish,1,other,0,0,0,0,1,0,0,high,unwanted sexualized or appearance-based harassment,synthetic_tanglish
TCB2783,yes food saptiya nu,Tanglish,0,none,0,0,0,0,0,0,0,none,"normal, neutral, or supportive statement",synthetic_tanglish
TCB2784,da naalaikku continue pannalam honestly,Tanglish,0,none,0,0,0,0,0,0,0,none,"normal, neutral, or supportive statement",synthetic_tanglish
TCB2785,ivan nee romba stupid message la poda,Tanglish,1,other,1,0,0,0,0,0,0,medium,direct personal insult,synthetic_tanglish
TCB2786,honestly keep going bro da,Tanglish,0,none,0,0,0,0,0,0,0,none,"normal, neutral, or supportive statement",synthetic_tanglish
TCB2787,seri movie epdi irundhuchu macha,Tanglish,0,none,0,0,0,0,0,0,0,none,"normal, neutral, or supportive statement",synthetic_tanglish
TCB2788,bro online la unwanted sexual attention kudukkadha chat la bro,Tanglish,1,individual,0,0,0,0,1,0,0,high,unwanted sexualized or appearance-based harassment,synthetic_tanglish
TCB2789,honestly correct ah sonna bro,Tanglish,0,none,0,0,0,0,0,0,0,none,"normal, neutral, or supportive statement",synthetic_tanglish
TCB2790,macha happy for your progress 👍,Tanglish,0,none,0,0,0,0,0,0,0,none,"normal, neutral, or supportive statement",synthetic_tanglish
TCB2791,bro naan unakku support panren nu,Tanglish,0,none,0,0,0,0,0,0,0,none,"normal, neutral, or supportive statement",synthetic_tanglish
TCB2792,bro un body ah comment panni disturb pannadha social media la macha,Tanglish,1,individual,0,0,0,0,1,0,0,high,unwanted sexualized or appearance-based harassment,synthetic_tanglish
TCB2793,true bro meeting five mani ku irukku la,Tanglish,0,none,0,0,0,0,0,0,0,none,"normal, neutral, or supportive statement",synthetic_tanglish
TCB2794,ivan innoru thadava ippadi pesina serious ah irukkum inga da,Tanglish,1,other,0,1,0,0,0,0,0,medium,threatening language,synthetic_tanglish
TCB2795,da happy for your progress la,Tanglish,0,none,0,0,0,0,0,0,0,none,"normal, neutral, or supportive statement",synthetic_tanglish
TCB2796,ava un brain enga pochu ah,Tanglish,1,individual,1,0,0,0,0,0,0,low,direct personal insult,synthetic_tanglish
TCB2797,dei un photo paathu sexual comments podradhu wrong online la nu,Tanglish,1,other,0,0,0,0,1,0,0,high,unwanted sexualized or appearance-based harassment,synthetic_tanglish
TCB2798,unnoda actions ku answer kudukkanum public ah la,Tanglish,1,individual,0,1,1,0,0,0,0,medium,threatening language,synthetic_tanglish
TCB2799,yes database update panniten honestly,Tanglish,0,none,0,0,0,0,0,0,0,none,"normal, neutral, or supportive statement",synthetic_tanglish
TCB2800,yes naan unakku support panren nu,Tanglish,0,none,0,0,0,0,0,0,0,none,"normal, neutral, or supportive statement",synthetic_tanglish
TCB2801,true bro indha idea useful ah irukku bro,Tanglish,0,none,0,0,0,0,0,0,0,none,"normal, neutral, or supportive statement",synthetic_tanglish
TCB2802,listen avanai poi adichidu intha post la ippo,Tanglish,1,individual,0,1,1,0,0,0,0,medium,reference to physical harm,synthetic_tanglish
TCB2803,honestly rest eduthuko inniku,Tanglish,0,none,0,0,0,0,0,0,0,none,"normal, neutral, or supportive statement",synthetic_tanglish
TCB2804,true bro naalaikku continue pannalam 👍,Tanglish,0,none,0,0,0,0,0,0,0,none,"normal, neutral, or supportive statement",synthetic_tanglish
TCB2805,nee careful ah iru inga nu,Tanglish,1,individual,0,1,0,0,0,0,0,high,threatening language,synthetic_tanglish
TCB2806,honestly naalaikku continue pannalam,Tanglish,0,none,0,0,0,0,0,0,0,none,"normal, neutral, or supportive statement",synthetic_tanglish
TCB2807,honestly later discuss pannalam nu,Tanglish,0,none,0,0,0,0,0,0,0,none,"normal, neutral, or supportive statement",synthetic_tanglish
TCB2808,ava un photo paathu sexual comments podradhu wrong comment section la nu,Tanglish,1,other,0,0,0,0,1,0,0,medium,unwanted sexualized or appearance-based harassment,synthetic_tanglish
TCB2809,actually database update panniten honestly,Tanglish,0,none,0,0,0,0,0,0,0,none,"normal, neutral, or supportive statement",synthetic_tanglish
TCB2810,listen podi dei online la la,Tanglish,1,individual,1,0,0,0,0,0,1,low,profane or abusive wording,synthetic_tanglish
TCB2811,dei nee private content force panna vendam daily ah,Tanglish,1,individual,0,0,0,0,0,1,0,medium,unwanted sexual pressure or abusive sexual request,synthetic_tanglish
TCB2812,listen online la unwanted sexual attention kudukkadha public ah da,Tanglish,1,individual,0,0,0,0,1,0,0,high,unwanted sexualized or appearance-based harassment,synthetic_tanglish
TCB2813,da un effort romba nalla irukku da,Tanglish,0,none,0,0,0,0,0,0,0,none,"normal, neutral, or supportive statement",synthetic_tanglish
TCB2814,bro personal appearance ah target panni tease pannadha online la da,Tanglish,1,other,0,0,0,0,1,0,0,medium,unwanted sexualized or appearance-based harassment,synthetic_tanglish
TCB2815,nee oru embarrassment chat la poda,Tanglish,1,individual,1,0,0,0,0,0,1,low,direct personal insult,synthetic_tanglish
TCB2816,da presentation clear ah irundhuchu,Tanglish,0,none,0,0,0,0,0,0,0,none,"normal, neutral, or supportive statement",synthetic_tanglish
TCB2817,ava unakku edhuvume theriyadhu public ah poda,Tanglish,1,individual,1,0,0,0,0,0,1,low,direct personal insult,synthetic_tanglish
TCB2818,actually good job bro today,Tanglish,0,none,0,0,0,0,0,0,0,none,"normal, neutral, or supportive statement",synthetic_tanglish
TCB2819,bro avanga ellarum same madhiri chat la nu,Tanglish,1,group,0,0,0,1,0,0,0,medium,group-targeted hateful language,synthetic_tanglish
TCB2820,project nalla develop aaguthu 👍,Tanglish,0,none,0,0,0,0,0,0,0,none,"normal, neutral, or supportive statement",synthetic_tanglish
TCB2821,honestly code check pannitu sollu inniku,Tanglish,0,none,0,0,0,0,0,0,0,none,"normal, neutral, or supportive statement",synthetic_tanglish
TCB2822,da database update panniten da,Tanglish,0,none,0,0,0,0,0,0,0,none,"normal, neutral, or supportive statement",synthetic_tanglish
TCB2823,macha rest eduthuko honestly,Tanglish,0,none,0,0,0,0,0,0,0,none,"normal, neutral, or supportive statement",synthetic_tanglish
TCB2824,true bro super ah panniruka bro,Tanglish,0,none,0,0,0,0,0,0,0,none,"normal, neutral, or supportive statement",synthetic_tanglish
TCB2825,dei consent illama private photo kekkadha poda,Tanglish,1,individual,0,0,0,0,1,1,0,high,unwanted sexual pressure or abusive sexual request,synthetic_tanglish
TCB2826,da happy for your progress 👍,Tanglish,0,none,0,0,0,0,0,0,0,none,"normal, neutral, or supportive statement",synthetic_tanglish
TCB2827,nice ah movie epdi irundhuchu 👍,Tanglish,0,none,0,0,0,0,0,0,0,none,"normal, neutral, or supportive statement",synthetic_tanglish
TCB2828,ava unna adikka varuven chat la ippo,Tanglish,1,other,0,0,1,0,0,0,0,medium,reference to physical harm,synthetic_tanglish
TCB2829,ivan enna oru mokka person comment section la nu,Tanglish,1,individual,1,0,0,0,0,0,0,low,direct personal insult,synthetic_tanglish
TCB2830,seriously nee pesuradhellam mokka message la poda,Tanglish,1,individual,1,0,0,0,0,0,0,medium,direct personal insult,synthetic_tanglish
TCB2831,nee innoru thadava ippadi pesina serious ah irukkum comment section la poda,Tanglish,1,individual,0,1,1,0,0,0,0,medium,threatening language,synthetic_tanglish
TCB2832,bro thanks for helping me macha,Tanglish,0,none,0,0,0,0,0,0,0,none,"normal, neutral, or supportive statement",synthetic_tanglish
TCB2833,da nice explanation inniku,Tanglish,0,none,0,0,0,0,0,0,0,none,"normal, neutral, or supportive statement",synthetic_tanglish
TCB2834,nee unna physical ah attack panniduven comment section la la,Tanglish,1,individual,0,1,1,0,0,0,0,high,reference to physical harm,synthetic_tanglish
TCB2835,listen dei summa iru inga podi,Tanglish,1,other,0,0,0,0,0,0,1,low,profane or abusive wording,synthetic_tanglish
TCB2836,seriously poda mental comment section la podi,Tanglish,1,individual,0,0,0,0,0,0,1,medium,profane or abusive wording,synthetic_tanglish
TCB2837,true bro indha idea useful ah irukku honestly,Tanglish,0,none,0,0,0,0,0,0,0,none,"normal, neutral, or supportive statement",synthetic_tanglish
TCB2838,dei nee innoru message anuppina paathuko chat la la,Tanglish,1,individual,0,1,1,0,0,0,0,medium,threatening language,synthetic_tanglish
TCB2839,nice ah happy for your progress la,Tanglish,0,none,0,0,0,0,0,0,0,none,"normal, neutral, or supportive statement",synthetic_tanglish
TCB2840,macha dei summa iru social media la la,Tanglish,1,individual,0,0,0,0,0,0,1,low,profane or abusive wording,synthetic_tanglish
TCB2841,ivan andha group ellam useless inga podi,Tanglish,1,group,0,0,0,1,0,0,0,medium,group-targeted hateful language,synthetic_tanglish
TCB2842,dei nee private content force panna vendam public ah ippo,Tanglish,1,other,0,0,0,0,0,1,0,medium,unwanted sexual pressure or abusive sexual request,synthetic_tanglish
TCB2843,nice ah happy for your progress nu,Tanglish,0,none,0,0,0,0,0,0,0,none,"normal, neutral, or supportive statement",synthetic_tanglish
TCB2844,yes nee nalla work pannita honestly,Tanglish,0,none,0,0,0,0,0,0,0,none,"normal, neutral, or supportive statement",synthetic_tanglish
TCB2845,macha meeting five mani ku irukku today,Tanglish,0,none,0,0,0,0,0,0,0,none,"normal, neutral, or supportive statement",synthetic_tanglish
TCB2846,un body pathi public ah pesa vendam intha post la poda,Tanglish,1,other,0,0,0,0,1,0,0,medium,unwanted sexualized or appearance-based harassment,synthetic_tanglish
TCB2847,nee unnoda actions ku answer kudukkanum daily bro,Tanglish,1,individual,0,1,0,0,0,0,0,high,threatening language,synthetic_tanglish
TCB2848,un photo ku sexual comment podradhu wrong online la nu,Tanglish,1,individual,0,0,0,0,1,0,0,medium,unwanted sexualized or appearance-based harassment,synthetic_tanglish
TCB2849,honestly correct ah sonna nu,Tanglish,0,none,0,0,0,0,0,0,0,none,"normal, neutral, or supportive statement",synthetic_tanglish
TCB2850,actually seri paakalam 👍,Tanglish,0,none,0,0,0,0,0,0,0,none,"normal, neutral, or supportive statement",synthetic_tanglish
TCB2851,honestly assignment submit pannitiya bro,Tanglish,0,none,0,0,0,0,0,0,0,none,"normal, neutral, or supportive statement",synthetic_tanglish
TCB2852,macha nice explanation nu,Tanglish,0,none,0,0,0,0,0,0,0,none,"normal, neutral, or supportive statement",synthetic_tanglish
TCB2853,macha sexual content anuppi disturb panna koodadhu intha post la,Tanglish,1,individual,0,0,0,0,0,1,0,medium,unwanted sexual pressure or abusive sexual request,synthetic_tanglish
TCB2854,true bro assignment submit pannitiya today,Tanglish,0,none,0,0,0,0,0,0,0,none,"normal, neutral, or supportive statement",synthetic_tanglish
TCB2855,ava andha community ah nambave mudiyadhu message la poda,Tanglish,1,group,0,0,0,1,0,0,0,high,group-targeted hateful language,synthetic_tanglish
TCB2856,unnoda actions ku answer kudukkanum social media la podi,Tanglish,1,other,0,1,1,0,0,0,0,medium,threatening language,synthetic_tanglish
TCB2857,ivan nee romba stupid public ah,Tanglish,1,individual,1,0,0,0,0,0,0,low,direct personal insult,synthetic_tanglish
TCB2858,nice ah movie epdi irundhuchu bro,Tanglish,0,none,0,0,0,0,0,0,0,none,"normal, neutral, or supportive statement",synthetic_tanglish
TCB2859,ava consent illama private photo kekkadha inga macha,Tanglish,1,other,0,0,0,0,0,1,0,high,unwanted sexual pressure or abusive sexual request,synthetic_tanglish
TCB2860,macha unna hurt panniduven social media la nu,Tanglish,1,individual,0,1,1,0,0,0,0,high,reference to physical harm,synthetic_tanglish
TCB2861,listen private content force panna vendam intha post la podi,Tanglish,1,individual,0,0,0,0,0,1,0,medium,unwanted sexual pressure or abusive sexual request,synthetic_tanglish
TCB2862,macha naan unna confront panren daily da,Tanglish,1,other,0,1,0,0,0,0,0,medium,threatening language,synthetic_tanglish
TCB2863,dei nee avanga ellarum same madhiri intha post la macha,Tanglish,1,group,0,0,0,1,0,0,0,high,group-targeted hateful language,synthetic_tanglish
TCB2864,macha inniku session epdi pochu 👍,Tanglish,0,none,0,0,0,0,0,0,0,none,"normal, neutral, or supportive statement",synthetic_tanglish
TCB2865,da correct ah sonna inniku,Tanglish,0,none,0,0,0,0,0,0,0,none,"normal, neutral, or supportive statement",synthetic_tanglish
TCB2866,macha seri paakalam bro,Tanglish,0,none,0,0,0,0,0,0,0,none,"normal, neutral, or supportive statement",synthetic_tanglish
TCB2867,nice ah good job bro la,Tanglish,0,none,0,0,0,0,0,0,0,none,"normal, neutral, or supportive statement",synthetic_tanglish
TCB2868,macha meeting five mani ku irukku inniku,Tanglish,0,none,0,0,0,0,0,0,0,none,"normal, neutral, or supportive statement",synthetic_tanglish
TCB2869,bro happy for your progress honestly,Tanglish,0,none,0,0,0,0,0,0,0,none,"normal, neutral, or supportive statement",synthetic_tanglish
TCB2870,super ah panniruka 👍,Tanglish,0,none,0,0,0,0,0,0,0,none,"normal, neutral, or supportive statement",synthetic_tanglish
TCB2871,personal appearance ah target panni tease pannadha public ah bro,Tanglish,1,individual,0,0,0,0,1,0,0,high,unwanted sexualized or appearance-based harassment,synthetic_tanglish
TCB2872,true bro team work nalla pannenga inniku,Tanglish,0,none,0,0,0,0,0,0,0,none,"normal, neutral, or supportive statement",synthetic_tanglish
TCB2873,da good job bro,Tanglish,0,none,0,0,0,0,0,0,0,none,"normal, neutral, or supportive statement",synthetic_tanglish
TCB2874,bro nee onnum purinjikala inga macha,Tanglish,1,individual,1,0,0,0,0,0,0,low,direct personal insult,synthetic_tanglish
TCB2875,movie epdi irundhuchu honestly,Tanglish,0,none,0,0,0,0,0,0,0,none,"normal, neutral, or supportive statement",synthetic_tanglish
TCB2876,bro innoru thadava ippadi pesina serious ah irukkum social media la la,Tanglish,1,other,0,1,1,0,0,0,0,medium,threatening language,synthetic_tanglish
TCB2877,true bro rest eduthuko honestly,Tanglish,0,none,0,0,0,0,0,0,0,none,"normal, neutral, or supportive statement",synthetic_tanglish
TCB2878,actually inniku session epdi pochu honestly,Tanglish,0,none,0,0,0,0,0,0,0,none,"normal, neutral, or supportive statement",synthetic_tanglish
TCB2879,yes naalaikku continue pannalam today,Tanglish,0,none,0,0,0,0,0,0,0,none,"normal, neutral, or supportive statement",synthetic_tanglish
TCB2880,seri super ah panniruka today,Tanglish,0,none,0,0,0,0,0,0,0,none,"normal, neutral, or supportive statement",synthetic_tanglish
TCB2881,yes thanks for helping me nu,Tanglish,0,none,0,0,0,0,0,0,0,none,"normal, neutral, or supportive statement",synthetic_tanglish
TCB2882,ivan andha people ellam problem inga da,Tanglish,1,group,0,0,0,1,0,0,0,medium,group-targeted hateful language,synthetic_tanglish
TCB2883,seriously un performance romba kevalam online la,Tanglish,1,other,1,0,0,0,0,0,0,medium,direct personal insult,synthetic_tanglish
TCB2884,macha class nalla irundhucha nu,Tanglish,0,none,0,0,0,0,0,0,0,none,"normal, neutral, or supportive statement",synthetic_tanglish
TCB2885,nice ah indha idea useful ah irukku la,Tanglish,0,none,0,0,0,0,0,0,0,none,"normal, neutral, or supportive statement",synthetic_tanglish
TCB2886,bro un photo ku sexual comment podradhu wrong social media la ah,Tanglish,1,individual,0,0,0,0,1,0,0,high,unwanted sexualized or appearance-based harassment,synthetic_tanglish
TCB2887,ava sexual pressure kudukka koodadhu chat la da,Tanglish,1,individual,0,0,0,0,0,1,0,high,unwanted sexual pressure or abusive sexual request,synthetic_tanglish
TCB2888,listen innoru thadava ippadi pesina serious ah irukkum inga,Tanglish,1,individual,0,1,0,0,0,0,0,high,threatening language,synthetic_tanglish
TCB2889,ivan unna damage panniduven message la poda,Tanglish,1,other,0,0,1,0,0,0,0,high,reference to physical harm,synthetic_tanglish
TCB2890,nee andha community people romba kevalam intha post la ah,Tanglish,1,group,0,0,0,1,0,0,0,medium,group-targeted hateful language,synthetic_tanglish
TCB2891,true bro rest eduthuko today,Tanglish,0,none,0,0,0,0,0,0,0,none,"normal, neutral, or supportive statement",synthetic_tanglish
TCB2892,macha super ah panniruka honestly,Tanglish,0,none,0,0,0,0,0,0,0,none,"normal, neutral, or supportive statement",synthetic_tanglish
TCB2893,dei nee unna vida maaten nu nenachuko public ah poda,Tanglish,1,other,0,1,0,0,0,0,0,high,threatening language,synthetic_tanglish
TCB2894,listen sexual pressure kudukka koodadhu social media la ah,Tanglish,1,individual,0,0,0,0,0,1,0,medium,unwanted sexual pressure or abusive sexual request,synthetic_tanglish
TCB2895,bro po da inga irundhu online la,Tanglish,1,individual,0,0,0,0,0,0,1,medium,profane or abusive wording,synthetic_tanglish
TCB2896,ava un appearance pathi unwanted comment poda vendam inga,Tanglish,1,individual,0,0,0,0,1,0,0,medium,unwanted sexualized or appearance-based harassment,synthetic_tanglish
TCB2897,nee nee enna pannalum naan respond panren social media la bro,Tanglish,1,other,0,1,1,0,0,0,0,high,threatening language,synthetic_tanglish
TCB2898,bro good job bro bro,Tanglish,0,none,0,0,0,0,0,0,0,none,"normal, neutral, or supportive statement",synthetic_tanglish
TCB2899,bro nee oru waste fellow public ah podi,Tanglish,1,other,1,0,0,0,0,0,1,medium,direct personal insult,synthetic_tanglish
TCB2900,actually meeting five mani ku irukku,Tanglish,0,none,0,0,0,0,0,0,0,none,"normal, neutral, or supportive statement",synthetic_tanglish
TCB2901,bro nee nalla work pannita honestly,Tanglish,0,none,0,0,0,0,0,0,0,none,"normal, neutral, or supportive statement",synthetic_tanglish
TCB2902,seri class nalla irundhucha la,Tanglish,0,none,0,0,0,0,0,0,0,none,"normal, neutral, or supportive statement",synthetic_tanglish
TCB2903,food saptiya macha,Tanglish,0,none,0,0,0,0,0,0,0,none,"normal, neutral, or supportive statement",synthetic_tanglish
TCB2904,nice ah team work nalla pannenga today,Tanglish,0,none,0,0,0,0,0,0,0,none,"normal, neutral, or supportive statement",synthetic_tanglish
TCB2905,listen innoru thadava ippadi pesina serious ah irukkum inga macha,Tanglish,1,other,0,1,1,0,0,0,0,medium,threatening language,synthetic_tanglish
TCB2906,macha naan unakku support panren today,Tanglish,0,none,0,0,0,0,0,0,0,none,"normal, neutral, or supportive statement",synthetic_tanglish
TCB2907,ivan unna physical ah attack panniduven message la da,Tanglish,1,individual,0,1,1,0,0,0,0,high,reference to physical harm,synthetic_tanglish
TCB2908,true bro indha idea useful ah irukku,Tanglish,0,none,0,0,0,0,0,0,0,none,"normal, neutral, or supportive statement",synthetic_tanglish
TCB2909,nice ah naan unakku support panren da,Tanglish,0,none,0,0,0,0,0,0,0,none,"normal, neutral, or supportive statement",synthetic_tanglish
TCB2910,true bro super ah panniruka da,Tanglish,0,none,0,0,0,0,0,0,0,none,"normal, neutral, or supportive statement",synthetic_tanglish
TCB2911,seri inniku session epdi pochu macha,Tanglish,0,none,0,0,0,0,0,0,0,none,"normal, neutral, or supportive statement",synthetic_tanglish
TCB2912,nice ah naan unakku support panren bro,Tanglish,0,none,0,0,0,0,0,0,0,none,"normal, neutral, or supportive statement",synthetic_tanglish
TCB2913,bro personal appearance ah target panni tease pannadha intha post la la,Tanglish,1,individual,0,0,0,0,1,0,0,high,unwanted sexualized or appearance-based harassment,synthetic_tanglish
TCB2914,dei unakku consequences irukkum chat la podi,Tanglish,1,individual,0,1,0,0,0,0,0,medium,threatening language,synthetic_tanglish
TCB2915,macha nee onnum purinjikala inga ah,Tanglish,1,individual,1,0,0,0,0,0,1,low,direct personal insult,synthetic_tanglish
TCB2916,yes seri paakalam macha,Tanglish,0,none,0,0,0,0,0,0,0,none,"normal, neutral, or supportive statement",synthetic_tanglish
TCB2917,listen dei mokka bro,Tanglish,1,individual,0,0,0,0,0,0,1,medium,profane or abusive wording,synthetic_tanglish
TCB2918,dei un photo paathu sexual comments podradhu wrong chat la ah,Tanglish,1,other,0,0,0,0,1,0,0,high,unwanted sexualized or appearance-based harassment,synthetic_tanglish
TCB2919,seri later discuss pannalam da,Tanglish,0,none,0,0,0,0,0,0,0,none,"normal, neutral, or supportive statement",synthetic_tanglish
TCB2920,nice ah rest eduthuko 👍,Tanglish,0,none,0,0,0,0,0,0,0,none,"normal, neutral, or supportive statement",synthetic_tanglish
TCB2921,ava fight panna vandha paathukalam daily ippo,Tanglish,1,other,0,1,1,0,0,0,0,medium,reference to physical harm,synthetic_tanglish
TCB2922,ivan avanga ellarum same madhiri online la macha,Tanglish,1,group,0,0,0,1,0,0,0,medium,group-targeted hateful language,synthetic_tanglish
TCB2923,nee podi dei chat la macha,Tanglish,1,individual,1,0,0,0,0,0,1,low,profane or abusive wording,synthetic_tanglish
TCB2924,keep going bro today,Tanglish,0,none,0,0,0,0,0,0,0,none,"normal, neutral, or supportive statement",synthetic_tanglish
TCB2925,da inniku session epdi pochu la,Tanglish,0,none,0,0,0,0,0,0,0,none,"normal, neutral, or supportive statement",synthetic_tanglish
TCB2926,macha food saptiya honestly,Tanglish,0,none,0,0,0,0,0,0,0,none,"normal, neutral, or supportive statement",synthetic_tanglish
TCB2927,nice ah indha idea useful ah irukku da,Tanglish,0,none,0,0,0,0,0,0,0,none,"normal, neutral, or supportive statement",synthetic_tanglish
TCB2928,listen nee enna pannalum naan respond panren ah,Tanglish,1,other,0,1,0,0,0,0,0,high,threatening language,synthetic_tanglish
TCB2929,seri rest eduthuko macha,Tanglish,0,none,0,0,0,0,0,0,0,none,"normal, neutral, or supportive statement",synthetic_tanglish
TCB2930,seriously nee oru muttaal comment section la ah,Tanglish,1,other,1,0,0,0,0,0,1,low,direct personal insult,synthetic_tanglish
TCB2931,yes rest eduthuko macha,Tanglish,0,none,0,0,0,0,0,0,0,none,"normal, neutral, or supportive statement",synthetic_tanglish
TCB2932,true bro good job bro inniku,Tanglish,0,none,0,0,0,0,0,0,0,none,"normal, neutral, or supportive statement",synthetic_tanglish
TCB2933,macha dei summa iru comment section la nu,Tanglish,1,individual,0,0,0,0,0,0,1,medium,profane or abusive wording,synthetic_tanglish
TCB2934,bro semma performance la,Tanglish,0,none,0,0,0,0,0,0,0,none,"normal, neutral, or supportive statement",synthetic_tanglish
TCB2935,dei nee sexual pressure kudukka koodadhu chat la ippo,Tanglish,1,other,0,0,0,0,0,1,0,medium,unwanted sexual pressure or abusive sexual request,synthetic_tanglish
TCB2936,ivan unnoda actions ku answer kudukkanum online la,Tanglish,1,individual,0,1,0,0,0,0,0,medium,threatening language,synthetic_tanglish
TCB2937,seriously unna hurt panniduven comment section la da,Tanglish,1,individual,0,1,1,0,0,0,0,high,reference to physical harm,synthetic_tanglish
TCB2938,bro andha group people ellam mosam social media la da,Tanglish,1,group,0,0,0,1,0,0,0,medium,group-targeted hateful language,synthetic_tanglish
TCB2939,bro nee nalla work pannita today,Tanglish,0,none,0,0,0,0,0,0,0,none,"normal, neutral, or supportive statement",synthetic_tanglish
TCB2940,andha people ellam problem chat la da,Tanglish,1,group,0,0,0,1,0,0,0,high,group-targeted hateful language,synthetic_tanglish
TCB2941,seri class nalla irundhucha honestly,Tanglish,0,none,0,0,0,0,0,0,0,none,"normal, neutral, or supportive statement",synthetic_tanglish
TCB2942,bro thanks for helping me today,Tanglish,0,none,0,0,0,0,0,0,0,none,"normal, neutral, or supportive statement",synthetic_tanglish
TCB2943,da un effort romba nalla irukku nu,Tanglish,0,none,0,0,0,0,0,0,0,none,"normal, neutral, or supportive statement",synthetic_tanglish
TCB2944,macha nee nalla work pannita today,Tanglish,0,none,0,0,0,0,0,0,0,none,"normal, neutral, or supportive statement",synthetic_tanglish
TCB2945,honestly nee daily improve aagite irukka honestly,Tanglish,0,none,0,0,0,0,0,0,0,none,"normal, neutral, or supportive statement",synthetic_tanglish
TCB2946,seri good job bro,Tanglish,0,none,0,0,0,0,0,0,0,none,"normal, neutral, or supportive statement",synthetic_tanglish
TCB2947,un appearance pathi unwanted comment poda vendam online la ippo,Tanglish,1,other,0,0,0,0,1,0,0,high,unwanted sexualized or appearance-based harassment,synthetic_tanglish
TCB2948,seri nee nalla work pannita nu,Tanglish,0,none,0,0,0,0,0,0,0,none,"normal, neutral, or supportive statement",synthetic_tanglish
TCB2949,true bro assignment submit pannitiya honestly,Tanglish,0,none,0,0,0,0,0,0,0,none,"normal, neutral, or supportive statement",synthetic_tanglish
TCB2950,listen andha group people ellam mosam comment section la da,Tanglish,1,group,0,0,0,1,0,0,0,high,group-targeted hateful language,synthetic_tanglish
TCB2951,ava consent illama sexual request pannadha la,Tanglish,1,other,0,0,0,0,0,1,0,medium,unwanted sexual pressure or abusive sexual request,synthetic_tanglish
TCB2952,actually food saptiya macha,Tanglish,0,none,0,0,0,0,0,0,0,none,"normal, neutral, or supportive statement",synthetic_tanglish
TCB2953,honestly seri paakalam 👍,Tanglish,0,none,0,0,0,0,0,0,0,none,"normal, neutral, or supportive statement",synthetic_tanglish
TCB2954,macha nee nalla work pannita la,Tanglish,0,none,0,0,0,0,0,0,0,none,"normal, neutral, or supportive statement",synthetic_tanglish
TCB2955,da nee nalla work pannita nu,Tanglish,0,none,0,0,0,0,0,0,0,none,"normal, neutral, or supportive statement",synthetic_tanglish
TCB2956,macha solution useful ah irukku nu,Tanglish,0,none,0,0,0,0,0,0,0,none,"normal, neutral, or supportive statement",synthetic_tanglish
TCB2957,macha nee oru failure intha post la da,Tanglish,1,individual,1,0,0,0,0,0,0,medium,direct personal insult,synthetic_tanglish
TCB2958,macha poda waste social media la da,Tanglish,1,individual,0,0,0,0,0,0,1,low,profane or abusive wording,synthetic_tanglish
TCB2959,nice ah seri paakalam macha,Tanglish,0,none,0,0,0,0,0,0,0,none,"normal, neutral, or supportive statement",synthetic_tanglish
TCB2960,nee private content force panna vendam poda,Tanglish,1,other,0,0,0,0,0,1,0,high,unwanted sexual pressure or abusive sexual request,synthetic_tanglish
TCB2961,dei un appearance pathi unwanted comment poda vendam macha,Tanglish,1,individual,0,0,0,0,1,0,0,high,unwanted sexualized or appearance-based harassment,synthetic_tanglish
TCB2962,listen un photo ku sexual comment podradhu wrong comment section la ah,Tanglish,1,individual,0,0,0,0,1,0,0,high,unwanted sexualized or appearance-based harassment,synthetic_tanglish
TCB2963,actually project nalla develop aaguthu da,Tanglish,0,none,0,0,0,0,0,0,0,none,"normal, neutral, or supportive statement",synthetic_tanglish
TCB2964,dei nee dei poda comment section la da,Tanglish,1,individual,1,0,0,0,0,0,1,low,profane or abusive wording,synthetic_tanglish
TCB2965,actually super ah panniruka honestly,Tanglish,0,none,0,0,0,0,0,0,0,none,"normal, neutral, or supportive statement",synthetic_tanglish
TCB2966,honestly database update panniten inniku,Tanglish,0,none,0,0,0,0,0,0,0,none,"normal, neutral, or supportive statement",synthetic_tanglish
TCB2967,bro un effort romba nalla irukku,Tanglish,0,none,0,0,0,0,0,0,0,none,"normal, neutral, or supportive statement",synthetic_tanglish
TCB2968,honestly solution useful ah irukku,Tanglish,0,none,0,0,0,0,0,0,0,none,"normal, neutral, or supportive statement",synthetic_tanglish
TCB2969,bro database update panniten macha,Tanglish,0,none,0,0,0,0,0,0,0,none,"normal, neutral, or supportive statement",synthetic_tanglish
TCB2970,seriously poda mental social media la macha,Tanglish,1,individual,1,0,0,0,0,0,1,medium,profane or abusive wording,synthetic_tanglish
TCB2971,macha project nalla develop aaguthu nu,Tanglish,0,none,0,0,0,0,0,0,0,none,"normal, neutral, or supportive statement",synthetic_tanglish
TCB2972,da super ah panniruka la,Tanglish,0,none,0,0,0,0,0,0,0,none,"normal, neutral, or supportive statement",synthetic_tanglish
TCB2973,macha naan unakku support panren la,Tanglish,0,none,0,0,0,0,0,0,0,none,"normal, neutral, or supportive statement",synthetic_tanglish
TCB2974,macha food saptiya bro,Tanglish,0,none,0,0,0,0,0,0,0,none,"normal, neutral, or supportive statement",synthetic_tanglish
TCB2975,dei nee unna physical ah attack panniduven social media la macha,Tanglish,1,individual,0,1,1,0,0,0,0,medium,reference to physical harm,synthetic_tanglish
TCB2976,dei nee online la unwanted sexual attention kudukkadha bro,Tanglish,1,individual,0,0,0,0,1,0,0,medium,unwanted sexualized or appearance-based harassment,synthetic_tanglish
TCB2977,macha meeting five mani ku irukku 👍,Tanglish,0,none,0,0,0,0,0,0,0,none,"normal, neutral, or supportive statement",synthetic_tanglish
TCB2978,dei personal appearance ah target panni tease pannadha intha post la da,Tanglish,1,individual,0,0,0,0,1,0,0,high,unwanted sexualized or appearance-based harassment,synthetic_tanglish
TCB2979,ivan poda poi velaiya paaru online la bro,Tanglish,1,individual,1,0,0,0,0,0,1,medium,profane or abusive wording,synthetic_tanglish
TCB2980,da movie epdi irundhuchu da,Tanglish,0,none,0,0,0,0,0,0,0,none,"normal, neutral, or supportive statement",synthetic_tanglish
TCB2981,honestly movie epdi irundhuchu honestly,Tanglish,0,none,0,0,0,0,0,0,0,none,"normal, neutral, or supportive statement",synthetic_tanglish
TCB2982,macha un appearance pathi unwanted comment poda vendam inga ah,Tanglish,1,individual,0,0,0,0,1,0,0,medium,unwanted sexualized or appearance-based harassment,synthetic_tanglish
TCB2983,da rest eduthuko macha,Tanglish,0,none,0,0,0,0,0,0,0,none,"normal, neutral, or supportive statement",synthetic_tanglish
TCB2984,listen andha group people ellam mosam comment section la,Tanglish,1,group,0,0,0,1,0,0,0,medium,group-targeted hateful language,synthetic_tanglish
TCB2985,true bro meeting five mani ku irukku macha,Tanglish,0,none,0,0,0,0,0,0,0,none,"normal, neutral, or supportive statement",synthetic_tanglish
TCB2986,nice ah keep going bro inniku,Tanglish,0,none,0,0,0,0,0,0,0,none,"normal, neutral, or supportive statement",synthetic_tanglish
TCB2987,nice ah class nalla irundhucha inniku,Tanglish,0,none,0,0,0,0,0,0,0,none,"normal, neutral, or supportive statement",synthetic_tanglish
TCB2988,ivan andha community people romba kevalam daily ah,Tanglish,1,group,0,0,0,1,0,0,0,high,group-targeted hateful language,synthetic_tanglish
TCB2989,yes thanks for helping me inniku,Tanglish,0,none,0,0,0,0,0,0,0,none,"normal, neutral, or supportive statement",synthetic_tanglish
TCB2990,da movie epdi irundhuchu macha,Tanglish,0,none,0,0,0,0,0,0,0,none,"normal, neutral, or supportive statement",synthetic_tanglish
TCB2991,macha andha group people ellam mosam chat la,Tanglish,1,group,0,0,0,1,0,0,0,medium,group-targeted hateful language,synthetic_tanglish
TCB2992,seriously unakku edhuvume theriyadhu la,Tanglish,1,other,1,0,0,0,0,0,1,low,direct personal insult,synthetic_tanglish
TCB2993,meeting five mani ku irukku 👍,Tanglish,0,none,0,0,0,0,0,0,0,none,"normal, neutral, or supportive statement",synthetic_tanglish
TCB2994,ava innoru thadava ippadi pesina serious ah irukkum chat la podi,Tanglish,1,individual,0,1,1,0,0,0,0,medium,threatening language,synthetic_tanglish
TCB2995,macha avanai poi adichidu online la poda,Tanglish,1,individual,0,0,1,0,0,0,0,high,reference to physical harm,synthetic_tanglish
TCB2996,nee un body ah comment panni disturb pannadha inga podi,Tanglish,1,individual,0,0,0,0,1,0,0,high,unwanted sexualized or appearance-based harassment,synthetic_tanglish
TCB2997,macha indha idea useful ah irukku nu,Tanglish,0,none,0,0,0,0,0,0,0,none,"normal, neutral, or supportive statement",synthetic_tanglish
TCB2998,bro super ah panniruka inniku,Tanglish,0,none,0,0,0,0,0,0,0,none,"normal, neutral, or supportive statement",synthetic_tanglish
TCB2999,da nee nalla work pannita inniku,Tanglish,0,none,0,0,0,0,0,0,0,none,"normal, neutral, or supportive statement",synthetic_tanglish
TCB3000,ava unakku nalla warning idhu chat la podi,Tanglish,1,individual,0,1,0,0,0,0,0,medium,threatening language,synthetic_tanglish
TCB3001,yes solution useful ah irukku today,Tanglish,0,none,0,0,0,0,0,0,0,none,"normal, neutral, or supportive statement",synthetic_tanglish
TCB3002,nice ah class nalla irundhucha honestly,Tanglish,0,none,0,0,0,0,0,0,0,none,"normal, neutral, or supportive statement",synthetic_tanglish
TCB3003,dei private content force panna vendam intha post la ippo,Tanglish,1,individual,0,0,0,0,0,1,0,medium,unwanted sexual pressure or abusive sexual request,synthetic_tanglish
TCB3004,honestly project nalla develop aaguthu nu,Tanglish,0,none,0,0,0,0,0,0,0,none,"normal, neutral, or supportive statement",synthetic_tanglish
TCB3005,dei ava mela unwanted comments podradhu harassment online la bro,Tanglish,1,individual,0,0,0,0,1,0,0,high,unwanted sexualized or appearance-based harassment,synthetic_tanglish
TCB3006,listen consent illama private photo kekkadha chat la macha,Tanglish,1,individual,0,0,0,0,0,1,0,high,unwanted sexual pressure or abusive sexual request,synthetic_tanglish
TCB3007,macha naalaikku continue pannalam inniku,Tanglish,0,none,0,0,0,0,0,0,0,none,"normal, neutral, or supportive statement",synthetic_tanglish
TCB3008,seri naalaikku continue pannalam,Tanglish,0,none,0,0,0,0,0,0,0,none,"normal, neutral, or supportive statement",synthetic_tanglish
TCB3009,bro later discuss pannalam bro,Tanglish,0,none,0,0,0,0,0,0,0,none,"normal, neutral, or supportive statement",synthetic_tanglish
TCB3010,seri correct ah sonna honestly,Tanglish,0,none,0,0,0,0,0,0,0,none,"normal, neutral, or supportive statement",synthetic_tanglish
TCB3011,yes team work nalla pannenga 👍,Tanglish,0,none,0,0,0,0,0,0,0,none,"normal, neutral, or supportive statement",synthetic_tanglish
TCB3012,true bro meeting five mani ku irukku,Tanglish,0,none,0,0,0,0,0,0,0,none,"normal, neutral, or supportive statement",synthetic_tanglish
TCB3013,bro consent illama private photo kekkadha chat la nu,Tanglish,1,individual,0,0,0,0,1,1,0,high,unwanted sexual pressure or abusive sexual request,synthetic_tanglish
TCB3014,true bro meeting five mani ku irukku today,Tanglish,0,none,0,0,0,0,0,0,0,none,"normal, neutral, or supportive statement",synthetic_tanglish
TCB3015,macha fight panna vandha paathukalam daily ippo,Tanglish,1,individual,0,1,1,0,0,0,0,high,reference to physical harm,synthetic_tanglish
TCB3016,honestly movie epdi irundhuchu inniku,Tanglish,0,none,0,0,0,0,0,0,0,none,"normal, neutral, or supportive statement",synthetic_tanglish
TCB3017,dei nee sexual pressure kudukka koodadhu public ah ippo,Tanglish,1,individual,0,0,0,0,0,1,0,high,unwanted sexual pressure or abusive sexual request,synthetic_tanglish
TCB3018,actually good job bro 👍,Tanglish,0,none,0,0,0,0,0,0,0,none,"normal, neutral, or supportive statement",synthetic_tanglish
TCB3019,yes thanks for helping me 👍,Tanglish,0,none,0,0,0,0,0,0,0,none,"normal, neutral, or supportive statement",synthetic_tanglish
TCB3020,nee sandaila unna adikka thonudhu chat la la,Tanglish,1,individual,0,1,1,0,0,0,0,medium,reference to physical harm,synthetic_tanglish
TCB3021,bro un photo paathu sexual comments podradhu wrong message la bro,Tanglish,1,individual,0,0,0,0,1,0,0,medium,unwanted sexualized or appearance-based harassment,synthetic_tanglish
TCB3022,ava mela unwanted comments podradhu harassment public ah poda,Tanglish,1,other,0,0,0,0,1,0,0,medium,unwanted sexualized or appearance-based harassment,synthetic_tanglish
TCB3023,nice ah semma performance inniku,Tanglish,0,none,0,0,0,0,0,0,0,none,"normal, neutral, or supportive statement",synthetic_tanglish
TCB3024,code check pannitu sollu nu,Tanglish,0,none,0,0,0,0,0,0,0,none,"normal, neutral, or supportive statement",synthetic_tanglish
TCB3025,ivan unna vida maaten nu nenachuko social media la macha,Tanglish,1,individual,0,1,1,0,0,0,0,medium,threatening language,synthetic_tanglish
TCB3026,andha community people romba kevalam poda,Tanglish,1,group,0,0,0,1,0,0,0,medium,group-targeted hateful language,synthetic_tanglish
TCB3027,listen enna oru mokka person online la poda,Tanglish,1,individual,1,0,0,0,0,0,1,medium,direct personal insult,synthetic_tanglish
TCB3028,ava unwanted sexual message anuppadha daily poda,Tanglish,1,other,0,0,0,0,0,1,0,medium,unwanted sexual pressure or abusive sexual request,synthetic_tanglish
TCB3029,actually later discuss pannalam 👍,Tanglish,0,none,0,0,0,0,0,0,0,none,"normal, neutral, or supportive statement",synthetic_tanglish
TCB3030,honestly food saptiya inniku,Tanglish,0,none,0,0,0,0,0,0,0,none,"normal, neutral, or supportive statement",synthetic_tanglish
TCB3031,macha rest eduthuko la,Tanglish,0,none,0,0,0,0,0,0,0,none,"normal, neutral, or supportive statement",synthetic_tanglish
TCB3032,seri un effort romba nalla irukku today,Tanglish,0,none,0,0,0,0,0,0,0,none,"normal, neutral, or supportive statement",synthetic_tanglish
TCB3033,da super ah panniruka,Tanglish,0,none,0,0,0,0,0,0,0,none,"normal, neutral, or supportive statement",synthetic_tanglish
TCB3034,macha all the best da inniku,Tanglish,0,none,0,0,0,0,0,0,0,none,"normal, neutral, or supportive statement",synthetic_tanglish
TCB3035,listen poda waste daily ah,Tanglish,1,individual,0,0,0,0,0,0,1,medium,profane or abusive wording,synthetic_tanglish
TCB3036,ivan andha community people romba kevalam public ah da,Tanglish,1,group,0,0,0,1,0,0,0,high,group-targeted hateful language,synthetic_tanglish
TCB3037,macha un brain enga pochu online la bro,Tanglish,1,other,1,0,0,0,0,0,1,medium,direct personal insult,synthetic_tanglish
TCB3038,dei nee sandaila unna adikka thonudhu chat la nu,Tanglish,1,individual,0,1,1,0,0,0,0,high,reference to physical harm,synthetic_tanglish
TCB3039,seri good job bro nu,Tanglish,0,none,0,0,0,0,0,0,0,none,"normal, neutral, or supportive statement",synthetic_tanglish
TCB3040,ivan dei poda message la macha,Tanglish,1,other,1,0,0,0,0,0,1,low,profane or abusive wording,synthetic_tanglish
TCB3041,seri database update panniten,Tanglish,0,none,0,0,0,0,0,0,0,none,"normal, neutral, or supportive statement",synthetic_tanglish
TCB3042,honestly presentation clear ah irundhuchu bro,Tanglish,0,none,0,0,0,0,0,0,0,none,"normal, neutral, or supportive statement",synthetic_tanglish
TCB3043,good job bro inniku,Tanglish,0,none,0,0,0,0,0,0,0,none,"normal, neutral, or supportive statement",synthetic_tanglish
TCB3044,nee unna physical ah attack panniduven bro,Tanglish,1,other,0,1,1,0,0,0,0,medium,reference to physical harm,synthetic_tanglish
TCB3045,ava private photo share panna force pannadha comment section la nu,Tanglish,1,individual,0,0,0,0,0,1,0,medium,unwanted sexual pressure or abusive sexual request,synthetic_tanglish
TCB3046,nice ah naalaikku continue pannalam nu,Tanglish,0,none,0,0,0,0,0,0,0,none,"normal, neutral, or supportive statement",synthetic_tanglish
TCB3047,da nee nalla work pannita,Tanglish,0,none,0,0,0,0,0,0,0,none,"normal, neutral, or supportive statement",synthetic_tanglish
TCB3048,da un effort romba nalla irukku honestly,Tanglish,0,none,0,0,0,0,0,0,0,none,"normal, neutral, or supportive statement",synthetic_tanglish
TCB3049,yes team work nalla pannenga nu,Tanglish,0,none,0,0,0,0,0,0,0,none,"normal, neutral, or supportive statement",synthetic_tanglish
TCB3050,nice ah nice explanation nu,Tanglish,0,none,0,0,0,0,0,0,0,none,"normal, neutral, or supportive statement",synthetic_tanglish
TCB3051,bro nee onnum purinjikala daily,Tanglish,1,individual,1,0,0,0,0,0,1,low,direct personal insult,synthetic_tanglish
TCB3052,nee andha group ellam useless intha post la bro,Tanglish,1,group,0,0,0,1,0,0,0,high,group-targeted hateful language,synthetic_tanglish
TCB3053,dei nee unakku consequences irukkum social media la podi,Tanglish,1,individual,0,1,1,0,0,0,0,medium,threatening language,synthetic_tanglish
TCB3054,dei avanga group ah support panna koodadhu intha post la poda,Tanglish,1,group,0,0,0,1,0,0,0,medium,group-targeted hateful language,synthetic_tanglish
TCB3055,ivan innoru thadava ippadi pesina serious ah irukkum daily poda,Tanglish,1,other,0,1,1,0,0,0,0,medium,threatening language,synthetic_tanglish
TCB3056,ava nee stop pannalana problem aagum intha post la bro,Tanglish,1,other,0,1,1,0,0,0,0,high,threatening language,synthetic_tanglish
TCB3057,true bro indha idea useful ah irukku inniku,Tanglish,0,none,0,0,0,0,0,0,0,none,"normal, neutral, or supportive statement",synthetic_tanglish
TCB3058,bro un body ah comment panni disturb pannadha daily bro,Tanglish,1,individual,0,0,0,0,1,0,0,high,unwanted sexualized or appearance-based harassment,synthetic_tanglish
TCB3059,da movie epdi irundhuchu,Tanglish,0,none,0,0,0,0,0,0,0,none,"normal, neutral, or supportive statement",synthetic_tanglish
TCB3060,nee oru embarrassment la,Tanglish,1,individual,1,0,0,0,0,0,1,medium,direct personal insult,synthetic_tanglish
TCB3061,actually database update panniten la,Tanglish,0,none,0,0,0,0,0,0,0,none,"normal, neutral, or supportive statement",synthetic_tanglish
TCB3062,listen avanga madhiri people inga vendaam intha post la ippo,Tanglish,1,group,0,0,0,1,0,0,0,medium,group-targeted hateful language,synthetic_tanglish
TCB3063,true bro solution useful ah irukku bro,Tanglish,0,none,0,0,0,0,0,0,0,none,"normal, neutral, or supportive statement",synthetic_tanglish
TCB3064,bro nee nalla work pannita nu,Tanglish,0,none,0,0,0,0,0,0,0,none,"normal, neutral, or supportive statement",synthetic_tanglish
TCB3065,nee unna adikka varuven online la,Tanglish,1,individual,0,1,1,0,0,0,0,high,reference to physical harm,synthetic_tanglish
TCB3066,seri un effort romba nalla irukku 👍,Tanglish,0,none,0,0,0,0,0,0,0,none,"normal, neutral, or supportive statement",synthetic_tanglish
TCB3067,yes all the best da la,Tanglish,0,none,0,0,0,0,0,0,0,none,"normal, neutral, or supportive statement",synthetic_tanglish
TCB3068,nee un photo ku sexual comment podradhu wrong,Tanglish,1,individual,0,0,0,0,1,0,0,high,unwanted sexualized or appearance-based harassment,synthetic_tanglish
TCB3069,seriously unnoda actions ku answer kudukkanum social media la podi,Tanglish,1,individual,0,1,0,0,0,0,0,high,threatening language,synthetic_tanglish
TCB3070,bro assignment submit pannitiya da,Tanglish,0,none,0,0,0,0,0,0,0,none,"normal, neutral, or supportive statement",synthetic_tanglish
TCB3071,listen sandaila unna adikka thonudhu daily ah,Tanglish,1,individual,0,1,1,0,0,0,0,medium,reference to physical harm,synthetic_tanglish
TCB3072,ivan avanai poi adichidu message la,Tanglish,1,individual,0,1,1,0,0,0,0,medium,reference to physical harm,synthetic_tanglish
TCB3073,actually solution useful ah irukku nu,Tanglish,0,none,0,0,0,0,0,0,0,none,"normal, neutral, or supportive statement",synthetic_tanglish
TCB3074,dei sandaila unna adikka thonudhu online la macha,Tanglish,1,individual,0,1,1,0,0,0,0,medium,reference to physical harm,synthetic_tanglish
TCB3075,ivan nee careful ah iru public ah poda,Tanglish,1,other,0,1,1,0,0,0,0,medium,threatening language,synthetic_tanglish
TCB3076,nee nee pesuradhellam mokka inga poda,Tanglish,1,individual,1,0,0,0,0,0,0,medium,direct personal insult,synthetic_tanglish
TCB3077,macha team work nalla pannenga 👍,Tanglish,0,none,0,0,0,0,0,0,0,none,"normal, neutral, or supportive statement",synthetic_tanglish
TCB3078,po da inga irundhu social media la ippo,Tanglish,1,individual,0,0,0,0,0,0,1,medium,profane or abusive wording,synthetic_tanglish
TCB3079,seriously nee inga vandha unakku problem message la la,Tanglish,1,individual,0,1,1,0,0,0,0,high,threatening language,synthetic_tanglish
TCB3080,bro database update panniten inniku,Tanglish,0,none,0,0,0,0,0,0,0,none,"normal, neutral, or supportive statement",synthetic_tanglish
TCB3081,dei avanga ellarum same madhiri message la la,Tanglish,1,group,0,0,0,1,0,0,0,medium,group-targeted hateful language,synthetic_tanglish
TCB3082,listen online la unwanted sexual attention kudukkadha message la podi,Tanglish,1,individual,0,0,0,0,1,0,0,high,unwanted sexualized or appearance-based harassment,synthetic_tanglish
TCB3083,seriously dei mokka chat la da,Tanglish,1,other,1,0,0,0,0,0,1,medium,profane or abusive wording,synthetic_tanglish
TCB3084,semma performance,Tanglish,0,none,0,0,0,0,0,0,0,none,"normal, neutral, or supportive statement",synthetic_tanglish
TCB3085,dei nee poda mental intha post la macha,Tanglish,1,individual,0,0,0,0,0,0,1,medium,profane or abusive wording,synthetic_tanglish
TCB3086,bro movie epdi irundhuchu la,Tanglish,0,none,0,0,0,0,0,0,0,none,"normal, neutral, or supportive statement",synthetic_tanglish
TCB3087,yes food saptiya 👍,Tanglish,0,none,0,0,0,0,0,0,0,none,"normal, neutral, or supportive statement",synthetic_tanglish
TCB3088,nee avanai poi adichidu intha post la ippo,Tanglish,1,individual,0,1,1,0,0,0,0,high,reference to physical harm,synthetic_tanglish
TCB3089,seri inniku session epdi pochu da,Tanglish,0,none,0,0,0,0,0,0,0,none,"normal, neutral, or supportive statement",synthetic_tanglish
TCB3090,bro poda mental public ah poda,Tanglish,1,other,0,0,0,0,0,0,1,low,profane or abusive wording,synthetic_tanglish
TCB3091,listen online la unwanted sexual attention kudukkadha intha post la ippo,Tanglish,1,individual,0,0,0,0,1,0,0,high,unwanted sexualized or appearance-based harassment,synthetic_tanglish
TCB3092,listen nee oru joker nu,Tanglish,1,individual,1,0,0,0,0,0,0,medium,direct personal insult,synthetic_tanglish
TCB3093,bro nee daily improve aagite irukka 👍,Tanglish,0,none,0,0,0,0,0,0,0,none,"normal, neutral, or supportive statement",synthetic_tanglish
TCB3094,macha enna paaru naan unna paathukuren message la ippo,Tanglish,1,other,0,1,1,0,0,0,0,medium,threatening language,synthetic_tanglish
TCB3095,thanks for helping me macha,Tanglish,0,none,0,0,0,0,0,0,0,none,"normal, neutral, or supportive statement",synthetic_tanglish
TCB3096,ivan unakku brain work aagala comment section la macha,Tanglish,1,individual,1,0,0,0,0,0,1,low,direct personal insult,synthetic_tanglish
TCB3097,seri code check pannitu sollu la,Tanglish,0,none,0,0,0,0,0,0,0,none,"normal, neutral, or supportive statement",synthetic_tanglish
TCB3098,yes solution useful ah irukku,Tanglish,0,none,0,0,0,0,0,0,0,none,"normal, neutral, or supportive statement",synthetic_tanglish
TCB3099,nice ah code check pannitu sollu macha,Tanglish,0,none,0,0,0,0,0,0,0,none,"normal, neutral, or supportive statement",synthetic_tanglish
TCB3100,seriously podi da daily,Tanglish,1,individual,1,0,0,0,0,0,1,low,profane or abusive wording,synthetic_tanglish
TCB3101,seri seri paakalam la,Tanglish,0,none,0,0,0,0,0,0,0,none,"normal, neutral, or supportive statement",synthetic_tanglish
TCB3102,seriously innoru thadava ippadi pesina serious ah irukkum message la podi,Tanglish,1,individual,0,1,1,0,0,0,0,medium,threatening language,synthetic_tanglish
TCB3103,da code check pannitu sollu nu,Tanglish,0,none,0,0,0,0,0,0,0,none,"normal, neutral, or supportive statement",synthetic_tanglish
TCB3104,honestly happy for your progress da,Tanglish,0,none,0,0,0,0,0,0,0,none,"normal, neutral, or supportive statement",synthetic_tanglish
TCB3105,yes team work nalla pannenga,Tanglish,0,none,0,0,0,0,0,0,0,none,"normal, neutral, or supportive statement",synthetic_tanglish
TCB3106,assignment submit pannitiya nu,Tanglish,0,none,0,0,0,0,0,0,0,none,"normal, neutral, or supportive statement",synthetic_tanglish
TCB3107,yes food saptiya today,Tanglish,0,none,0,0,0,0,0,0,0,none,"normal, neutral, or supportive statement",synthetic_tanglish
TCB3108,seri later discuss pannalam bro,Tanglish,0,none,0,0,0,0,0,0,0,none,"normal, neutral, or supportive statement",synthetic_tanglish
TCB3109,seri nice explanation honestly,Tanglish,0,none,0,0,0,0,0,0,0,none,"normal, neutral, or supportive statement",synthetic_tanglish
TCB3110,actually presentation clear ah irundhuchu bro,Tanglish,0,none,0,0,0,0,0,0,0,none,"normal, neutral, or supportive statement",synthetic_tanglish
TCB3111,dei andha community ah nambave mudiyadhu intha post la ippo,Tanglish,1,group,0,0,0,1,0,0,0,medium,group-targeted hateful language,synthetic_tanglish
TCB3112,true bro nee nalla work pannita 👍,Tanglish,0,none,0,0,0,0,0,0,0,none,"normal, neutral, or supportive statement",synthetic_tanglish
TCB3113,nee podi loosu daily podi,Tanglish,1,individual,0,0,0,0,0,0,1,low,profane or abusive wording,synthetic_tanglish
TCB3114,assignment submit pannitiya 👍,Tanglish,0,none,0,0,0,0,0,0,0,none,"normal, neutral, or supportive statement",synthetic_tanglish
TCB3115,honestly rest eduthuko 👍,Tanglish,0,none,0,0,0,0,0,0,0,none,"normal, neutral, or supportive statement",synthetic_tanglish
TCB3116,yes movie epdi irundhuchu,Tanglish,0,none,0,0,0,0,0,0,0,none,"normal, neutral, or supportive statement",synthetic_tanglish
TCB3117,da super ah panniruka 👍,Tanglish,0,none,0,0,0,0,0,0,0,none,"normal, neutral, or supportive statement",synthetic_tanglish
TCB3118,dei nee inga vandha unakku problem comment section la nu,Tanglish,1,individual,0,1,1,0,0,0,0,high,threatening language,synthetic_tanglish
TCB3119,movie epdi irundhuchu today,Tanglish,0,none,0,0,0,0,0,0,0,none,"normal, neutral, or supportive statement",synthetic_tanglish
TCB3120,dei consent illama sexual request pannadha inga nu,Tanglish,1,other,0,0,0,0,1,1,0,high,unwanted sexual pressure or abusive sexual request,synthetic_tanglish
TCB3121,seriously podi poi ukkaru social media la bro,Tanglish,1,individual,0,0,0,0,0,0,1,medium,profane or abusive wording,synthetic_tanglish
TCB3122,da thanks for helping me,Tanglish,0,none,0,0,0,0,0,0,0,none,"normal, neutral, or supportive statement",synthetic_tanglish
TCB3123,dei nee nee oru muttaal inga,Tanglish,1,other,1,0,0,0,0,0,0,medium,direct personal insult,synthetic_tanglish
TCB3124,meeting five mani ku irukku bro,Tanglish,0,none,0,0,0,0,0,0,0,none,"normal, neutral, or supportive statement",synthetic_tanglish
TCB3125,un body pathi public ah pesa vendam public ah ippo,Tanglish,1,other,0,0,0,0,1,0,0,high,unwanted sexualized or appearance-based harassment,synthetic_tanglish
TCB3126,dei unwanted sexual message anuppadha chat la bro,Tanglish,1,other,0,0,0,0,1,1,0,high,unwanted sexual pressure or abusive sexual request,synthetic_tanglish
TCB3127,consent illama sexual request pannadha comment section la da,Tanglish,1,individual,0,0,0,0,0,1,0,medium,unwanted sexual pressure or abusive sexual request,synthetic_tanglish
TCB3128,dei unna hurt panniduven message la ah,Tanglish,1,other,0,0,1,0,0,0,0,high,reference to physical harm,synthetic_tanglish
TCB3129,bro team work nalla pannenga bro,Tanglish,0,none,0,0,0,0,0,0,0,none,"normal, neutral, or supportive statement",synthetic_tanglish
TCB3130,bro presentation clear ah irundhuchu honestly,Tanglish,0,none,0,0,0,0,0,0,0,none,"normal, neutral, or supportive statement",synthetic_tanglish
TCB3131,ava nee oru joker intha post la podi,Tanglish,1,individual,1,0,0,0,0,0,1,low,direct personal insult,synthetic_tanglish
TCB3132,da nee nalla work pannita 👍,Tanglish,0,none,0,0,0,0,0,0,0,none,"normal, neutral, or supportive statement",synthetic_tanglish
TCB3133,ava unakku physical harm panniduven chat la,Tanglish,1,individual,0,1,1,0,0,0,0,medium,reference to physical harm,synthetic_tanglish
TCB3134,ivan podi dei message la la,Tanglish,1,individual,1,0,0,0,0,0,1,medium,profane or abusive wording,synthetic_tanglish
TCB3135,seriously unakku basic knowledge kooda illa comment section la nu,Tanglish,1,other,1,0,0,0,0,0,1,low,direct personal insult,synthetic_tanglish
TCB3136,true bro class nalla irundhucha 👍,Tanglish,0,none,0,0,0,0,0,0,0,none,"normal, neutral, or supportive statement",synthetic_tanglish
TCB3137,yes class nalla irundhucha,Tanglish,0,none,0,0,0,0,0,0,0,none,"normal, neutral, or supportive statement",synthetic_tanglish
TCB3138,bro naan unna confront panren podi,Tanglish,1,individual,0,1,1,0,0,0,0,high,threatening language,synthetic_tanglish
TCB3139,listen un body ah comment panni disturb pannadha online la,Tanglish,1,individual,0,0,0,0,1,0,0,high,unwanted sexualized or appearance-based harassment,synthetic_tanglish
TCB3140,ava nee oru loosu online la da,Tanglish,1,individual,1,0,0,0,0,0,0,medium,direct personal insult,synthetic_tanglish
TCB3141,good job bro honestly,Tanglish,0,none,0,0,0,0,0,0,0,none,"normal, neutral, or supportive statement",synthetic_tanglish
TCB3142,honestly class nalla irundhucha honestly,Tanglish,0,none,0,0,0,0,0,0,0,none,"normal, neutral, or supportive statement",synthetic_tanglish
TCB3143,nice ah correct ah sonna da,Tanglish,0,none,0,0,0,0,0,0,0,none,"normal, neutral, or supportive statement",synthetic_tanglish
TCB3144,solution useful ah irukku nu,Tanglish,0,none,0,0,0,0,0,0,0,none,"normal, neutral, or supportive statement",synthetic_tanglish
TCB3145,macha happy for your progress nu,Tanglish,0,none,0,0,0,0,0,0,0,none,"normal, neutral, or supportive statement",synthetic_tanglish
TCB3146,macha all the best da nu,Tanglish,0,none,0,0,0,0,0,0,0,none,"normal, neutral, or supportive statement",synthetic_tanglish
TCB3147,seriously unna damage panniduven intha post la macha,Tanglish,1,other,0,0,1,0,0,0,0,high,reference to physical harm,synthetic_tanglish
TCB3148,yes nice explanation inniku,Tanglish,0,none,0,0,0,0,0,0,0,none,"normal, neutral, or supportive statement",synthetic_tanglish
TCB3149,consent illama sexual request pannadha daily da,Tanglish,1,individual,0,0,0,0,0,1,0,medium,unwanted sexual pressure or abusive sexual request,synthetic_tanglish
TCB3150,ava unna hurt panniduven public ah bro,Tanglish,1,other,0,0,1,0,0,0,0,medium,reference to physical harm,synthetic_tanglish
TCB3151,macha later discuss pannalam la,Tanglish,0,none,0,0,0,0,0,0,0,none,"normal, neutral, or supportive statement",synthetic_tanglish
TCB3152,dei nee oru loosu intha post la,Tanglish,1,individual,1,0,0,0,0,0,0,medium,direct personal insult,synthetic_tanglish
TCB3153,seri paakalam macha,Tanglish,0,none,0,0,0,0,0,0,0,none,"normal, neutral, or supportive statement",synthetic_tanglish
TCB3154,actually nee daily improve aagite irukka la,Tanglish,0,none,0,0,0,0,0,0,0,none,"normal, neutral, or supportive statement",synthetic_tanglish
TCB3155,nice ah nice explanation honestly,Tanglish,0,none,0,0,0,0,0,0,0,none,"normal, neutral, or supportive statement",synthetic_tanglish
TCB3156,listen sexual pressure kudukka koodadhu online la ah,Tanglish,1,individual,0,0,0,0,1,1,0,high,unwanted sexual pressure or abusive sexual request,synthetic_tanglish
TCB3157,nee ava mela unwanted comments podradhu harassment message la la,Tanglish,1,individual,0,0,0,0,1,0,0,high,unwanted sexualized or appearance-based harassment,synthetic_tanglish
TCB3158,seri correct ah sonna,Tanglish,0,none,0,0,0,0,0,0,0,none,"normal, neutral, or supportive statement",synthetic_tanglish
TCB3159,true bro assignment submit pannitiya macha,Tanglish,0,none,0,0,0,0,0,0,0,none,"normal, neutral, or supportive statement",synthetic_tanglish
TCB3160,honestly seri paakalam macha,Tanglish,0,none,0,0,0,0,0,0,0,none,"normal, neutral, or supportive statement",synthetic_tanglish
TCB3161,listen nee oru muttaal message la macha,Tanglish,1,individual,1,0,0,0,0,0,1,low,direct personal insult,synthetic_tanglish
TCB3162,listen nee stop pannalana problem aagum inga da,Tanglish,1,individual,0,1,1,0,0,0,0,high,threatening language,synthetic_tanglish
TCB3163,macha unakku nalla warning idhu poda,Tanglish,1,other,0,1,0,0,0,0,0,high,threatening language,synthetic_tanglish
TCB3164,bro super ah panniruka la,Tanglish,0,none,0,0,0,0,0,0,0,none,"normal, neutral, or supportive statement",synthetic_tanglish
TCB3165,bro good job bro,Tanglish,0,none,0,0,0,0,0,0,0,none,"normal, neutral, or supportive statement",synthetic_tanglish
TCB3166,macha avanga ellarum same madhiri intha post la poda,Tanglish,1,group,0,0,0,1,0,0,0,high,group-targeted hateful language,synthetic_tanglish
TCB3167,macha inniku session epdi pochu inniku,Tanglish,0,none,0,0,0,0,0,0,0,none,"normal, neutral, or supportive statement",synthetic_tanglish
TCB3168,listen innoru message anuppina paathuko online la bro,Tanglish,1,other,0,1,0,0,0,0,0,medium,threatening language,synthetic_tanglish
TCB3169,ivan unna vida maaten nu nenachuko online la ah,Tanglish,1,individual,0,1,1,0,0,0,0,high,threatening language,synthetic_tanglish
TCB3170,actually un effort romba nalla irukku today,Tanglish,0,none,0,0,0,0,0,0,0,none,"normal, neutral, or supportive statement",synthetic_tanglish
TCB3171,ivan private content force panna vendam message la bro,Tanglish,1,other,0,0,0,0,0,1,0,medium,unwanted sexual pressure or abusive sexual request,synthetic_tanglish
TCB3172,yes naan unakku support panren,Tanglish,0,none,0,0,0,0,0,0,0,none,"normal, neutral, or supportive statement",synthetic_tanglish
TCB3173,seriously consent illama sexual request pannadha chat la la,Tanglish,1,other,0,0,0,0,0,1,0,high,unwanted sexual pressure or abusive sexual request,synthetic_tanglish
TCB3174,true bro good job bro,Tanglish,0,none,0,0,0,0,0,0,0,none,"normal, neutral, or supportive statement",synthetic_tanglish
TCB3175,movie epdi irundhuchu inniku,Tanglish,0,none,0,0,0,0,0,0,0,none,"normal, neutral, or supportive statement",synthetic_tanglish
TCB3176,yes movie epdi irundhuchu macha,Tanglish,0,none,0,0,0,0,0,0,0,none,"normal, neutral, or supportive statement",synthetic_tanglish
TCB3177,honestly un effort romba nalla irukku macha,Tanglish,0,none,0,0,0,0,0,0,0,none,"normal, neutral, or supportive statement",synthetic_tanglish
TCB3178,dei unnoda actions ku answer kudukkanum message la la,Tanglish,1,individual,0,1,1,0,0,0,0,medium,threatening language,synthetic_tanglish
TCB3179,dei nee unna adichiduven inga podi,Tanglish,1,individual,0,0,1,0,0,0,0,high,reference to physical harm,synthetic_tanglish
TCB3180,online la unwanted sexual attention kudukkadha intha post la la,Tanglish,1,individual,0,0,0,0,1,0,0,high,unwanted sexualized or appearance-based harassment,synthetic_tanglish
TCB3181,dei nee inga vandha unakku problem comment section la macha,Tanglish,1,individual,0,1,1,0,0,0,0,high,threatening language,synthetic_tanglish
TCB3182,ivan nee stop pannalana problem aagum intha post la ah,Tanglish,1,individual,0,1,1,0,0,0,0,medium,threatening language,synthetic_tanglish
TCB3183,unakku consequences irukkum chat la ippo,Tanglish,1,individual,0,1,0,0,0,0,0,high,threatening language,synthetic_tanglish
TCB3184,ava consent illama private photo kekkadha chat la,Tanglish,1,individual,0,0,0,0,0,1,0,medium,unwanted sexual pressure or abusive sexual request,synthetic_tanglish
TCB3185,yes nee nalla work pannita inniku,Tanglish,0,none,0,0,0,0,0,0,0,none,"normal, neutral, or supportive statement",synthetic_tanglish
TCB3186,later discuss pannalam da,Tanglish,0,none,0,0,0,0,0,0,0,none,"normal, neutral, or supportive statement",synthetic_tanglish
TCB3187,nee consent illama sexual request pannadha inga,Tanglish,1,individual,0,0,0,0,0,1,0,medium,unwanted sexual pressure or abusive sexual request,synthetic_tanglish
TCB3188,ivan un performance romba kevalam public ah ippo,Tanglish,1,individual,1,0,0,0,0,0,0,low,direct personal insult,synthetic_tanglish
TCB3189,ava unwanted sexual message anuppadha bro,Tanglish,1,individual,0,0,0,0,0,1,0,medium,unwanted sexual pressure or abusive sexual request,synthetic_tanglish
TCB3190,un effort romba nalla irukku inniku,Tanglish,0,none,0,0,0,0,0,0,0,none,"normal, neutral, or supportive statement",synthetic_tanglish
TCB3191,dei podi loosu social media la nu,Tanglish,1,other,1,0,0,0,0,0,1,low,profane or abusive wording,synthetic_tanglish
TCB3192,nee consent illama private photo kekkadha comment section la poda,Tanglish,1,individual,0,0,0,0,1,1,0,medium,unwanted sexual pressure or abusive sexual request,synthetic_tanglish
TCB3193,ivan avanga group ah support panna koodadhu intha post la ah,Tanglish,1,group,0,0,0,1,0,0,0,medium,group-targeted hateful language,synthetic_tanglish
TCB3194,da inniku session epdi pochu,Tanglish,0,none,0,0,0,0,0,0,0,none,"normal, neutral, or supportive statement",synthetic_tanglish
TCB3195,true bro assignment submit pannitiya la,Tanglish,0,none,0,0,0,0,0,0,0,none,"normal, neutral, or supportive statement",synthetic_tanglish
TCB3196,ava fight panna vandha paathukalam comment section la da,Tanglish,1,other,0,1,1,0,0,0,0,medium,reference to physical harm,synthetic_tanglish
TCB3197,listen sexual content anuppi disturb panna koodadhu social media la nu,Tanglish,1,individual,0,0,0,0,0,1,0,medium,unwanted sexual pressure or abusive sexual request,synthetic_tanglish
TCB3198,nice ah all the best da 👍,Tanglish,0,none,0,0,0,0,0,0,0,none,"normal, neutral, or supportive statement",synthetic_tanglish
TCB3199,true bro code check pannitu sollu honestly,Tanglish,0,none,0,0,0,0,0,0,0,none,"normal, neutral, or supportive statement",synthetic_tanglish
TCB3200,nee daily improve aagite irukka nu,Tanglish,0,none,0,0,0,0,0,0,0,none,"normal, neutral, or supportive statement",synthetic_tanglish
TCB3201,super ah panniruka,Tanglish,0,none,0,0,0,0,0,0,0,none,"normal, neutral, or supportive statement",synthetic_tanglish
TCB3202,seri happy for your progress 👍,Tanglish,0,none,0,0,0,0,0,0,0,none,"normal, neutral, or supportive statement",synthetic_tanglish
TCB3203,actually database update panniten da,Tanglish,0,none,0,0,0,0,0,0,0,none,"normal, neutral, or supportive statement",synthetic_tanglish
TCB3204,nice ah thanks for helping me 👍,Tanglish,0,none,0,0,0,0,0,0,0,none,"normal, neutral, or supportive statement",synthetic_tanglish
TCB3205,yes later discuss pannalam,Tanglish,0,none,0,0,0,0,0,0,0,none,"normal, neutral, or supportive statement",synthetic_tanglish
TCB3206,honestly class nalla irundhucha nu,Tanglish,0,none,0,0,0,0,0,0,0,none,"normal, neutral, or supportive statement",synthetic_tanglish
TCB3207,dei andha group people ellam mosam message la macha,Tanglish,1,group,0,0,0,1,0,0,0,high,group-targeted hateful language,synthetic_tanglish
TCB3208,nee andha group people ellam mosam online la macha,Tanglish,1,group,0,0,0,1,0,0,0,high,group-targeted hateful language,synthetic_tanglish
TCB3209,un body pathi public ah pesa vendam poda,Tanglish,1,other,0,0,0,0,1,0,0,medium,unwanted sexualized or appearance-based harassment,synthetic_tanglish
TCB3210,macha dei poda public ah podi,Tanglish,1,individual,0,0,0,0,0,0,1,medium,profane or abusive wording,synthetic_tanglish
TCB3211,seri class nalla irundhucha today,Tanglish,0,none,0,0,0,0,0,0,0,none,"normal, neutral, or supportive statement",synthetic_tanglish
TCB3212,macha nee oru failure public ah ippo,Tanglish,1,other,1,0,0,0,0,0,1,low,direct personal insult,synthetic_tanglish
TCB3213,actually project nalla develop aaguthu today,Tanglish,0,none,0,0,0,0,0,0,0,none,"normal, neutral, or supportive statement",synthetic_tanglish
TCB3214,listen nee romba pathetic public ah ippo,Tanglish,1,individual,1,0,0,0,0,0,0,low,direct personal insult,synthetic_tanglish
TCB3215,ava ava mela unwanted comments podradhu harassment message la podi,Tanglish,1,other,0,0,0,0,1,0,0,high,unwanted sexualized or appearance-based harassment,synthetic_tanglish
TCB3216,ava podi poi ukkaru inga ippo,Tanglish,1,individual,1,0,0,0,0,0,1,medium,profane or abusive wording,synthetic_tanglish
TCB3217,listen un appearance pathi unwanted comment poda vendam la,Tanglish,1,individual,0,0,0,0,1,0,0,high,unwanted sexualized or appearance-based harassment,synthetic_tanglish
TCB3218,ava sandaila unna adikka thonudhu intha post la la,Tanglish,1,individual,0,0,1,0,0,0,0,medium,reference to physical harm,synthetic_tanglish
TCB3219,listen poda loosu social media la ah,Tanglish,1,individual,0,0,0,0,0,0,1,low,profane or abusive wording,synthetic_tanglish
TCB3220,seriously podi da inga da,Tanglish,1,individual,1,0,0,0,0,0,1,low,profane or abusive wording,synthetic_tanglish
TCB3221,listen avanai poi adichidu comment section la da,Tanglish,1,individual,0,1,1,0,0,0,0,medium,reference to physical harm,synthetic_tanglish
TCB3222,dei andha community people romba kevalam social media la ippo,Tanglish,1,group,0,0,0,1,0,0,0,medium,group-targeted hateful language,synthetic_tanglish
TCB3223,da semma performance inniku,Tanglish,0,none,0,0,0,0,0,0,0,none,"normal, neutral, or supportive statement",synthetic_tanglish
TCB3224,macha later discuss pannalam nu,Tanglish,0,none,0,0,0,0,0,0,0,none,"normal, neutral, or supportive statement",synthetic_tanglish
TCB3225,nice ah naalaikku continue pannalam,Tanglish,0,none,0,0,0,0,0,0,0,none,"normal, neutral, or supportive statement",synthetic_tanglish
TCB3226,listen consent illama sexual request pannadha social media la la,Tanglish,1,individual,0,0,0,0,0,1,0,high,unwanted sexual pressure or abusive sexual request,synthetic_tanglish
TCB3227,bro avanga group ah support panna koodadhu message la nu,Tanglish,1,group,0,0,0,1,0,0,0,medium,group-targeted hateful language,synthetic_tanglish
TCB3228,ava consent illama sexual request pannadha inga poda,Tanglish,1,individual,0,0,0,0,0,1,0,medium,unwanted sexual pressure or abusive sexual request,synthetic_tanglish
TCB3229,nee nee total dummy daily bro,Tanglish,1,individual,1,0,0,0,0,0,1,medium,direct personal insult,synthetic_tanglish
TCB3230,macha happy for your progress,Tanglish,0,none,0,0,0,0,0,0,0,none,"normal, neutral, or supportive statement",synthetic_tanglish
TCB3231,honestly movie epdi irundhuchu 👍,Tanglish,0,none,0,0,0,0,0,0,0,none,"normal, neutral, or supportive statement",synthetic_tanglish
TCB3232,macha later discuss pannalam macha,Tanglish,0,none,0,0,0,0,0,0,0,none,"normal, neutral, or supportive statement",synthetic_tanglish
TCB3233,macha inniku session epdi pochu da,Tanglish,0,none,0,0,0,0,0,0,0,none,"normal, neutral, or supportive statement",synthetic_tanglish
TCB3234,seri semma performance nu,Tanglish,0,none,0,0,0,0,0,0,0,none,"normal, neutral, or supportive statement",synthetic_tanglish
TCB3235,ivan nee stop pannalana problem aagum online la la,Tanglish,1,other,0,1,1,0,0,0,0,medium,threatening language,synthetic_tanglish
TCB3236,seriously po da inga irundhu inga nu,Tanglish,1,other,0,0,0,0,0,0,1,low,profane or abusive wording,synthetic_tanglish
TCB3237,bro nice explanation 👍,Tanglish,0,none,0,0,0,0,0,0,0,none,"normal, neutral, or supportive statement",synthetic_tanglish
TCB3238,dei nee un photo paathu sexual comments podradhu wrong message la nu,Tanglish,1,individual,0,0,0,0,1,0,0,high,unwanted sexualized or appearance-based harassment,synthetic_tanglish
TCB3239,ava avanga group ah support panna koodadhu online la podi,Tanglish,1,group,0,0,0,1,0,0,0,high,group-targeted hateful language,synthetic_tanglish
TCB3240,macha presentation clear ah irundhuchu today,Tanglish,0,none,0,0,0,0,0,0,0,none,"normal, neutral, or supportive statement",synthetic_tanglish
TCB3241,honestly semma performance,Tanglish,0,none,0,0,0,0,0,0,0,none,"normal, neutral, or supportive statement",synthetic_tanglish
TCB3242,seriously private content force panna vendam message la ah,Tanglish,1,individual,0,0,0,0,1,1,0,high,unwanted sexual pressure or abusive sexual request,synthetic_tanglish
TCB3243,listen avanga madhiri people inga vendaam comment section la nu,Tanglish,1,group,0,0,0,1,0,0,0,high,group-targeted hateful language,synthetic_tanglish
TCB3244,dei nee un photo ku sexual comment podradhu wrong message la ah,Tanglish,1,individual,0,0,0,0,1,0,0,high,unwanted sexualized or appearance-based harassment,synthetic_tanglish
TCB3245,food saptiya,Tanglish,0,none,0,0,0,0,0,0,0,none,"normal, neutral, or supportive statement",synthetic_tanglish
TCB3246,yes nee nalla work pannita,Tanglish,0,none,0,0,0,0,0,0,0,none,"normal, neutral, or supportive statement",synthetic_tanglish
TCB3247,seri naan unakku support panren nu,Tanglish,0,none,0,0,0,0,0,0,0,none,"normal, neutral, or supportive statement",synthetic_tanglish
TCB3248,honestly solution useful ah irukku today,Tanglish,0,none,0,0,0,0,0,0,0,none,"normal, neutral, or supportive statement",synthetic_tanglish
TCB3249,dei nee consent illama private photo kekkadha online la ah,Tanglish,1,individual,0,0,0,0,0,1,0,high,unwanted sexual pressure or abusive sexual request,synthetic_tanglish
TCB3250,seri naalaikku continue pannalam macha,Tanglish,0,none,0,0,0,0,0,0,0,none,"normal, neutral, or supportive statement",synthetic_tanglish
TCB3251,nice ah nee nalla work pannita 👍,Tanglish,0,none,0,0,0,0,0,0,0,none,"normal, neutral, or supportive statement",synthetic_tanglish
TCB3252,nee unna physical ah attack panniduven daily nu,Tanglish,1,individual,0,0,1,0,0,0,0,medium,reference to physical harm,synthetic_tanglish
TCB3253,listen nee oru embarrassment online la macha,Tanglish,1,individual,1,0,0,0,0,0,0,low,direct personal insult,synthetic_tanglish
TCB3254,true bro un effort romba nalla irukku nu,Tanglish,0,none,0,0,0,0,0,0,0,none,"normal, neutral, or supportive statement",synthetic_tanglish
TCB3255,bro andha group ellam useless inga nu,Tanglish,1,group,0,0,0,1,0,0,0,medium,group-targeted hateful language,synthetic_tanglish
TCB3256,seri seri paakalam macha,Tanglish,0,none,0,0,0,0,0,0,0,none,"normal, neutral, or supportive statement",synthetic_tanglish
TCB3257,dei private photo share panna force pannadha online la ippo,Tanglish,1,other,0,0,0,0,0,1,0,high,unwanted sexual pressure or abusive sexual request,synthetic_tanglish
TCB3258,yes keep going bro,Tanglish,0,none,0,0,0,0,0,0,0,none,"normal, neutral, or supportive statement",synthetic_tanglish
TCB3259,bro all the best da nu,Tanglish,0,none,0,0,0,0,0,0,0,none,"normal, neutral, or supportive statement",synthetic_tanglish
TCB3260,ivan online la unwanted sexual attention kudukkadha online la ah,Tanglish,1,individual,0,0,0,0,1,0,0,medium,unwanted sexualized or appearance-based harassment,synthetic_tanglish
TCB3261,bro nee oru embarrassment public ah bro,Tanglish,1,individual,1,0,0,0,0,0,0,medium,direct personal insult,synthetic_tanglish
TCB3262,honestly seri paakalam da,Tanglish,0,none,0,0,0,0,0,0,0,none,"normal, neutral, or supportive statement",synthetic_tanglish
TCB3263,honestly database update panniten nu,Tanglish,0,none,0,0,0,0,0,0,0,none,"normal, neutral, or supportive statement",synthetic_tanglish
TCB3264,true bro seri paakalam nu,Tanglish,0,none,0,0,0,0,0,0,0,none,"normal, neutral, or supportive statement",synthetic_tanglish
TCB3265,ivan poda da inga nu,Tanglish,1,individual,0,0,0,0,0,0,1,medium,profane or abusive wording,synthetic_tanglish
TCB3266,ava unna physical ah attack panniduven chat la poda,Tanglish,1,other,0,0,1,0,0,0,0,medium,reference to physical harm,synthetic_tanglish
TCB3267,movie epdi irundhuchu la,Tanglish,0,none,0,0,0,0,0,0,0,none,"normal, neutral, or supportive statement",synthetic_tanglish
TCB3268,yes class nalla irundhucha today,Tanglish,0,none,0,0,0,0,0,0,0,none,"normal, neutral, or supportive statement",synthetic_tanglish
TCB3269,seriously dei poda inga intha post la la,Tanglish,1,other,1,0,0,0,0,0,1,low,profane or abusive wording,synthetic_tanglish
TCB3270,nice ah class nalla irundhucha nu,Tanglish,0,none,0,0,0,0,0,0,0,none,"normal, neutral, or supportive statement",synthetic_tanglish
TCB3271,bro ava mela unwanted comments podradhu harassment public ah poda,Tanglish,1,other,0,0,0,0,1,0,0,high,unwanted sexualized or appearance-based harassment,synthetic_tanglish
TCB3272,actually thanks for helping me bro,Tanglish,0,none,0,0,0,0,0,0,0,none,"normal, neutral, or supportive statement",synthetic_tanglish
TCB3273,da un effort romba nalla irukku 👍,Tanglish,0,none,0,0,0,0,0,0,0,none,"normal, neutral, or supportive statement",synthetic_tanglish
TCB3274,bro happy for your progress bro,Tanglish,0,none,0,0,0,0,0,0,0,none,"normal, neutral, or supportive statement",synthetic_tanglish
TCB3275,presentation clear ah irundhuchu macha,Tanglish,0,none,0,0,0,0,0,0,0,none,"normal, neutral, or supportive statement",synthetic_tanglish
TCB3276,honestly naalaikku continue pannalam 👍,Tanglish,0,none,0,0,0,0,0,0,0,none,"normal, neutral, or supportive statement",synthetic_tanglish
TCB3277,da super ah panniruka macha,Tanglish,0,none,0,0,0,0,0,0,0,none,"normal, neutral, or supportive statement",synthetic_tanglish
TCB3278,nee nalla work pannita inniku,Tanglish,0,none,0,0,0,0,0,0,0,none,"normal, neutral, or supportive statement",synthetic_tanglish
TCB3279,honestly nee daily improve aagite irukka da,Tanglish,0,none,0,0,0,0,0,0,0,none,"normal, neutral, or supportive statement",synthetic_tanglish
TCB3280,actually class nalla irundhucha today,Tanglish,0,none,0,0,0,0,0,0,0,none,"normal, neutral, or supportive statement",synthetic_tanglish
TCB3281,ivan avanga madhiri people inga vendaam social media la da,Tanglish,1,group,0,0,0,1,0,0,0,high,group-targeted hateful language,synthetic_tanglish
TCB3282,da food saptiya da,Tanglish,0,none,0,0,0,0,0,0,0,none,"normal, neutral, or supportive statement",synthetic_tanglish
TCB3283,macha solution useful ah irukku la,Tanglish,0,none,0,0,0,0,0,0,0,none,"normal, neutral, or supportive statement",synthetic_tanglish
TCB3284,bro solution useful ah irukku nu,Tanglish,0,none,0,0,0,0,0,0,0,none,"normal, neutral, or supportive statement",synthetic_tanglish
TCB3285,listen ava mela unwanted comments podradhu harassment message la bro,Tanglish,1,individual,0,0,0,0,1,0,0,medium,unwanted sexualized or appearance-based harassment,synthetic_tanglish
TCB3286,seriously unna physical ah attack panniduven comment section la nu,Tanglish,1,individual,0,0,1,0,0,0,0,high,reference to physical harm,synthetic_tanglish
TCB3287,macha enna paaru naan unna paathukuren bro,Tanglish,1,individual,0,1,0,0,0,0,0,high,threatening language,synthetic_tanglish
TCB3288,yes keep going bro da,Tanglish,0,none,0,0,0,0,0,0,0,none,"normal, neutral, or supportive statement",synthetic_tanglish
TCB3289,ava poda mental public ah,Tanglish,1,individual,1,0,0,0,0,0,1,medium,profane or abusive wording,synthetic_tanglish
TCB3290,ivan unakku basic knowledge kooda illa comment section la macha,Tanglish,1,individual,1,0,0,0,0,0,0,low,direct personal insult,synthetic_tanglish
TCB3291,macha assignment submit pannitiya da,Tanglish,0,none,0,0,0,0,0,0,0,none,"normal, neutral, or supportive statement",synthetic_tanglish
TCB3292,macha class nalla irundhucha da,Tanglish,0,none,0,0,0,0,0,0,0,none,"normal, neutral, or supportive statement",synthetic_tanglish
TCB3293,honestly inniku session epdi pochu macha,Tanglish,0,none,0,0,0,0,0,0,0,none,"normal, neutral, or supportive statement",synthetic_tanglish
TCB3294,listen po da inga irundhu comment section la macha,Tanglish,1,individual,1,0,0,0,0,0,1,medium,profane or abusive wording,synthetic_tanglish
TCB3295,nee dei poda inga message la macha,Tanglish,1,other,1,0,0,0,0,0,1,low,profane or abusive wording,synthetic_tanglish
TCB3296,listen personal appearance ah target panni tease pannadha message la poda,Tanglish,1,individual,0,0,0,0,1,0,0,medium,unwanted sexualized or appearance-based harassment,synthetic_tanglish
TCB3297,da meeting five mani ku irukku da,Tanglish,0,none,0,0,0,0,0,0,0,none,"normal, neutral, or supportive statement",synthetic_tanglish
TCB3298,listen avanai poi adichidu social media la ah,Tanglish,1,individual,0,1,1,0,0,0,0,medium,reference to physical harm,synthetic_tanglish
TCB3299,seriously andha community ah nambave mudiyadhu inga nu,Tanglish,1,group,0,0,0,1,0,0,0,high,group-targeted hateful language,synthetic_tanglish
TCB3300,inniku session epdi pochu nu,Tanglish,0,none,0,0,0,0,0,0,0,none,"normal, neutral, or supportive statement",synthetic_tanglish
TCB3301,honestly happy for your progress,Tanglish,0,none,0,0,0,0,0,0,0,none,"normal, neutral, or supportive statement",synthetic_tanglish
TCB3302,actually thanks for helping me honestly,Tanglish,0,none,0,0,0,0,0,0,0,none,"normal, neutral, or supportive statement",synthetic_tanglish
TCB3303,actually database update panniten nu,Tanglish,0,none,0,0,0,0,0,0,0,none,"normal, neutral, or supportive statement",synthetic_tanglish
TCB3304,seriously fight panna vandha paathukalam public ah bro,Tanglish,1,individual,0,0,1,0,0,0,0,high,reference to physical harm,synthetic_tanglish
TCB3305,macha unnoda actions ku answer kudukkanum comment section la da,Tanglish,1,other,0,1,0,0,0,0,0,medium,threatening language,synthetic_tanglish
TCB3306,actually rest eduthuko inniku,Tanglish,0,none,0,0,0,0,0,0,0,none,"normal, neutral, or supportive statement",synthetic_tanglish
TCB3307,bro indha idea useful ah irukku bro,Tanglish,0,none,0,0,0,0,0,0,0,none,"normal, neutral, or supportive statement",synthetic_tanglish
TCB3308,true bro all the best da today,Tanglish,0,none,0,0,0,0,0,0,0,none,"normal, neutral, or supportive statement",synthetic_tanglish
TCB3309,honestly movie epdi irundhuchu,Tanglish,0,none,0,0,0,0,0,0,0,none,"normal, neutral, or supportive statement",synthetic_tanglish
TCB3310,seri later discuss pannalam la,Tanglish,0,none,0,0,0,0,0,0,0,none,"normal, neutral, or supportive statement",synthetic_tanglish
TCB3311,macha naan unna confront panren daily nu,Tanglish,1,other,0,1,0,0,0,0,0,high,threatening language,synthetic_tanglish
TCB3312,actually happy for your progress bro,Tanglish,0,none,0,0,0,0,0,0,0,none,"normal, neutral, or supportive statement",synthetic_tanglish
TCB3313,true bro indha idea useful ah irukku macha,Tanglish,0,none,0,0,0,0,0,0,0,none,"normal, neutral, or supportive statement",synthetic_tanglish
TCB3314,ivan enna paaru naan unna paathukuren social media la,Tanglish,1,individual,0,1,0,0,0,0,0,medium,threatening language,synthetic_tanglish
TCB3315,nice ah food saptiya la,Tanglish,0,none,0,0,0,0,0,0,0,none,"normal, neutral, or supportive statement",synthetic_tanglish
TCB3316,ava avanga ellarum same madhiri public ah poda,Tanglish,1,group,0,0,0,1,0,0,0,medium,group-targeted hateful language,synthetic_tanglish
TCB3317,andha people ellam problem chat la la,Tanglish,1,group,0,0,0,1,0,0,0,high,group-targeted hateful language,synthetic_tanglish
TCB3318,nee nee total dummy chat la ippo,Tanglish,1,other,1,0,0,0,0,0,1,low,direct personal insult,synthetic_tanglish
TCB3319,macha sexual content anuppi disturb panna koodadhu daily da,Tanglish,1,individual,0,0,0,0,0,1,0,high,unwanted sexual pressure or abusive sexual request,synthetic_tanglish
TCB3320,nee sexual pressure kudukka koodadhu message la ippo,Tanglish,1,other,0,0,0,0,0,1,0,high,unwanted sexual pressure or abusive sexual request,synthetic_tanglish
TCB3321,ivan private content force panna vendam message la la,Tanglish,1,other,0,0,0,0,0,1,0,medium,unwanted sexual pressure or abusive sexual request,synthetic_tanglish
TCB3322,nice ah nice explanation 👍,Tanglish,0,none,0,0,0,0,0,0,0,none,"normal, neutral, or supportive statement",synthetic_tanglish
TCB3323,actually solution useful ah irukku bro,Tanglish,0,none,0,0,0,0,0,0,0,none,"normal, neutral, or supportive statement",synthetic_tanglish
TCB3324,nice ah indha idea useful ah irukku nu,Tanglish,0,none,0,0,0,0,0,0,0,none,"normal, neutral, or supportive statement",synthetic_tanglish
TCB3325,project nalla develop aaguthu nu,Tanglish,0,none,0,0,0,0,0,0,0,none,"normal, neutral, or supportive statement",synthetic_tanglish
TCB3326,listen unna hurt panniduven daily la,Tanglish,1,individual,0,1,1,0,0,0,0,high,reference to physical harm,synthetic_tanglish
TCB3327,nee private photo share panna force pannadha social media la ippo,Tanglish,1,individual,0,0,0,0,0,1,0,high,unwanted sexual pressure or abusive sexual request,synthetic_tanglish
TCB3328,bro rest eduthuko da,Tanglish,0,none,0,0,0,0,0,0,0,none,"normal, neutral, or supportive statement",synthetic_tanglish
TCB3329,macha dei summa iru online la macha,Tanglish,1,individual,0,0,0,0,0,0,1,low,profane or abusive wording,synthetic_tanglish
TCB3330,seri keep going bro honestly,Tanglish,0,none,0,0,0,0,0,0,0,none,"normal, neutral, or supportive statement",synthetic_tanglish
TCB3331,seriously un photo paathu sexual comments podradhu wrong inga nu,Tanglish,1,individual,0,0,0,0,1,0,0,high,unwanted sexualized or appearance-based harassment,synthetic_tanglish
TCB3332,ivan unakku consequences irukkum social media la podi,Tanglish,1,other,0,1,1,0,0,0,0,medium,threatening language,synthetic_tanglish
TCB3333,seriously dei summa iru chat la nu,Tanglish,1,individual,0,0,0,0,0,0,1,low,profane or abusive wording,synthetic_tanglish
TCB3334,seri nee daily improve aagite irukka da,Tanglish,0,none,0,0,0,0,0,0,0,none,"normal, neutral, or supportive statement",synthetic_tanglish
TCB3335,dei sexual content anuppi disturb panna koodadhu comment section la podi,Tanglish,1,other,0,0,0,0,0,1,0,high,unwanted sexual pressure or abusive sexual request,synthetic_tanglish
TCB3336,bro poda waste inga bro,Tanglish,1,individual,0,0,0,0,0,0,1,medium,profane or abusive wording,synthetic_tanglish
TCB3337,yes seri paakalam,Tanglish,0,none,0,0,0,0,0,0,0,none,"normal, neutral, or supportive statement",synthetic_tanglish
TCB3338,seriously avanga group ah support panna koodadhu public ah podi,Tanglish,1,group,0,0,0,1,0,0,0,high,group-targeted hateful language,synthetic_tanglish
TCB3339,honestly meeting five mani ku irukku inniku,Tanglish,0,none,0,0,0,0,0,0,0,none,"normal, neutral, or supportive statement",synthetic_tanglish
TCB3340,yes keep going bro bro,Tanglish,0,none,0,0,0,0,0,0,0,none,"normal, neutral, or supportive statement",synthetic_tanglish
TCB3341,podi poi ukkaru inga poda,Tanglish,1,other,0,0,0,0,0,0,1,medium,profane or abusive wording,synthetic_tanglish
TCB3342,nice ah food saptiya today,Tanglish,0,none,0,0,0,0,0,0,0,none,"normal, neutral, or supportive statement",synthetic_tanglish
TCB3343,yes database update panniten macha,Tanglish,0,none,0,0,0,0,0,0,0,none,"normal, neutral, or supportive statement",synthetic_tanglish
TCB3344,seri movie epdi irundhuchu da,Tanglish,0,none,0,0,0,0,0,0,0,none,"normal, neutral, or supportive statement",synthetic_tanglish
TCB3345,da all the best da today,Tanglish,0,none,0,0,0,0,0,0,0,none,"normal, neutral, or supportive statement",synthetic_tanglish
TCB3346,dei nee oru muttaal inga poda,Tanglish,1,individual,1,0,0,0,0,0,0,medium,direct personal insult,synthetic_tanglish
TCB3347,semma performance macha,Tanglish,0,none,0,0,0,0,0,0,0,none,"normal, neutral, or supportive statement",synthetic_tanglish
TCB3348,bro naalaikku continue pannalam today,Tanglish,0,none,0,0,0,0,0,0,0,none,"normal, neutral, or supportive statement",synthetic_tanglish
TCB3349,macha unakku common sense illa public ah ippo,Tanglish,1,individual,1,0,0,0,0,0,1,low,direct personal insult,synthetic_tanglish
TCB3350,private photo share panna force pannadha inga poda,Tanglish,1,individual,0,0,0,0,1,1,0,medium,unwanted sexual pressure or abusive sexual request,synthetic_tanglish
TCB3351,unna physical ah attack panniduven public ah da,Tanglish,1,individual,0,0,1,0,0,0,0,high,reference to physical harm,synthetic_tanglish
TCB3352,yes correct ah sonna da,Tanglish,0,none,0,0,0,0,0,0,0,none,"normal, neutral, or supportive statement",synthetic_tanglish
TCB3353,actually keep going bro bro,Tanglish,0,none,0,0,0,0,0,0,0,none,"normal, neutral, or supportive statement",synthetic_tanglish
TCB3354,true bro naan unakku support panren 👍,Tanglish,0,none,0,0,0,0,0,0,0,none,"normal, neutral, or supportive statement",synthetic_tanglish
TCB3355,listen podi poi ukkaru chat la,Tanglish,1,other,1,0,0,0,0,0,1,medium,profane or abusive wording,synthetic_tanglish
TCB3356,nice ah solution useful ah irukku honestly,Tanglish,0,none,0,0,0,0,0,0,0,none,"normal, neutral, or supportive statement",synthetic_tanglish
TCB3357,dei nee online la unwanted sexual attention kudukkadha message la nu,Tanglish,1,other,0,0,0,0,1,0,0,high,unwanted sexualized or appearance-based harassment,synthetic_tanglish
TCB3358,dei unna adikka varuven comment section la bro,Tanglish,1,individual,0,0,1,0,0,0,0,high,reference to physical harm,synthetic_tanglish
TCB3359,dei nee podi poi ukkaru public ah ippo,Tanglish,1,individual,1,0,0,0,0,0,1,medium,profane or abusive wording,synthetic_tanglish
TCB3360,seriously private content force panna vendam chat la ah,Tanglish,1,other,0,0,0,0,1,1,0,medium,unwanted sexual pressure or abusive sexual request,synthetic_tanglish
TCB3361,rest eduthuko honestly,Tanglish,0,none,0,0,0,0,0,0,0,none,"normal, neutral, or supportive statement",synthetic_tanglish
TCB3362,bro code check pannitu sollu inniku,Tanglish,0,none,0,0,0,0,0,0,0,none,"normal, neutral, or supportive statement",synthetic_tanglish
TCB3363,bro naan unakku support panren honestly,Tanglish,0,none,0,0,0,0,0,0,0,none,"normal, neutral, or supportive statement",synthetic_tanglish
TCB3364,bro naalaikku continue pannalam la,Tanglish,0,none,0,0,0,0,0,0,0,none,"normal, neutral, or supportive statement",synthetic_tanglish
TCB3365,da indha idea useful ah irukku,Tanglish,0,none,0,0,0,0,0,0,0,none,"normal, neutral, or supportive statement",synthetic_tanglish
TCB3366,nee nee pesuradhellam mokka comment section la bro,Tanglish,1,individual,1,0,0,0,0,0,1,medium,direct personal insult,synthetic_tanglish
TCB3367,macha unakku physical harm panniduven public ah macha,Tanglish,1,individual,0,0,1,0,0,0,0,medium,reference to physical harm,synthetic_tanglish
TCB3368,macha naalaikku continue pannalam 👍,Tanglish,0,none,0,0,0,0,0,0,0,none,"normal, neutral, or supportive statement",synthetic_tanglish
TCB3369,seriously personal appearance ah target panni tease pannadha comment section la podi,Tanglish,1,other,0,0,0,0,1,0,0,medium,unwanted sexualized or appearance-based harassment,synthetic_tanglish
TCB3370,naan unakku support panren,Tanglish,0,none,0,0,0,0,0,0,0,none,"normal, neutral, or supportive statement",synthetic_tanglish
TCB3371,ivan un body ah comment panni disturb pannadha online la,Tanglish,1,individual,0,0,0,0,1,0,0,high,unwanted sexualized or appearance-based harassment,synthetic_tanglish
TCB3372,dei avanga madhiri people inga vendaam da,Tanglish,1,group,0,0,0,1,0,0,0,medium,group-targeted hateful language,synthetic_tanglish
TCB3373,seriously unna hurt panniduven daily macha,Tanglish,1,individual,0,1,1,0,0,0,0,high,reference to physical harm,synthetic_tanglish
TCB3374,true bro nice explanation macha,Tanglish,0,none,0,0,0,0,0,0,0,none,"normal, neutral, or supportive statement",synthetic_tanglish
TCB3375,ava nee stop pannalana problem aagum public ah poda,Tanglish,1,individual,0,1,1,0,0,0,0,medium,threatening language,synthetic_tanglish
TCB3376,da project nalla develop aaguthu honestly,Tanglish,0,none,0,0,0,0,0,0,0,none,"normal, neutral, or supportive statement",synthetic_tanglish
TCB3377,seriously ava mela unwanted comments podradhu harassment public ah ah,Tanglish,1,other,0,0,0,0,1,0,0,high,unwanted sexualized or appearance-based harassment,synthetic_tanglish
TCB3378,actually rest eduthuko da,Tanglish,0,none,0,0,0,0,0,0,0,none,"normal, neutral, or supportive statement",synthetic_tanglish
TCB3379,honestly semma performance da,Tanglish,0,none,0,0,0,0,0,0,0,none,"normal, neutral, or supportive statement",synthetic_tanglish
TCB3380,yes solution useful ah irukku da,Tanglish,0,none,0,0,0,0,0,0,0,none,"normal, neutral, or supportive statement",synthetic_tanglish
TCB3381,dei nee sexual pressure kudukka koodadhu bro,Tanglish,1,individual,0,0,0,0,1,1,0,high,unwanted sexual pressure or abusive sexual request,synthetic_tanglish
TCB3382,nee unna adikka varuven comment section la nu,Tanglish,1,other,0,1,1,0,0,0,0,high,reference to physical harm,synthetic_tanglish
TCB3383,listen unakku consequences irukkum comment section la nu,Tanglish,1,individual,0,1,1,0,0,0,0,medium,threatening language,synthetic_tanglish
TCB3384,ivan fight panna vandha paathukalam message la poda,Tanglish,1,individual,0,1,1,0,0,0,0,medium,reference to physical harm,synthetic_tanglish
TCB3385,seriously un photo ku sexual comment podradhu wrong chat la,Tanglish,1,individual,0,0,0,0,1,0,0,medium,unwanted sexualized or appearance-based harassment,synthetic_tanglish
TCB3386,macha nee oru failure social media la podi,Tanglish,1,individual,1,0,0,0,0,0,0,low,direct personal insult,synthetic_tanglish
TCB3387,honestly assignment submit pannitiya la,Tanglish,0,none,0,0,0,0,0,0,0,none,"normal, neutral, or supportive statement",synthetic_tanglish
TCB3388,ivan nee romba stupid comment section la macha,Tanglish,1,individual,1,0,0,0,0,0,0,medium,direct personal insult,synthetic_tanglish
TCB3389,nice ah nee daily improve aagite irukka today,Tanglish,0,none,0,0,0,0,0,0,0,none,"normal, neutral, or supportive statement",synthetic_tanglish
TCB3390,nee unna damage panniduven daily,Tanglish,1,other,0,1,1,0,0,0,0,high,reference to physical harm,synthetic_tanglish
TCB3391,macha nee oru waste fellow intha post la ah,Tanglish,1,individual,1,0,0,0,0,0,0,medium,direct personal insult,synthetic_tanglish
TCB3392,listen nee inga vandha unakku problem public ah ah,Tanglish,1,individual,0,1,0,0,0,0,0,medium,threatening language,synthetic_tanglish
TCB3393,ava unna damage panniduven public ah bro,Tanglish,1,other,0,1,1,0,0,0,0,high,reference to physical harm,synthetic_tanglish
TCB3394,dei unna vida maaten nu nenachuko intha post la poda,Tanglish,1,individual,0,1,1,0,0,0,0,high,threatening language,synthetic_tanglish
TCB3395,macha unakku nalla warning idhu social media la macha,Tanglish,1,individual,0,1,1,0,0,0,0,high,threatening language,synthetic_tanglish
TCB3396,ava un performance romba kevalam social media la poda,Tanglish,1,individual,1,0,0,0,0,0,0,low,direct personal insult,synthetic_tanglish
TCB3397,honestly class nalla irundhucha 👍,Tanglish,0,none,0,0,0,0,0,0,0,none,"normal, neutral, or supportive statement",synthetic_tanglish
TCB3398,dei nee unakku nalla warning idhu social media la nu,Tanglish,1,individual,0,1,1,0,0,0,0,medium,threatening language,synthetic_tanglish
TCB3399,nee unnoda actions ku answer kudukkanum social media la da,Tanglish,1,individual,0,1,0,0,0,0,0,high,threatening language,synthetic_tanglish
TCB3400,listen nee onnum purinjikala comment section la la,Tanglish,1,individual,1,0,0,0,0,0,0,medium,direct personal insult,synthetic_tanglish
TCB3401,yes naan unakku support panren macha,Tanglish,0,none,0,0,0,0,0,0,0,none,"normal, neutral, or supportive statement",synthetic_tanglish
TCB3402,unna damage panniduven message la ippo,Tanglish,1,individual,0,0,1,0,0,0,0,high,reference to physical harm,synthetic_tanglish
TCB3403,dei nee consent illama sexual request pannadha da,Tanglish,1,other,0,0,0,0,0,1,0,medium,unwanted sexual pressure or abusive sexual request,synthetic_tanglish
TCB3404,true bro happy for your progress today,Tanglish,0,none,0,0,0,0,0,0,0,none,"normal, neutral, or supportive statement",synthetic_tanglish
TCB3405,po da inga irundhu chat la macha,Tanglish,1,individual,0,0,0,0,0,0,1,medium,profane or abusive wording,synthetic_tanglish
TCB3406,unna hurt panniduven intha post la bro,Tanglish,1,other,0,1,1,0,0,0,0,high,reference to physical harm,synthetic_tanglish
TCB3407,dei online la unwanted sexual attention kudukkadha bro,Tanglish,1,individual,0,0,0,0,1,0,0,medium,unwanted sexualized or appearance-based harassment,synthetic_tanglish
TCB3408,listen avanai poi adichidu public ah bro,Tanglish,1,individual,0,1,1,0,0,0,0,high,reference to physical harm,synthetic_tanglish
TCB3409,dei nee poda waste online la nu,Tanglish,1,individual,0,0,0,0,0,0,1,medium,profane or abusive wording,synthetic_tanglish
TCB3410,ivan andha community ah nambave mudiyadhu public ah macha,Tanglish,1,group,0,0,0,1,0,0,0,medium,group-targeted hateful language,synthetic_tanglish
TCB3411,honestly code check pannitu sollu,Tanglish,0,none,0,0,0,0,0,0,0,none,"normal, neutral, or supportive statement",synthetic_tanglish
TCB3412,ivan nee oru muttaal social media la poda,Tanglish,1,other,1,0,0,0,0,0,0,low,direct personal insult,synthetic_tanglish
TCB3413,macha un photo ku sexual comment podradhu wrong online la ah,Tanglish,1,individual,0,0,0,0,1,0,0,high,unwanted sexualized or appearance-based harassment,synthetic_tanglish
TCB3414,true bro thanks for helping me da,Tanglish,0,none,0,0,0,0,0,0,0,none,"normal, neutral, or supportive statement",synthetic_tanglish
TCB3415,seriously podi poi ukkaru chat la nu,Tanglish,1,individual,1,0,0,0,0,0,1,low,profane or abusive wording,synthetic_tanglish
TCB3416,nice ah database update panniten inniku,Tanglish,0,none,0,0,0,0,0,0,0,none,"normal, neutral, or supportive statement",synthetic_tanglish
TCB3417,honestly project nalla develop aaguthu today,Tanglish,0,none,0,0,0,0,0,0,0,none,"normal, neutral, or supportive statement",synthetic_tanglish
TCB3418,yes database update panniten today,Tanglish,0,none,0,0,0,0,0,0,0,none,"normal, neutral, or supportive statement",synthetic_tanglish
TCB3419,honestly nice explanation da,Tanglish,0,none,0,0,0,0,0,0,0,none,"normal, neutral, or supportive statement",synthetic_tanglish
TCB3420,honestly naalaikku continue pannalam inniku,Tanglish,0,none,0,0,0,0,0,0,0,none,"normal, neutral, or supportive statement",synthetic_tanglish
TCB3421,ava poda da inga la,Tanglish,1,individual,1,0,0,0,0,0,1,medium,profane or abusive wording,synthetic_tanglish
TCB3422,actually meeting five mani ku irukku today,Tanglish,0,none,0,0,0,0,0,0,0,none,"normal, neutral, or supportive statement",synthetic_tanglish
TCB3423,bro seri paakalam bro,Tanglish,0,none,0,0,0,0,0,0,0,none,"normal, neutral, or supportive statement",synthetic_tanglish
TCB3424,true bro semma performance honestly,Tanglish,0,none,0,0,0,0,0,0,0,none,"normal, neutral, or supportive statement",synthetic_tanglish
TCB3425,actually code check pannitu sollu nu,Tanglish,0,none,0,0,0,0,0,0,0,none,"normal, neutral, or supportive statement",synthetic_tanglish
TCB3426,private photo share panna force pannadha macha,Tanglish,1,other,0,0,0,0,0,1,0,medium,unwanted sexual pressure or abusive sexual request,synthetic_tanglish
TCB3427,macha presentation clear ah irundhuchu nu,Tanglish,0,none,0,0,0,0,0,0,0,none,"normal, neutral, or supportive statement",synthetic_tanglish
TCB3428,macha thanks for helping me inniku,Tanglish,0,none,0,0,0,0,0,0,0,none,"normal, neutral, or supportive statement",synthetic_tanglish
TCB3429,listen unna physical ah attack panniduven inga podi,Tanglish,1,individual,0,0,1,0,0,0,0,medium,reference to physical harm,synthetic_tanglish
TCB3430,yes all the best da honestly,Tanglish,0,none,0,0,0,0,0,0,0,none,"normal, neutral, or supportive statement",synthetic_tanglish
TCB3431,all the best da macha,Tanglish,0,none,0,0,0,0,0,0,0,none,"normal, neutral, or supportive statement",synthetic_tanglish
TCB3432,seri indha idea useful ah irukku honestly,Tanglish,0,none,0,0,0,0,0,0,0,none,"normal, neutral, or supportive statement",synthetic_tanglish
TCB3433,dei nee inga vandha unakku problem chat la nu,Tanglish,1,individual,0,1,1,0,0,0,0,medium,threatening language,synthetic_tanglish
TCB3434,ivan andha people ellam problem comment section la ippo,Tanglish,1,group,0,0,0,1,0,0,0,high,group-targeted hateful language,synthetic_tanglish
TCB3435,avanga group ah support panna koodadhu social media la ippo,Tanglish,1,group,0,0,0,1,0,0,0,medium,group-targeted hateful language,synthetic_tanglish
TCB3436,true bro correct ah sonna nu,Tanglish,0,none,0,0,0,0,0,0,0,none,"normal, neutral, or supportive statement",synthetic_tanglish
TCB3437,macha un brain enga pochu ah,Tanglish,1,individual,1,0,0,0,0,0,0,medium,direct personal insult,synthetic_tanglish
TCB3438,meeting five mani ku irukku nu,Tanglish,0,none,0,0,0,0,0,0,0,none,"normal, neutral, or supportive statement",synthetic_tanglish
TCB3439,macha team work nalla pannenga inniku,Tanglish,0,none,0,0,0,0,0,0,0,none,"normal, neutral, or supportive statement",synthetic_tanglish
TCB3440,bro andha people ellam problem online la nu,Tanglish,1,group,0,0,0,1,0,0,0,medium,group-targeted hateful language,synthetic_tanglish
TCB3441,yes semma performance today,Tanglish,0,none,0,0,0,0,0,0,0,none,"normal, neutral, or supportive statement",synthetic_tanglish
TCB3442,seriously poda mental chat la poda,Tanglish,1,individual,0,0,0,0,0,0,1,low,profane or abusive wording,synthetic_tanglish
TCB3443,dei nee poda da public ah poda,Tanglish,1,individual,1,0,0,0,0,0,1,medium,profane or abusive wording,synthetic_tanglish
TCB3444,nice ah correct ah sonna macha,Tanglish,0,none,0,0,0,0,0,0,0,none,"normal, neutral, or supportive statement",synthetic_tanglish
TCB3445,true bro correct ah sonna,Tanglish,0,none,0,0,0,0,0,0,0,none,"normal, neutral, or supportive statement",synthetic_tanglish
TCB3446,dei fight panna vandha paathukalam social media la,Tanglish,1,individual,0,0,1,0,0,0,0,high,reference to physical harm,synthetic_tanglish
TCB3447,nice ah keep going bro,Tanglish,0,none,0,0,0,0,0,0,0,none,"normal, neutral, or supportive statement",synthetic_tanglish
TCB3448,nee oru useless fellow message la la,Tanglish,1,individual,1,0,0,0,0,0,0,medium,direct personal insult,synthetic_tanglish
TCB3449,dei nee poda loosu online la poda,Tanglish,1,individual,1,0,0,0,0,0,1,low,profane or abusive wording,synthetic_tanglish
TCB3450,true bro keep going bro today,Tanglish,0,none,0,0,0,0,0,0,0,none,"normal, neutral, or supportive statement",synthetic_tanglish
TCB3451,yes team work nalla pannenga da,Tanglish,0,none,0,0,0,0,0,0,0,none,"normal, neutral, or supportive statement",synthetic_tanglish
TCB3452,honestly naan unakku support panren macha,Tanglish,0,none,0,0,0,0,0,0,0,none,"normal, neutral, or supportive statement",synthetic_tanglish
TCB3453,nice ah happy for your progress honestly,Tanglish,0,none,0,0,0,0,0,0,0,none,"normal, neutral, or supportive statement",synthetic_tanglish
TCB3454,naan unakku support panren honestly,Tanglish,0,none,0,0,0,0,0,0,0,none,"normal, neutral, or supportive statement",synthetic_tanglish
TCB3455,macha unakku nalla warning idhu inga nu,Tanglish,1,individual,0,1,0,0,0,0,0,medium,threatening language,synthetic_tanglish
TCB3456,honestly indha idea useful ah irukku,Tanglish,0,none,0,0,0,0,0,0,0,none,"normal, neutral, or supportive statement",synthetic_tanglish
TCB3457,nice ah all the best da nu,Tanglish,0,none,0,0,0,0,0,0,0,none,"normal, neutral, or supportive statement",synthetic_tanglish
TCB3458,listen un appearance pathi unwanted comment poda vendam daily nu,Tanglish,1,other,0,0,0,0,1,0,0,medium,unwanted sexualized or appearance-based harassment,synthetic_tanglish
TCB3459,true bro inniku session epdi pochu nu,Tanglish,0,none,0,0,0,0,0,0,0,none,"normal, neutral, or supportive statement",synthetic_tanglish
TCB3460,bro presentation clear ah irundhuchu nu,Tanglish,0,none,0,0,0,0,0,0,0,none,"normal, neutral, or supportive statement",synthetic_tanglish
TCB3461,bro all the best da la,Tanglish,0,none,0,0,0,0,0,0,0,none,"normal, neutral, or supportive statement",synthetic_tanglish
TCB3462,andha people ellam problem social media la bro,Tanglish,1,group,0,0,0,1,0,0,0,medium,group-targeted hateful language,synthetic_tanglish
TCB3463,seriously consent illama private photo kekkadha intha post la podi,Tanglish,1,individual,0,0,0,0,1,1,0,medium,unwanted sexual pressure or abusive sexual request,synthetic_tanglish
TCB3464,yes semma performance honestly,Tanglish,0,none,0,0,0,0,0,0,0,none,"normal, neutral, or supportive statement",synthetic_tanglish
TCB3465,honestly thanks for helping me nu,Tanglish,0,none,0,0,0,0,0,0,0,none,"normal, neutral, or supportive statement",synthetic_tanglish
TCB3466,bro food saptiya 👍,Tanglish,0,none,0,0,0,0,0,0,0,none,"normal, neutral, or supportive statement",synthetic_tanglish
TCB3467,actually all the best da inniku,Tanglish,0,none,0,0,0,0,0,0,0,none,"normal, neutral, or supportive statement",synthetic_tanglish
TCB3468,unna adikka varuven online la nu,Tanglish,1,other,0,0,1,0,0,0,0,medium,reference to physical harm,synthetic_tanglish
TCB3469,true bro correct ah sonna da,Tanglish,0,none,0,0,0,0,0,0,0,none,"normal, neutral, or supportive statement",synthetic_tanglish
TCB3470,yes naalaikku continue pannalam da,Tanglish,0,none,0,0,0,0,0,0,0,none,"normal, neutral, or supportive statement",synthetic_tanglish
TCB3471,actually movie epdi irundhuchu da,Tanglish,0,none,0,0,0,0,0,0,0,none,"normal, neutral, or supportive statement",synthetic_tanglish
TCB3472,da food saptiya inniku,Tanglish,0,none,0,0,0,0,0,0,0,none,"normal, neutral, or supportive statement",synthetic_tanglish
TCB3473,listen nee oru loosu daily da,Tanglish,1,other,1,0,0,0,0,0,0,medium,direct personal insult,synthetic_tanglish
TCB3474,nee nee stop pannalana problem aagum chat la la,Tanglish,1,individual,0,1,1,0,0,0,0,high,threatening language,synthetic_tanglish
TCB3475,actually indha idea useful ah irukku la,Tanglish,0,none,0,0,0,0,0,0,0,none,"normal, neutral, or supportive statement",synthetic_tanglish
TCB3476,actually project nalla develop aaguthu,Tanglish,0,none,0,0,0,0,0,0,0,none,"normal, neutral, or supportive statement",synthetic_tanglish
TCB3477,nee un body pathi public ah pesa vendam inga,Tanglish,1,individual,0,0,0,0,1,0,0,high,unwanted sexualized or appearance-based harassment,synthetic_tanglish
TCB3478,seriously andha people ellam problem chat la poda,Tanglish,1,group,0,0,0,1,0,0,0,medium,group-targeted hateful language,synthetic_tanglish
TCB3479,dei unakku edhuvume theriyadhu intha post la,Tanglish,1,other,1,0,0,0,0,0,1,low,direct personal insult,synthetic_tanglish
TCB3480,bro podi da daily nu,Tanglish,1,individual,0,0,0,0,0,0,1,low,profane or abusive wording,synthetic_tanglish
TCB3481,correct ah sonna nu,Tanglish,0,none,0,0,0,0,0,0,0,none,"normal, neutral, or supportive statement",synthetic_tanglish
TCB3482,keep going bro da,Tanglish,0,none,0,0,0,0,0,0,0,none,"normal, neutral, or supportive statement",synthetic_tanglish
TCB3483,bro meeting five mani ku irukku inniku,Tanglish,0,none,0,0,0,0,0,0,0,none,"normal, neutral, or supportive statement",synthetic_tanglish
TCB3484,seriously unna vida maaten nu nenachuko poda,Tanglish,1,individual,0,1,0,0,0,0,0,medium,threatening language,synthetic_tanglish
TCB3485,listen podi poi ukkaru inga nu,Tanglish,1,other,1,0,0,0,0,0,1,medium,profane or abusive wording,synthetic_tanglish
TCB3486,nice ah thanks for helping me da,Tanglish,0,none,0,0,0,0,0,0,0,none,"normal, neutral, or supportive statement",synthetic_tanglish
TCB3487,yes correct ah sonna macha,Tanglish,0,none,0,0,0,0,0,0,0,none,"normal, neutral, or supportive statement",synthetic_tanglish
TCB3488,ivan nee total dummy inga da,Tanglish,1,other,1,0,0,0,0,0,1,low,direct personal insult,synthetic_tanglish
TCB3489,seriously unna adikka varuven social media la ah,Tanglish,1,individual,0,0,1,0,0,0,0,medium,reference to physical harm,synthetic_tanglish
TCB3490,later discuss pannalam honestly,Tanglish,0,none,0,0,0,0,0,0,0,none,"normal, neutral, or supportive statement",synthetic_tanglish
TCB3491,dei nee consent illama private photo kekkadha intha post la ah,Tanglish,1,other,0,0,0,0,1,1,0,medium,unwanted sexual pressure or abusive sexual request,synthetic_tanglish
TCB3492,actually super ah panniruka 👍,Tanglish,0,none,0,0,0,0,0,0,0,none,"normal, neutral, or supportive statement",synthetic_tanglish
TCB3493,nice ah nice explanation bro,Tanglish,0,none,0,0,0,0,0,0,0,none,"normal, neutral, or supportive statement",synthetic_tanglish
TCB3494,seri semma performance macha,Tanglish,0,none,0,0,0,0,0,0,0,none,"normal, neutral, or supportive statement",synthetic_tanglish
TCB3495,sandaila unna adikka thonudhu online la bro,Tanglish,1,other,0,1,1,0,0,0,0,high,reference to physical harm,synthetic_tanglish
TCB3496,da assignment submit pannitiya 👍,Tanglish,0,none,0,0,0,0,0,0,0,none,"normal, neutral, or supportive statement",synthetic_tanglish
TCB3497,actually naan unakku support panren da,Tanglish,0,none,0,0,0,0,0,0,0,none,"normal, neutral, or supportive statement",synthetic_tanglish
TCB3498,yes rest eduthuko today,Tanglish,0,none,0,0,0,0,0,0,0,none,"normal, neutral, or supportive statement",synthetic_tanglish
TCB3499,dei nee nee enna pannalum naan respond panren chat la macha,Tanglish,1,other,0,1,0,0,0,0,0,medium,threatening language,synthetic_tanglish
TCB3500,da inniku session epdi pochu 👍,Tanglish,0,none,0,0,0,0,0,0,0,none,"normal, neutral, or supportive statement",synthetic_tanglish
TCB3501,honestly un effort romba nalla irukku,Tanglish,0,none,0,0,0,0,0,0,0,none,"normal, neutral, or supportive statement",synthetic_tanglish
TCB3502,seri later discuss pannalam nu,Tanglish,0,none,0,0,0,0,0,0,0,none,"normal, neutral, or supportive statement",synthetic_tanglish
TCB3503,dei unna adikka varuven online la poda,Tanglish,1,individual,0,0,1,0,0,0,0,medium,reference to physical harm,synthetic_tanglish
TCB3504,seriously un appearance pathi unwanted comment poda vendam da,Tanglish,1,other,0,0,0,0,1,0,0,high,unwanted sexualized or appearance-based harassment,synthetic_tanglish
TCB3505,actually inniku session epdi pochu da,Tanglish,0,none,0,0,0,0,0,0,0,none,"normal, neutral, or supportive statement",synthetic_tanglish
TCB3506,nice ah correct ah sonna 👍,Tanglish,0,none,0,0,0,0,0,0,0,none,"normal, neutral, or supportive statement",synthetic_tanglish
TCB3507,seriously nee total dummy online la macha,Tanglish,1,individual,1,0,0,0,0,0,0,low,direct personal insult,synthetic_tanglish
TCB3508,true bro good job bro honestly,Tanglish,0,none,0,0,0,0,0,0,0,none,"normal, neutral, or supportive statement",synthetic_tanglish
TCB3509,seriously nee onnum purinjikala social media la bro,Tanglish,1,individual,1,0,0,0,0,0,1,low,direct personal insult,synthetic_tanglish
TCB3510,nee daily improve aagite irukka today,Tanglish,0,none,0,0,0,0,0,0,0,none,"normal, neutral, or supportive statement",synthetic_tanglish
TCB3511,da rest eduthuko,Tanglish,0,none,0,0,0,0,0,0,0,none,"normal, neutral, or supportive statement",synthetic_tanglish
TCB3512,seriously avanga group ah support panna koodadhu daily podi,Tanglish,1,group,0,0,0,1,0,0,0,medium,group-targeted hateful language,synthetic_tanglish
TCB3513,yes food saptiya da,Tanglish,0,none,0,0,0,0,0,0,0,none,"normal, neutral, or supportive statement",synthetic_tanglish
TCB3514,yes all the best da inniku,Tanglish,0,none,0,0,0,0,0,0,0,none,"normal, neutral, or supportive statement",synthetic_tanglish
TCB3515,honestly database update panniten macha,Tanglish,0,none,0,0,0,0,0,0,0,none,"normal, neutral, or supportive statement",synthetic_tanglish
TCB3516,ava unna adichiduven message la poda,Tanglish,1,individual,0,0,1,0,0,0,0,high,reference to physical harm,synthetic_tanglish
TCB3517,true bro team work nalla pannenga bro,Tanglish,0,none,0,0,0,0,0,0,0,none,"normal, neutral, or supportive statement",synthetic_tanglish
TCB3518,ava avanga ellarum same madhiri social media la la,Tanglish,1,group,0,0,0,1,0,0,0,medium,group-targeted hateful language,synthetic_tanglish
TCB3519,seri assignment submit pannitiya inniku,Tanglish,0,none,0,0,0,0,0,0,0,none,"normal, neutral, or supportive statement",synthetic_tanglish
TCB3520,true bro seri paakalam honestly,Tanglish,0,none,0,0,0,0,0,0,0,none,"normal, neutral, or supportive statement",synthetic_tanglish
TCB3521,unna beat panniduven online la ippo,Tanglish,1,other,0,1,1,0,0,0,0,high,reference to physical harm,synthetic_tanglish
TCB3522,true bro inniku session epdi pochu 👍,Tanglish,0,none,0,0,0,0,0,0,0,none,"normal, neutral, or supportive statement",synthetic_tanglish
TCB3523,yes naan unakku support panren inniku,Tanglish,0,none,0,0,0,0,0,0,0,none,"normal, neutral, or supportive statement",synthetic_tanglish
TCB3524,personal appearance ah target panni tease pannadha public ah nu,Tanglish,1,individual,0,0,0,0,1,0,0,medium,unwanted sexualized or appearance-based harassment,synthetic_tanglish
TCB3525,seri team work nalla pannenga honestly,Tanglish,0,none,0,0,0,0,0,0,0,none,"normal, neutral, or supportive statement",synthetic_tanglish
TCB3526,true bro meeting five mani ku irukku 👍,Tanglish,0,none,0,0,0,0,0,0,0,none,"normal, neutral, or supportive statement",synthetic_tanglish
TCB3527,naan unakku support panren da,Tanglish,0,none,0,0,0,0,0,0,0,none,"normal, neutral, or supportive statement",synthetic_tanglish
TCB3528,macha food saptiya,Tanglish,0,none,0,0,0,0,0,0,0,none,"normal, neutral, or supportive statement",synthetic_tanglish
TCB3529,dei nee unna hurt panniduven message la ah,Tanglish,1,other,0,0,1,0,0,0,0,high,reference to physical harm,synthetic_tanglish
TCB3530,macha nice explanation inniku,Tanglish,0,none,0,0,0,0,0,0,0,none,"normal, neutral, or supportive statement",synthetic_tanglish
TCB3531,yes nice explanation macha,Tanglish,0,none,0,0,0,0,0,0,0,none,"normal, neutral, or supportive statement",synthetic_tanglish
TCB3532,ivan unakku consequences irukkum chat la,Tanglish,1,individual,0,1,0,0,0,0,0,high,threatening language,synthetic_tanglish
TCB3533,macha database update panniten nu,Tanglish,0,none,0,0,0,0,0,0,0,none,"normal, neutral, or supportive statement",synthetic_tanglish
TCB3534,dei unakku nalla warning idhu social media la ippo,Tanglish,1,individual,0,1,1,0,0,0,0,medium,threatening language,synthetic_tanglish
TCB3535,bro semma performance da,Tanglish,0,none,0,0,0,0,0,0,0,none,"normal, neutral, or supportive statement",synthetic_tanglish
TCB3536,macha thanks for helping me today,Tanglish,0,none,0,0,0,0,0,0,0,none,"normal, neutral, or supportive statement",synthetic_tanglish
TCB3537,dei sexual pressure kudukka koodadhu message la ah,Tanglish,1,other,0,0,0,0,1,1,0,high,unwanted sexual pressure or abusive sexual request,synthetic_tanglish
TCB3538,database update panniten honestly,Tanglish,0,none,0,0,0,0,0,0,0,none,"normal, neutral, or supportive statement",synthetic_tanglish
TCB3539,seri inniku session epdi pochu nu,Tanglish,0,none,0,0,0,0,0,0,0,none,"normal, neutral, or supportive statement",synthetic_tanglish
TCB3540,dei nee inga vandha unakku problem comment section la poda,Tanglish,1,other,0,1,0,0,0,0,0,medium,threatening language,synthetic_tanglish
TCB3541,meeting five mani ku irukku today,Tanglish,0,none,0,0,0,0,0,0,0,none,"normal, neutral, or supportive statement",synthetic_tanglish
TCB3542,nee avanga group ah support panna koodadhu chat la da,Tanglish,1,group,0,0,0,1,0,0,0,high,group-targeted hateful language,synthetic_tanglish
TCB3543,macha nee daily improve aagite irukka bro,Tanglish,0,none,0,0,0,0,0,0,0,none,"normal, neutral, or supportive statement",synthetic_tanglish
TCB3544,nee nee romba stupid intha post la ippo,Tanglish,1,individual,1,0,0,0,0,0,1,medium,direct personal insult,synthetic_tanglish
TCB3545,macha seri paakalam la,Tanglish,0,none,0,0,0,0,0,0,0,none,"normal, neutral, or supportive statement",synthetic_tanglish
TCB3546,listen innoru thadava ippadi pesina serious ah irukkum online la ippo,Tanglish,1,other,0,1,1,0,0,0,0,medium,threatening language,synthetic_tanglish
TCB3547,dei mokka public ah bro,Tanglish,1,other,1,0,0,0,0,0,1,medium,profane or abusive wording,synthetic_tanglish
TCB3548,happy for your progress la,Tanglish,0,none,0,0,0,0,0,0,0,none,"normal, neutral, or supportive statement",synthetic_tanglish
TCB3549,seriously nee romba stupid online la,Tanglish,1,individual,1,0,0,0,0,0,1,low,direct personal insult,synthetic_tanglish
TCB3550,sexual pressure kudukka koodadhu intha post la da,Tanglish,1,individual,0,0,0,0,1,1,0,medium,unwanted sexual pressure or abusive sexual request,synthetic_tanglish
TCB3551,macha rest eduthuko inniku,Tanglish,0,none,0,0,0,0,0,0,0,none,"normal, neutral, or supportive statement",synthetic_tanglish
TCB3552,listen andha group people ellam mosam inga,Tanglish,1,group,0,0,0,1,0,0,0,high,group-targeted hateful language,synthetic_tanglish
TCB3553,seriously nee oru waste fellow inga,Tanglish,1,individual,1,0,0,0,0,0,0,low,direct personal insult,synthetic_tanglish
TCB3554,nice ah seri paakalam bro,Tanglish,0,none,0,0,0,0,0,0,0,none,"normal, neutral, or supportive statement",synthetic_tanglish
TCB3555,seriously un photo ku sexual comment podradhu wrong daily ippo,Tanglish,1,other,0,0,0,0,1,0,0,high,unwanted sexualized or appearance-based harassment,synthetic_tanglish
TCB3556,macha unna vida maaten nu nenachuko social media la podi,Tanglish,1,individual,0,1,1,0,0,0,0,medium,threatening language,synthetic_tanglish
TCB3557,ivan poda poi velaiya paaru comment section la nu,Tanglish,1,individual,0,0,0,0,0,0,1,medium,profane or abusive wording,synthetic_tanglish
TCB3558,dei nee innoru message anuppina paathuko online la bro,Tanglish,1,other,0,1,0,0,0,0,0,medium,threatening language,synthetic_tanglish
TCB3559,yes rest eduthuko bro,Tanglish,0,none,0,0,0,0,0,0,0,none,"normal, neutral, or supportive statement",synthetic_tanglish
TCB3560,dei nee un body pathi public ah pesa vendam online la ah,Tanglish,1,individual,0,0,0,0,1,0,0,medium,unwanted sexualized or appearance-based harassment,synthetic_tanglish
TCB3561,un appearance pathi unwanted comment poda vendam daily bro,Tanglish,1,other,0,0,0,0,1,0,0,high,unwanted sexualized or appearance-based harassment,synthetic_tanglish
TCB3562,true bro super ah panniruka,Tanglish,0,none,0,0,0,0,0,0,0,none,"normal, neutral, or supportive statement",synthetic_tanglish
TCB3563,ivan dei summa iru chat la ippo,Tanglish,1,individual,0,0,0,0,0,0,1,low,profane or abusive wording,synthetic_tanglish
TCB3564,team work nalla pannenga today,Tanglish,0,none,0,0,0,0,0,0,0,none,"normal, neutral, or supportive statement",synthetic_tanglish
TCB3565,nice ah rest eduthuko macha,Tanglish,0,none,0,0,0,0,0,0,0,none,"normal, neutral, or supportive statement",synthetic_tanglish
TCB3566,seri food saptiya honestly,Tanglish,0,none,0,0,0,0,0,0,0,none,"normal, neutral, or supportive statement",synthetic_tanglish
TCB3567,true bro naalaikku continue pannalam honestly,Tanglish,0,none,0,0,0,0,0,0,0,none,"normal, neutral, or supportive statement",synthetic_tanglish
TCB3568,meeting five mani ku irukku macha,Tanglish,0,none,0,0,0,0,0,0,0,none,"normal, neutral, or supportive statement",synthetic_tanglish
TCB3569,ava avanga group ah support panna koodadhu online la,Tanglish,1,group,0,0,0,1,0,0,0,high,group-targeted hateful language,synthetic_tanglish
TCB3570,seriously avanga ellarum same madhiri social media la nu,Tanglish,1,group,0,0,0,1,0,0,0,medium,group-targeted hateful language,synthetic_tanglish
TCB3571,ava personal appearance ah target panni tease pannadha chat la macha,Tanglish,1,other,0,0,0,0,1,0,0,medium,unwanted sexualized or appearance-based harassment,synthetic_tanglish
TCB3572,seri rest eduthuko la,Tanglish,0,none,0,0,0,0,0,0,0,none,"normal, neutral, or supportive statement",synthetic_tanglish
TCB3573,seri database update panniten 👍,Tanglish,0,none,0,0,0,0,0,0,0,none,"normal, neutral, or supportive statement",synthetic_tanglish
TCB3574,nice ah class nalla irundhucha 👍,Tanglish,0,none,0,0,0,0,0,0,0,none,"normal, neutral, or supportive statement",synthetic_tanglish
TCB3575,macha avanga madhiri people inga vendaam da,Tanglish,1,group,0,0,0,1,0,0,0,high,group-targeted hateful language,synthetic_tanglish
TCB3576,da solution useful ah irukku inniku,Tanglish,0,none,0,0,0,0,0,0,0,none,"normal, neutral, or supportive statement",synthetic_tanglish
TCB3577,yes good job bro today,Tanglish,0,none,0,0,0,0,0,0,0,none,"normal, neutral, or supportive statement",synthetic_tanglish
TCB3578,nice ah movie epdi irundhuchu macha,Tanglish,0,none,0,0,0,0,0,0,0,none,"normal, neutral, or supportive statement",synthetic_tanglish
TCB3579,seriously unna beat panniduven inga poda,Tanglish,1,individual,0,1,1,0,0,0,0,medium,reference to physical harm,synthetic_tanglish
TCB3580,macha un effort romba nalla irukku la,Tanglish,0,none,0,0,0,0,0,0,0,none,"normal, neutral, or supportive statement",synthetic_tanglish
TCB3581,yes correct ah sonna,Tanglish,0,none,0,0,0,0,0,0,0,none,"normal, neutral, or supportive statement",synthetic_tanglish
TCB3582,podi loosu daily la,Tanglish,1,individual,0,0,0,0,0,0,1,medium,profane or abusive wording,synthetic_tanglish
TCB3583,seriously unakku edhuvume theriyadhu social media la nu,Tanglish,1,other,1,0,0,0,0,0,0,low,direct personal insult,synthetic_tanglish
TCB3584,seriously innoru message anuppina paathuko comment section la da,Tanglish,1,individual,0,1,0,0,0,0,0,medium,threatening language,synthetic_tanglish
TCB3585,bro ava mela unwanted comments podradhu harassment daily nu,Tanglish,1,individual,0,0,0,0,1,0,0,high,unwanted sexualized or appearance-based harassment,synthetic_tanglish
TCB3586,nee consent illama sexual request pannadha inga ah,Tanglish,1,individual,0,0,0,0,0,1,0,medium,unwanted sexual pressure or abusive sexual request,synthetic_tanglish
TCB3587,macha happy for your progress today,Tanglish,0,none,0,0,0,0,0,0,0,none,"normal, neutral, or supportive statement",synthetic_tanglish
TCB3588,ivan poda mental message la da,Tanglish,1,other,0,0,0,0,0,0,1,medium,profane or abusive wording,synthetic_tanglish
TCB3589,seri inniku session epdi pochu today,Tanglish,0,none,0,0,0,0,0,0,0,none,"normal, neutral, or supportive statement",synthetic_tanglish
TCB3590,seri food saptiya today,Tanglish,0,none,0,0,0,0,0,0,0,none,"normal, neutral, or supportive statement",synthetic_tanglish
TCB3591,all the best da nu,Tanglish,0,none,0,0,0,0,0,0,0,none,"normal, neutral, or supportive statement",synthetic_tanglish
TCB3592,true bro rest eduthuko nu,Tanglish,0,none,0,0,0,0,0,0,0,none,"normal, neutral, or supportive statement",synthetic_tanglish
TCB3593,nee daily improve aagite irukka honestly,Tanglish,0,none,0,0,0,0,0,0,0,none,"normal, neutral, or supportive statement",synthetic_tanglish
TCB3594,seri naalaikku continue pannalam da,Tanglish,0,none,0,0,0,0,0,0,0,none,"normal, neutral, or supportive statement",synthetic_tanglish
TCB3595,ava unnoda actions ku answer kudukkanum social media la nu,Tanglish,1,other,0,1,1,0,0,0,0,high,threatening language,synthetic_tanglish
TCB3596,bro database update panniten la,Tanglish,0,none,0,0,0,0,0,0,0,none,"normal, neutral, or supportive statement",synthetic_tanglish
TCB3597,honestly seri paakalam nu,Tanglish,0,none,0,0,0,0,0,0,0,none,"normal, neutral, or supportive statement",synthetic_tanglish
TCB3598,da naalaikku continue pannalam,Tanglish,0,none,0,0,0,0,0,0,0,none,"normal, neutral, or supportive statement",synthetic_tanglish
TCB3599,listen online la unwanted sexual attention kudukkadha social media la ippo,Tanglish,1,other,0,0,0,0,1,0,0,medium,unwanted sexualized or appearance-based harassment,synthetic_tanglish
TCB3600,ava nee romba stupid comment section la podi,Tanglish,1,individual,1,0,0,0,0,0,1,low,direct personal insult,synthetic_tanglish
TCB3601,ivan nee inga vandha unakku problem social media la nu,Tanglish,1,individual,0,1,0,0,0,0,0,medium,threatening language,synthetic_tanglish
TCB3602,dei nee private photo share panna force pannadha intha post la da,Tanglish,1,individual,0,0,0,0,1,1,0,medium,unwanted sexual pressure or abusive sexual request,synthetic_tanglish
TCB3603,poda loosu message la bro,Tanglish,1,individual,0,0,0,0,0,0,1,low,profane or abusive wording,synthetic_tanglish
TCB3604,nice ah super ah panniruka macha,Tanglish,0,none,0,0,0,0,0,0,0,none,"normal, neutral, or supportive statement",synthetic_tanglish
TCB3605,bro nee oru waste fellow chat la ippo,Tanglish,1,individual,1,0,0,0,0,0,0,low,direct personal insult,synthetic_tanglish
TCB3606,da movie epdi irundhuchu honestly,Tanglish,0,none,0,0,0,0,0,0,0,none,"normal, neutral, or supportive statement",synthetic_tanglish
TCB3607,macha unna vida maaten nu nenachuko chat la da,Tanglish,1,individual,0,1,0,0,0,0,0,medium,threatening language,synthetic_tanglish
TCB3608,yes class nalla irundhucha nu,Tanglish,0,none,0,0,0,0,0,0,0,none,"normal, neutral, or supportive statement",synthetic_tanglish
TCB3609,bro semma performance,Tanglish,0,none,0,0,0,0,0,0,0,none,"normal, neutral, or supportive statement",synthetic_tanglish
TCB3610,actually naan unakku support panren nu,Tanglish,0,none,0,0,0,0,0,0,0,none,"normal, neutral, or supportive statement",synthetic_tanglish
TCB3611,bro podi loosu comment section la,Tanglish,1,individual,1,0,0,0,0,0,1,low,profane or abusive wording,synthetic_tanglish
TCB3612,actually thanks for helping me macha,Tanglish,0,none,0,0,0,0,0,0,0,none,"normal, neutral, or supportive statement",synthetic_tanglish
TCB3613,da seri paakalam macha,Tanglish,0,none,0,0,0,0,0,0,0,none,"normal, neutral, or supportive statement",synthetic_tanglish
TCB3614,listen online la unwanted sexual attention kudukkadha message la ippo,Tanglish,1,individual,0,0,0,0,1,0,0,high,unwanted sexualized or appearance-based harassment,synthetic_tanglish
TCB3615,ivan naan unna confront panren message la macha,Tanglish,1,individual,0,1,1,0,0,0,0,medium,threatening language,synthetic_tanglish
TCB3616,bro later discuss pannalam nu,Tanglish,0,none,0,0,0,0,0,0,0,none,"normal, neutral, or supportive statement",synthetic_tanglish
TCB3617,dei nee nee oru failure comment section la poda,Tanglish,1,individual,1,0,0,0,0,0,0,low,direct personal insult,synthetic_tanglish
TCB3618,bro nee daily improve aagite irukka nu,Tanglish,0,none,0,0,0,0,0,0,0,none,"normal, neutral, or supportive statement",synthetic_tanglish
TCB3619,seriously personal appearance ah target panni tease pannadha nu,Tanglish,1,other,0,0,0,0,1,0,0,high,unwanted sexualized or appearance-based harassment,synthetic_tanglish
TCB3620,bro nee total dummy chat la poda,Tanglish,1,individual,1,0,0,0,0,0,1,medium,direct personal insult,synthetic_tanglish
TCB3621,listen dei mokka podi,Tanglish,1,other,1,0,0,0,0,0,1,medium,profane or abusive wording,synthetic_tanglish
TCB3622,bro all the best da inniku,Tanglish,0,none,0,0,0,0,0,0,0,none,"normal, neutral, or supportive statement",synthetic_tanglish
TCB3623,macha happy for your progress da,Tanglish,0,none,0,0,0,0,0,0,0,none,"normal, neutral, or supportive statement",synthetic_tanglish
TCB3624,listen consent illama sexual request pannadha comment section la nu,Tanglish,1,individual,0,0,0,0,0,1,0,high,unwanted sexual pressure or abusive sexual request,synthetic_tanglish
TCB3625,ivan unna hurt panniduven message la poda,Tanglish,1,individual,0,1,1,0,0,0,0,medium,reference to physical harm,synthetic_tanglish
TCB3626,yes presentation clear ah irundhuchu la,Tanglish,0,none,0,0,0,0,0,0,0,none,"normal, neutral, or supportive statement",synthetic_tanglish
TCB3627,nice ah team work nalla pannenga da,Tanglish,0,none,0,0,0,0,0,0,0,none,"normal, neutral, or supportive statement",synthetic_tanglish
TCB3628,true bro class nalla irundhucha nu,Tanglish,0,none,0,0,0,0,0,0,0,none,"normal, neutral, or supportive statement",synthetic_tanglish
TCB3629,bro avanai poi adichidu intha post la podi,Tanglish,1,other,0,1,1,0,0,0,0,high,reference to physical harm,synthetic_tanglish
TCB3630,macha unwanted sexual message anuppadha public ah da,Tanglish,1,individual,0,0,0,0,0,1,0,high,unwanted sexual pressure or abusive sexual request,synthetic_tanglish
TCB3631,seri nice explanation da,Tanglish,0,none,0,0,0,0,0,0,0,none,"normal, neutral, or supportive statement",synthetic_tanglish
TCB3632,listen nee pesuradhellam mokka chat la la,Tanglish,1,individual,1,0,0,0,0,0,1,low,direct personal insult,synthetic_tanglish
TCB3633,listen andha group people ellam mosam intha post la la,Tanglish,1,group,0,0,0,1,0,0,0,high,group-targeted hateful language,synthetic_tanglish
TCB3634,unwanted sexual message anuppadha la,Tanglish,1,individual,0,0,0,0,0,1,0,high,unwanted sexual pressure or abusive sexual request,synthetic_tanglish
TCB3635,nee dei mokka message la macha,Tanglish,1,individual,1,0,0,0,0,0,1,medium,profane or abusive wording,synthetic_tanglish
TCB3636,honestly thanks for helping me 👍,Tanglish,0,none,0,0,0,0,0,0,0,none,"normal, neutral, or supportive statement",synthetic_tanglish
TCB3637,dei podi loosu poda,Tanglish,1,individual,1,0,0,0,0,0,1,low,profane or abusive wording,synthetic_tanglish
TCB3638,listen private content force panna vendam social media la podi,Tanglish,1,individual,0,0,0,0,1,1,0,high,unwanted sexual pressure or abusive sexual request,synthetic_tanglish
TCB3639,dei nee sexual content anuppi disturb panna koodadhu message la podi,Tanglish,1,individual,0,0,0,0,0,1,0,high,unwanted sexual pressure or abusive sexual request,synthetic_tanglish
TCB3640,ivan nee stop pannalana problem aagum social media la poda,Tanglish,1,individual,0,1,1,0,0,0,0,medium,threatening language,synthetic_tanglish
TCB3641,dei unwanted sexual message anuppadha bro,Tanglish,1,other,0,0,0,0,1,1,0,medium,unwanted sexual pressure or abusive sexual request,synthetic_tanglish
TCB3642,nice ah nee nalla work pannita today,Tanglish,0,none,0,0,0,0,0,0,0,none,"normal, neutral, or supportive statement",synthetic_tanglish
TCB3643,true bro naan unakku support panren today,Tanglish,0,none,0,0,0,0,0,0,0,none,"normal, neutral, or supportive statement",synthetic_tanglish
TCB3644,honestly project nalla develop aaguthu,Tanglish,0,none,0,0,0,0,0,0,0,none,"normal, neutral, or supportive statement",synthetic_tanglish
TCB3645,nice ah team work nalla pannenga inniku,Tanglish,0,none,0,0,0,0,0,0,0,none,"normal, neutral, or supportive statement",synthetic_tanglish
TCB3646,da semma performance da,Tanglish,0,none,0,0,0,0,0,0,0,none,"normal, neutral, or supportive statement",synthetic_tanglish
TCB3647,dei nee unakku edhuvume theriyadhu social media la podi,Tanglish,1,other,1,0,0,0,0,0,0,low,direct personal insult,synthetic_tanglish
TCB3648,honestly food saptiya bro,Tanglish,0,none,0,0,0,0,0,0,0,none,"normal, neutral, or supportive statement",synthetic_tanglish
TCB3649,honestly solution useful ah irukku bro,Tanglish,0,none,0,0,0,0,0,0,0,none,"normal, neutral, or supportive statement",synthetic_tanglish
TCB3650,honestly un effort romba nalla irukku la,Tanglish,0,none,0,0,0,0,0,0,0,none,"normal, neutral, or supportive statement",synthetic_tanglish
TCB3651,nee ava mela unwanted comments podradhu harassment online la macha,Tanglish,1,individual,0,0,0,0,1,0,0,medium,unwanted sexualized or appearance-based harassment,synthetic_tanglish
TCB3652,macha private content force panna vendam message la macha,Tanglish,1,individual,0,0,0,0,0,1,0,medium,unwanted sexual pressure or abusive sexual request,synthetic_tanglish
TCB3653,un photo paathu sexual comments podradhu wrong social media la bro,Tanglish,1,individual,0,0,0,0,1,0,0,medium,unwanted sexualized or appearance-based harassment,synthetic_tanglish
TCB3654,dei nee un appearance pathi unwanted comment poda vendam daily da,Tanglish,1,individual,0,0,0,0,1,0,0,medium,unwanted sexualized or appearance-based harassment,synthetic_tanglish
TCB3655,semma performance today,Tanglish,0,none,0,0,0,0,0,0,0,none,"normal, neutral, or supportive statement",synthetic_tanglish
TCB3656,dei andha people ellam problem public ah macha,Tanglish,1,group,0,0,0,1,0,0,0,medium,group-targeted hateful language,synthetic_tanglish
TCB3657,true bro solution useful ah irukku 👍,Tanglish,0,none,0,0,0,0,0,0,0,none,"normal, neutral, or supportive statement",synthetic_tanglish
TCB3658,listen avanga ellarum same madhiri intha post la poda,Tanglish,1,group,0,0,0,1,0,0,0,high,group-targeted hateful language,synthetic_tanglish
TCB3659,seri naan unakku support panren today,Tanglish,0,none,0,0,0,0,0,0,0,none,"normal, neutral, or supportive statement",synthetic_tanglish
TCB3660,un brain enga pochu daily da,Tanglish,1,individual,1,0,0,0,0,0,0,low,direct personal insult,synthetic_tanglish
TCB3661,da naalaikku continue pannalam la,Tanglish,0,none,0,0,0,0,0,0,0,none,"normal, neutral, or supportive statement",synthetic_tanglish
TCB3662,macha assignment submit pannitiya honestly,Tanglish,0,none,0,0,0,0,0,0,0,none,"normal, neutral, or supportive statement",synthetic_tanglish
TCB3663,ava un body pathi public ah pesa vendam comment section la podi,Tanglish,1,individual,0,0,0,0,1,0,0,high,unwanted sexualized or appearance-based harassment,synthetic_tanglish
TCB3664,macha andha community ah nambave mudiyadhu social media la,Tanglish,1,group,0,0,0,1,0,0,0,high,group-targeted hateful language,synthetic_tanglish
TCB3665,nee podi loosu daily la,Tanglish,1,individual,0,0,0,0,0,0,1,low,profane or abusive wording,synthetic_tanglish
TCB3666,dei nee ava mela unwanted comments podradhu harassment social media la,Tanglish,1,individual,0,0,0,0,1,0,0,high,unwanted sexualized or appearance-based harassment,synthetic_tanglish
TCB3667,unwanted sexual message anuppadha comment section la poda,Tanglish,1,individual,0,0,0,0,0,1,0,medium,unwanted sexual pressure or abusive sexual request,synthetic_tanglish
TCB3668,listen avanga ellarum same madhiri la,Tanglish,1,group,0,0,0,1,0,0,0,high,group-targeted hateful language,synthetic_tanglish
TCB3669,listen nee enna pannalum naan respond panren message la ippo,Tanglish,1,individual,0,1,1,0,0,0,0,medium,threatening language,synthetic_tanglish
TCB3670,actually database update panniten bro,Tanglish,0,none,0,0,0,0,0,0,0,none,"normal, neutral, or supportive statement",synthetic_tanglish
TCB3671,seriously unna hurt panniduven ippo,Tanglish,1,individual,0,1,1,0,0,0,0,medium,reference to physical harm,synthetic_tanglish
TCB3672,true bro good job bro nu,Tanglish,0,none,0,0,0,0,0,0,0,none,"normal, neutral, or supportive statement",synthetic_tanglish
TCB3673,later discuss pannalam,Tanglish,0,none,0,0,0,0,0,0,0,none,"normal, neutral, or supportive statement",synthetic_tanglish
TCB3674,honestly thanks for helping me macha,Tanglish,0,none,0,0,0,0,0,0,0,none,"normal, neutral, or supportive statement",synthetic_tanglish
TCB3675,all the best da 👍,Tanglish,0,none,0,0,0,0,0,0,0,none,"normal, neutral, or supportive statement",synthetic_tanglish
TCB3676,bro super ah panniruka macha,Tanglish,0,none,0,0,0,0,0,0,0,none,"normal, neutral, or supportive statement",synthetic_tanglish
TCB3677,yes indha idea useful ah irukku,Tanglish,0,none,0,0,0,0,0,0,0,none,"normal, neutral, or supportive statement",synthetic_tanglish
TCB3678,un effort romba nalla irukku da,Tanglish,0,none,0,0,0,0,0,0,0,none,"normal, neutral, or supportive statement",synthetic_tanglish
TCB3679,da project nalla develop aaguthu,Tanglish,0,none,0,0,0,0,0,0,0,none,"normal, neutral, or supportive statement",synthetic_tanglish
TCB3680,dei private content force panna vendam daily podi,Tanglish,1,individual,0,0,0,0,0,1,0,high,unwanted sexual pressure or abusive sexual request,synthetic_tanglish
TCB3681,dei nee un photo ku sexual comment podradhu wrong intha post la la,Tanglish,1,individual,0,0,0,0,1,0,0,high,unwanted sexualized or appearance-based harassment,synthetic_tanglish
TCB3682,bro correct ah sonna da,Tanglish,0,none,0,0,0,0,0,0,0,none,"normal, neutral, or supportive statement",synthetic_tanglish
TCB3683,code check pannitu sollu,Tanglish,0,none,0,0,0,0,0,0,0,none,"normal, neutral, or supportive statement",synthetic_tanglish
TCB3684,macha rest eduthuko today,Tanglish,0,none,0,0,0,0,0,0,0,none,"normal, neutral, or supportive statement",synthetic_tanglish
TCB3685,dei andha people ellam problem chat la bro,Tanglish,1,group,0,0,0,1,0,0,0,high,group-targeted hateful language,synthetic_tanglish
TCB3686,yes un effort romba nalla irukku la,Tanglish,0,none,0,0,0,0,0,0,0,none,"normal, neutral, or supportive statement",synthetic_tanglish
TCB3687,yes naalaikku continue pannalam nu,Tanglish,0,none,0,0,0,0,0,0,0,none,"normal, neutral, or supportive statement",synthetic_tanglish
TCB3688,macha nice explanation bro,Tanglish,0,none,0,0,0,0,0,0,0,none,"normal, neutral, or supportive statement",synthetic_tanglish
TCB3689,bro keep going bro,Tanglish,0,none,0,0,0,0,0,0,0,none,"normal, neutral, or supportive statement",synthetic_tanglish
TCB3690,macha naan unakku support panren macha,Tanglish,0,none,0,0,0,0,0,0,0,none,"normal, neutral, or supportive statement",synthetic_tanglish
TCB3691,bro food saptiya da,Tanglish,0,none,0,0,0,0,0,0,0,none,"normal, neutral, or supportive statement",synthetic_tanglish
TCB3692,andha community people romba kevalam message la da,Tanglish,1,group,0,0,0,1,0,0,0,high,group-targeted hateful language,synthetic_tanglish
TCB3693,ava poda poi velaiya paaru social media la,Tanglish,1,individual,1,0,0,0,0,0,1,medium,profane or abusive wording,synthetic_tanglish
TCB3694,macha seri paakalam nu,Tanglish,0,none,0,0,0,0,0,0,0,none,"normal, neutral, or supportive statement",synthetic_tanglish
TCB3695,dei nee un body ah comment panni disturb pannadha message la macha,Tanglish,1,other,0,0,0,0,1,0,0,high,unwanted sexualized or appearance-based harassment,synthetic_tanglish
TCB3696,macha unna beat panniduven comment section la nu,Tanglish,1,individual,0,0,1,0,0,0,0,high,reference to physical harm,synthetic_tanglish
TCB3697,nee un appearance pathi unwanted comment poda vendam intha post la bro,Tanglish,1,individual,0,0,0,0,1,0,0,medium,unwanted sexualized or appearance-based harassment,synthetic_tanglish
TCB3698,honestly nee daily improve aagite irukka today,Tanglish,0,none,0,0,0,0,0,0,0,none,"normal, neutral, or supportive statement",synthetic_tanglish
TCB3699,listen online la unwanted sexual attention kudukkadha da,Tanglish,1,other,0,0,0,0,1,0,0,high,unwanted sexualized or appearance-based harassment,synthetic_tanglish
TCB3700,bro good job bro nu,Tanglish,0,none,0,0,0,0,0,0,0,none,"normal, neutral, or supportive statement",synthetic_tanglish
TCB3701,honestly naalaikku continue pannalam da,Tanglish,0,none,0,0,0,0,0,0,0,none,"normal, neutral, or supportive statement",synthetic_tanglish
TCB3702,code check pannitu sollu la,Tanglish,0,none,0,0,0,0,0,0,0,none,"normal, neutral, or supportive statement",synthetic_tanglish
TCB3703,nice ah presentation clear ah irundhuchu bro,Tanglish,0,none,0,0,0,0,0,0,0,none,"normal, neutral, or supportive statement",synthetic_tanglish
TCB3704,all the best da bro,Tanglish,0,none,0,0,0,0,0,0,0,none,"normal, neutral, or supportive statement",synthetic_tanglish
TCB3705,nice ah good job bro inniku,Tanglish,0,none,0,0,0,0,0,0,0,none,"normal, neutral, or supportive statement",synthetic_tanglish
TCB3706,listen un photo paathu sexual comments podradhu wrong inga ah,Tanglish,1,individual,0,0,0,0,1,0,0,high,unwanted sexualized or appearance-based harassment,synthetic_tanglish
TCB3707,seri solution useful ah irukku today,Tanglish,0,none,0,0,0,0,0,0,0,none,"normal, neutral, or supportive statement",synthetic_tanglish
TCB3708,dei nee online la unwanted sexual attention kudukkadha online la macha,Tanglish,1,individual,0,0,0,0,1,0,0,high,unwanted sexualized or appearance-based harassment,synthetic_tanglish
TCB3709,seri team work nalla pannenga bro,Tanglish,0,none,0,0,0,0,0,0,0,none,"normal, neutral, or supportive statement",synthetic_tanglish
TCB3710,honestly presentation clear ah irundhuchu inniku,Tanglish,0,none,0,0,0,0,0,0,0,none,"normal, neutral, or supportive statement",synthetic_tanglish
TCB3711,nee innoru message anuppina paathuko social media la ah,Tanglish,1,individual,0,1,0,0,0,0,0,medium,threatening language,synthetic_tanglish
TCB3712,seri seri paakalam bro,Tanglish,0,none,0,0,0,0,0,0,0,none,"normal, neutral, or supportive statement",synthetic_tanglish
TCB3713,dei nee unna hurt panniduven social media la nu,Tanglish,1,individual,0,0,1,0,0,0,0,medium,reference to physical harm,synthetic_tanglish
TCB3714,unna adichiduven online la podi,Tanglish,1,other,0,0,1,0,0,0,0,medium,reference to physical harm,synthetic_tanglish
TCB3715,macha po da inga irundhu chat la poda,Tanglish,1,individual,0,0,0,0,0,0,1,medium,profane or abusive wording,synthetic_tanglish
TCB3716,dei nee poda waste intha post la macha,Tanglish,1,other,0,0,0,0,0,0,1,medium,profane or abusive wording,synthetic_tanglish
TCB3717,food saptiya bro,Tanglish,0,none,0,0,0,0,0,0,0,none,"normal, neutral, or supportive statement",synthetic_tanglish
TCB3718,yes code check pannitu sollu honestly,Tanglish,0,none,0,0,0,0,0,0,0,none,"normal, neutral, or supportive statement",synthetic_tanglish
TCB3719,nice ah class nalla irundhucha bro,Tanglish,0,none,0,0,0,0,0,0,0,none,"normal, neutral, or supportive statement",synthetic_tanglish
TCB3720,dei nee innoru message anuppina paathuko comment section la podi,Tanglish,1,other,0,1,0,0,0,0,0,medium,threatening language,synthetic_tanglish
TCB3721,macha thanks for helping me macha,Tanglish,0,none,0,0,0,0,0,0,0,none,"normal, neutral, or supportive statement",synthetic_tanglish
TCB3722,dei ava mela unwanted comments podradhu harassment social media la macha,Tanglish,1,individual,0,0,0,0,1,0,0,high,unwanted sexualized or appearance-based harassment,synthetic_tanglish
TCB3723,listen un appearance pathi unwanted comment poda vendam online la nu,Tanglish,1,other,0,0,0,0,1,0,0,high,unwanted sexualized or appearance-based harassment,synthetic_tanglish
TCB3724,da un effort romba nalla irukku inniku,Tanglish,0,none,0,0,0,0,0,0,0,none,"normal, neutral, or supportive statement",synthetic_tanglish
TCB3725,ivan unwanted sexual message anuppadha daily ah,Tanglish,1,individual,0,0,0,0,0,1,0,high,unwanted sexual pressure or abusive sexual request,synthetic_tanglish
TCB3726,dei nee consent illama private photo kekkadha message la da,Tanglish,1,individual,0,0,0,0,1,1,0,high,unwanted sexual pressure or abusive sexual request,synthetic_tanglish
TCB3727,seriously nee pesuradhellam mokka online la bro,Tanglish,1,other,1,0,0,0,0,0,0,medium,direct personal insult,synthetic_tanglish
TCB3728,dei nee unakku consequences irukkum chat la,Tanglish,1,individual,0,1,1,0,0,0,0,high,threatening language,synthetic_tanglish
TCB3729,listen online la unwanted sexual attention kudukkadha daily ippo,Tanglish,1,other,0,0,0,0,1,0,0,high,unwanted sexualized or appearance-based harassment,synthetic_tanglish
TCB3730,nee unakku physical harm panniduven intha post la,Tanglish,1,individual,0,0,1,0,0,0,0,medium,reference to physical harm,synthetic_tanglish
TCB3731,actually indha idea useful ah irukku macha,Tanglish,0,none,0,0,0,0,0,0,0,none,"normal, neutral, or supportive statement",synthetic_tanglish
TCB3732,honestly nee daily improve aagite irukka la,Tanglish,0,none,0,0,0,0,0,0,0,none,"normal, neutral, or supportive statement",synthetic_tanglish
TCB3733,ava un body pathi public ah pesa vendam online la macha,Tanglish,1,other,0,0,0,0,1,0,0,high,unwanted sexualized or appearance-based harassment,synthetic_tanglish
TCB3734,true bro nice explanation inniku,Tanglish,0,none,0,0,0,0,0,0,0,none,"normal, neutral, or supportive statement",synthetic_tanglish
TCB3735,seri keep going bro da,Tanglish,0,none,0,0,0,0,0,0,0,none,"normal, neutral, or supportive statement",synthetic_tanglish
TCB3736,yes meeting five mani ku irukku nu,Tanglish,0,none,0,0,0,0,0,0,0,none,"normal, neutral, or supportive statement",synthetic_tanglish
TCB3737,listen andha community people romba kevalam daily ah,Tanglish,1,group,0,0,0,1,0,0,0,high,group-targeted hateful language,synthetic_tanglish
TCB3738,listen nee stop pannalana problem aagum public ah bro,Tanglish,1,other,0,1,1,0,0,0,0,high,threatening language,synthetic_tanglish
TCB3739,ava poda waste public ah poda,Tanglish,1,individual,0,0,0,0,0,0,1,low,profane or abusive wording,synthetic_tanglish
TCB3740,ava nee oru useless fellow intha post la,Tanglish,1,other,1,0,0,0,0,0,1,medium,direct personal insult,synthetic_tanglish
TCB3741,bro unakku common sense illa daily podi,Tanglish,1,other,1,0,0,0,0,0,0,medium,direct personal insult,synthetic_tanglish
TCB3742,dei sexual pressure kudukka koodadhu inga da,Tanglish,1,individual,0,0,0,0,0,1,0,high,unwanted sexual pressure or abusive sexual request,synthetic_tanglish
TCB3743,bro code check pannitu sollu nu,Tanglish,0,none,0,0,0,0,0,0,0,none,"normal, neutral, or supportive statement",synthetic_tanglish
TCB3744,ava nee oru embarrassment inga nu,Tanglish,1,individual,1,0,0,0,0,0,0,medium,direct personal insult,synthetic_tanglish
TCB3745,unakku consequences irukkum message la ah,Tanglish,1,individual,0,1,0,0,0,0,0,medium,threatening language,synthetic_tanglish
TCB3746,true bro nee daily improve aagite irukka la,Tanglish,0,none,0,0,0,0,0,0,0,none,"normal, neutral, or supportive statement",synthetic_tanglish
TCB3747,true bro solution useful ah irukku la,Tanglish,0,none,0,0,0,0,0,0,0,none,"normal, neutral, or supportive statement",synthetic_tanglish
TCB3748,yes movie epdi irundhuchu bro,Tanglish,0,none,0,0,0,0,0,0,0,none,"normal, neutral, or supportive statement",synthetic_tanglish
TCB3749,yes correct ah sonna inniku,Tanglish,0,none,0,0,0,0,0,0,0,none,"normal, neutral, or supportive statement",synthetic_tanglish
TCB3750,bro good job bro la,Tanglish,0,none,0,0,0,0,0,0,0,none,"normal, neutral, or supportive statement",synthetic_tanglish
TCB3751,macha unna vida maaten nu nenachuko online la macha,Tanglish,1,individual,0,1,1,0,0,0,0,high,threatening language,synthetic_tanglish
TCB3752,yes super ah panniruka nu,Tanglish,0,none,0,0,0,0,0,0,0,none,"normal, neutral, or supportive statement",synthetic_tanglish
TCB3753,macha online la unwanted sexual attention kudukkadha inga da,Tanglish,1,individual,0,0,0,0,1,0,0,medium,unwanted sexualized or appearance-based harassment,synthetic_tanglish
TCB3754,thanks for helping me,Tanglish,0,none,0,0,0,0,0,0,0,none,"normal, neutral, or supportive statement",synthetic_tanglish
TCB3755,dei un brain enga pochu public ah nu,Tanglish,1,individual,1,0,0,0,0,0,0,low,direct personal insult,synthetic_tanglish
TCB3756,seri happy for your progress la,Tanglish,0,none,0,0,0,0,0,0,0,none,"normal, neutral, or supportive statement",synthetic_tanglish
TCB3757,honestly meeting five mani ku irukku la,Tanglish,0,none,0,0,0,0,0,0,0,none,"normal, neutral, or supportive statement",synthetic_tanglish
TCB3758,macha un photo ku sexual comment podradhu wrong comment section la,Tanglish,1,individual,0,0,0,0,1,0,0,high,unwanted sexualized or appearance-based harassment,synthetic_tanglish
TCB3759,bro seri paakalam today,Tanglish,0,none,0,0,0,0,0,0,0,none,"normal, neutral, or supportive statement",synthetic_tanglish
TCB3760,honestly super ah panniruka inniku,Tanglish,0,none,0,0,0,0,0,0,0,none,"normal, neutral, or supportive statement",synthetic_tanglish
TCB3761,bro all the best da 👍,Tanglish,0,none,0,0,0,0,0,0,0,none,"normal, neutral, or supportive statement",synthetic_tanglish
TCB3762,later discuss pannalam nu,Tanglish,0,none,0,0,0,0,0,0,0,none,"normal, neutral, or supportive statement",synthetic_tanglish
TCB3763,macha meeting five mani ku irukku,Tanglish,0,none,0,0,0,0,0,0,0,none,"normal, neutral, or supportive statement",synthetic_tanglish
TCB3764,yes seri paakalam bro,Tanglish,0,none,0,0,0,0,0,0,0,none,"normal, neutral, or supportive statement",synthetic_tanglish
TCB3765,actually happy for your progress,Tanglish,0,none,0,0,0,0,0,0,0,none,"normal, neutral, or supportive statement",synthetic_tanglish
TCB3766,nee nee enna pannalum naan respond panren comment section la nu,Tanglish,1,individual,0,1,0,0,0,0,0,high,threatening language,synthetic_tanglish
TCB3767,ava naan unna confront panren inga podi,Tanglish,1,individual,0,1,0,0,0,0,0,high,threatening language,synthetic_tanglish
TCB3768,nice ah database update panniten 👍,Tanglish,0,none,0,0,0,0,0,0,0,none,"normal, neutral, or supportive statement",synthetic_tanglish
TCB3769,ava unakku physical harm panniduven message la macha,Tanglish,1,other,0,0,1,0,0,0,0,medium,reference to physical harm,synthetic_tanglish
TCB3770,da all the best da macha,Tanglish,0,none,0,0,0,0,0,0,0,none,"normal, neutral, or supportive statement",synthetic_tanglish
TCB3771,seriously consent illama private photo kekkadha podi,Tanglish,1,other,0,0,0,0,1,1,0,high,unwanted sexual pressure or abusive sexual request,synthetic_tanglish
TCB3772,nice ah inniku session epdi pochu today,Tanglish,0,none,0,0,0,0,0,0,0,none,"normal, neutral, or supportive statement",synthetic_tanglish
TCB3773,listen poda da inga poda,Tanglish,1,individual,0,0,0,0,0,0,1,low,profane or abusive wording,synthetic_tanglish
TCB3774,dei nee total dummy poda,Tanglish,1,other,1,0,0,0,0,0,1,medium,direct personal insult,synthetic_tanglish
TCB3775,dei dei mokka public ah da,Tanglish,1,individual,0,0,0,0,0,0,1,low,profane or abusive wording,synthetic_tanglish
TCB3776,listen innoru message anuppina paathuko chat la macha,Tanglish,1,other,0,1,0,0,0,0,0,high,threatening language,synthetic_tanglish
TCB3777,seri thanks for helping me honestly,Tanglish,0,none,0,0,0,0,0,0,0,none,"normal, neutral, or supportive statement",synthetic_tanglish
TCB3778,ivan un photo paathu sexual comments podradhu wrong message la la,Tanglish,1,individual,0,0,0,0,1,0,0,high,unwanted sexualized or appearance-based harassment,synthetic_tanglish
TCB3779,macha assignment submit pannitiya bro,Tanglish,0,none,0,0,0,0,0,0,0,none,"normal, neutral, or supportive statement",synthetic_tanglish
TCB3780,ava andha people ellam problem comment section la da,Tanglish,1,group,0,0,0,1,0,0,0,high,group-targeted hateful language,synthetic_tanglish
TCB3781,nice ah thanks for helping me today,Tanglish,0,none,0,0,0,0,0,0,0,none,"normal, neutral, or supportive statement",synthetic_tanglish
TCB3782,actually semma performance honestly,Tanglish,0,none,0,0,0,0,0,0,0,none,"normal, neutral, or supportive statement",synthetic_tanglish
TCB3783,seriously enna paaru naan unna paathukuren inga ippo,Tanglish,1,individual,0,1,0,0,0,0,0,medium,threatening language,synthetic_tanglish
TCB3784,ivan unakku basic knowledge kooda illa chat la poda,Tanglish,1,individual,1,0,0,0,0,0,1,low,direct personal insult,synthetic_tanglish
TCB3785,seriously andha group ellam useless online la nu,Tanglish,1,group,0,0,0,1,0,0,0,medium,group-targeted hateful language,synthetic_tanglish
TCB3786,bro unnoda actions ku answer kudukkanum intha post la macha,Tanglish,1,other,0,1,1,0,0,0,0,high,threatening language,synthetic_tanglish
TCB3787,macha andha community people romba kevalam daily ah,Tanglish,1,group,0,0,0,1,0,0,0,high,group-targeted hateful language,synthetic_tanglish
TCB3788,ava unna adichiduven daily poda,Tanglish,1,other,0,0,1,0,0,0,0,high,reference to physical harm,synthetic_tanglish
TCB3789,macha keep going bro today,Tanglish,0,none,0,0,0,0,0,0,0,none,"normal, neutral, or supportive statement",synthetic_tanglish
TCB3790,yes later discuss pannalam macha,Tanglish,0,none,0,0,0,0,0,0,0,none,"normal, neutral, or supportive statement",synthetic_tanglish
TCB3791,nee avanga ellarum same madhiri inga la,Tanglish,1,group,0,0,0,1,0,0,0,high,group-targeted hateful language,synthetic_tanglish
TCB3792,da indha idea useful ah irukku da,Tanglish,0,none,0,0,0,0,0,0,0,none,"normal, neutral, or supportive statement",synthetic_tanglish
TCB3793,nice ah nee nalla work pannita,Tanglish,0,none,0,0,0,0,0,0,0,none,"normal, neutral, or supportive statement",synthetic_tanglish
TCB3794,seriously avanai poi adichidu public ah bro,Tanglish,1,individual,0,0,1,0,0,0,0,medium,reference to physical harm,synthetic_tanglish
TCB3795,yes happy for your progress nu,Tanglish,0,none,0,0,0,0,0,0,0,none,"normal, neutral, or supportive statement",synthetic_tanglish
TCB3796,seriously unna adichiduven message la da,Tanglish,1,individual,0,0,1,0,0,0,0,high,reference to physical harm,synthetic_tanglish
TCB3797,macha database update panniten 👍,Tanglish,0,none,0,0,0,0,0,0,0,none,"normal, neutral, or supportive statement",synthetic_tanglish
TCB3798,bro unna hurt panniduven macha,Tanglish,1,individual,0,1,1,0,0,0,0,medium,reference to physical harm,synthetic_tanglish
TCB3799,bro later discuss pannalam,Tanglish,0,none,0,0,0,0,0,0,0,none,"normal, neutral, or supportive statement",synthetic_tanglish
TCB3800,dei consent illama private photo kekkadha inga da,Tanglish,1,individual,0,0,0,0,0,1,0,medium,unwanted sexual pressure or abusive sexual request,synthetic_tanglish
TCB3801,dei nee unwanted sexual message anuppadha online la ippo,Tanglish,1,other,0,0,0,0,0,1,0,high,unwanted sexual pressure or abusive sexual request,synthetic_tanglish
TCB3802,seri solution useful ah irukku,Tanglish,0,none,0,0,0,0,0,0,0,none,"normal, neutral, or supportive statement",synthetic_tanglish
TCB3803,true bro super ah panniruka la,Tanglish,0,none,0,0,0,0,0,0,0,none,"normal, neutral, or supportive statement",synthetic_tanglish
TCB3804,true bro food saptiya bro,Tanglish,0,none,0,0,0,0,0,0,0,none,"normal, neutral, or supportive statement",synthetic_tanglish
TCB3805,database update panniten la,Tanglish,0,none,0,0,0,0,0,0,0,none,"normal, neutral, or supportive statement",synthetic_tanglish
TCB3806,seriously un body pathi public ah pesa vendam daily macha,Tanglish,1,individual,0,0,0,0,1,0,0,medium,unwanted sexualized or appearance-based harassment,synthetic_tanglish
TCB3807,da class nalla irundhucha inniku,Tanglish,0,none,0,0,0,0,0,0,0,none,"normal, neutral, or supportive statement",synthetic_tanglish
TCB3808,ava unakku consequences irukkum message la nu,Tanglish,1,other,0,1,1,0,0,0,0,medium,threatening language,synthetic_tanglish
TCB3809,ava private photo share panna force pannadha comment section la,Tanglish,1,other,0,0,0,0,0,1,0,high,unwanted sexual pressure or abusive sexual request,synthetic_tanglish
TCB3810,dei sandaila unna adikka thonudhu poda,Tanglish,1,individual,0,1,1,0,0,0,0,medium,reference to physical harm,synthetic_tanglish
TCB3811,macha nee inga vandha unakku problem intha post la podi,Tanglish,1,other,0,1,1,0,0,0,0,medium,threatening language,synthetic_tanglish
TCB3812,true bro semma performance da,Tanglish,0,none,0,0,0,0,0,0,0,none,"normal, neutral, or supportive statement",synthetic_tanglish
TCB3813,listen andha group ellam useless public ah,Tanglish,1,group,0,0,0,1,0,0,0,high,group-targeted hateful language,synthetic_tanglish
TCB3814,seriously avanga madhiri people inga vendaam inga poda,Tanglish,1,group,0,0,0,1,0,0,0,high,group-targeted hateful language,synthetic_tanglish
TCB3815,nee nalla work pannita 👍,Tanglish,0,none,0,0,0,0,0,0,0,none,"normal, neutral, or supportive statement",synthetic_tanglish
TCB3816,seri un effort romba nalla irukku la,Tanglish,0,none,0,0,0,0,0,0,0,none,"normal, neutral, or supportive statement",synthetic_tanglish
TCB3817,seri happy for your progress bro,Tanglish,0,none,0,0,0,0,0,0,0,none,"normal, neutral, or supportive statement",synthetic_tanglish
TCB3818,nice ah rest eduthuko nu,Tanglish,0,none,0,0,0,0,0,0,0,none,"normal, neutral, or supportive statement",synthetic_tanglish
TCB3819,dei nee consent illama sexual request pannadha poda,Tanglish,1,other,0,0,0,0,1,1,0,medium,unwanted sexual pressure or abusive sexual request,synthetic_tanglish
TCB3820,bro innoru thadava ippadi pesina serious ah irukkum online la la,Tanglish,1,individual,0,1,0,0,0,0,0,high,threatening language,synthetic_tanglish
TCB3821,da food saptiya macha,Tanglish,0,none,0,0,0,0,0,0,0,none,"normal, neutral, or supportive statement",synthetic_tanglish
TCB3822,yes correct ah sonna nu,Tanglish,0,none,0,0,0,0,0,0,0,none,"normal, neutral, or supportive statement",synthetic_tanglish
TCB3823,nee nee oru joker public ah da,Tanglish,1,individual,1,0,0,0,0,0,0,medium,direct personal insult,synthetic_tanglish
TCB3824,bro food saptiya,Tanglish,0,none,0,0,0,0,0,0,0,none,"normal, neutral, or supportive statement",synthetic_tanglish
TCB3825,honestly inniku session epdi pochu la,Tanglish,0,none,0,0,0,0,0,0,0,none,"normal, neutral, or supportive statement",synthetic_tanglish
TCB3826,honestly nee daily improve aagite irukka,Tanglish,0,none,0,0,0,0,0,0,0,none,"normal, neutral, or supportive statement",synthetic_tanglish
TCB3827,honestly code check pannitu sollu today,Tanglish,0,none,0,0,0,0,0,0,0,none,"normal, neutral, or supportive statement",synthetic_tanglish
TCB3828,dei unakku nalla warning idhu podi,Tanglish,1,other,0,1,1,0,0,0,0,medium,threatening language,synthetic_tanglish
TCB3829,listen consent illama private photo kekkadha comment section la ah,Tanglish,1,individual,0,0,0,0,1,1,0,high,unwanted sexual pressure or abusive sexual request,synthetic_tanglish
TCB3830,listen sexual pressure kudukka koodadhu message la ippo,Tanglish,1,individual,0,0,0,0,0,1,0,medium,unwanted sexual pressure or abusive sexual request,synthetic_tanglish
TCB3831,project nalla develop aaguthu macha,Tanglish,0,none,0,0,0,0,0,0,0,none,"normal, neutral, or supportive statement",synthetic_tanglish
TCB3832,da rest eduthuko bro,Tanglish,0,none,0,0,0,0,0,0,0,none,"normal, neutral, or supportive statement",synthetic_tanglish
TCB3833,true bro super ah panniruka macha,Tanglish,0,none,0,0,0,0,0,0,0,none,"normal, neutral, or supportive statement",synthetic_tanglish
TCB3834,true bro happy for your progress macha,Tanglish,0,none,0,0,0,0,0,0,0,none,"normal, neutral, or supportive statement",synthetic_tanglish
TCB3835,bro un brain enga pochu comment section la,Tanglish,1,individual,1,0,0,0,0,0,0,medium,direct personal insult,synthetic_tanglish
TCB3836,seri naan unakku support panren 👍,Tanglish,0,none,0,0,0,0,0,0,0,none,"normal, neutral, or supportive statement",synthetic_tanglish
TCB3837,unna hurt panniduven intha post la podi,Tanglish,1,individual,0,1,1,0,0,0,0,high,reference to physical harm,synthetic_tanglish
TCB3838,ivan andha group ellam useless comment section la ippo,Tanglish,1,group,0,0,0,1,0,0,0,high,group-targeted hateful language,synthetic_tanglish
TCB3839,seri meeting five mani ku irukku macha,Tanglish,0,none,0,0,0,0,0,0,0,none,"normal, neutral, or supportive statement",synthetic_tanglish
TCB3840,dei nee poda da social media la nu,Tanglish,1,other,1,0,0,0,0,0,1,low,profane or abusive wording,synthetic_tanglish
TCB3841,seriously unna physical ah attack panniduven ippo,Tanglish,1,individual,0,0,1,0,0,0,0,medium,reference to physical harm,synthetic_tanglish
TCB3842,dei nee unakku brain work aagala online la la,Tanglish,1,other,1,0,0,0,0,0,0,low,direct personal insult,synthetic_tanglish
TCB3843,listen unna hurt panniduven intha post la macha,Tanglish,1,other,0,0,1,0,0,0,0,high,reference to physical harm,synthetic_tanglish
TCB3844,dei nee consent illama private photo kekkadha public ah poda,Tanglish,1,other,0,0,0,0,0,1,0,medium,unwanted sexual pressure or abusive sexual request,synthetic_tanglish
TCB3845,seriously dei poda inga inga macha,Tanglish,1,individual,0,0,0,0,0,0,1,low,profane or abusive wording,synthetic_tanglish
TCB3846,ava dei summa iru daily macha,Tanglish,1,individual,0,0,0,0,0,0,1,low,profane or abusive wording,synthetic_tanglish
TCB3847,da correct ah sonna macha,Tanglish,0,none,0,0,0,0,0,0,0,none,"normal, neutral, or supportive statement",synthetic_tanglish
TCB3848,macha un performance romba kevalam daily ah,Tanglish,1,individual,1,0,0,0,0,0,0,low,direct personal insult,synthetic_tanglish
TCB3849,da un effort romba nalla irukku bro,Tanglish,0,none,0,0,0,0,0,0,0,none,"normal, neutral, or supportive statement",synthetic_tanglish
TCB3850,dei avanga ellarum same madhiri message la podi,Tanglish,1,group,0,0,0,1,0,0,0,high,group-targeted hateful language,synthetic_tanglish
TCB3851,nee fight panna vandha paathukalam online la ippo,Tanglish,1,individual,0,0,1,0,0,0,0,high,reference to physical harm,synthetic_tanglish
TCB3852,dei nee avanga group ah support panna koodadhu daily la,Tanglish,1,group,0,0,0,1,0,0,0,high,group-targeted hateful language,synthetic_tanglish
TCB3853,good job bro macha,Tanglish,0,none,0,0,0,0,0,0,0,none,"normal, neutral, or supportive statement",synthetic_tanglish
TCB3854,dei consent illama sexual request pannadha inga poda,Tanglish,1,individual,0,0,0,0,0,1,0,high,unwanted sexual pressure or abusive sexual request,synthetic_tanglish
TCB3855,bro project nalla develop aaguthu inniku,Tanglish,0,none,0,0,0,0,0,0,0,none,"normal, neutral, or supportive statement",synthetic_tanglish
TCB3856,actually un effort romba nalla irukku la,Tanglish,0,none,0,0,0,0,0,0,0,none,"normal, neutral, or supportive statement",synthetic_tanglish
TCB3857,nee private content force panna vendam inga podi,Tanglish,1,individual,0,0,0,0,1,1,0,high,unwanted sexual pressure or abusive sexual request,synthetic_tanglish
TCB3858,honestly code check pannitu sollu 👍,Tanglish,0,none,0,0,0,0,0,0,0,none,"normal, neutral, or supportive statement",synthetic_tanglish
TCB3859,dei podi loosu social media la bro,Tanglish,1,individual,0,0,0,0,0,0,1,medium,profane or abusive wording,synthetic_tanglish
TCB3860,macha poda da daily bro,Tanglish,1,individual,1,0,0,0,0,0,1,medium,profane or abusive wording,synthetic_tanglish
TCB3861,bro personal appearance ah target panni tease pannadha online la nu,Tanglish,1,individual,0,0,0,0,1,0,0,medium,unwanted sexualized or appearance-based harassment,synthetic_tanglish
TCB3862,bro all the best da,Tanglish,0,none,0,0,0,0,0,0,0,none,"normal, neutral, or supportive statement",synthetic_tanglish
TCB3863,macha rest eduthuko bro,Tanglish,0,none,0,0,0,0,0,0,0,none,"normal, neutral, or supportive statement",synthetic_tanglish
TCB3864,honestly nee nalla work pannita honestly,Tanglish,0,none,0,0,0,0,0,0,0,none,"normal, neutral, or supportive statement",synthetic_tanglish
TCB3865,seri later discuss pannalam honestly,Tanglish,0,none,0,0,0,0,0,0,0,none,"normal, neutral, or supportive statement",synthetic_tanglish
TCB3866,naan unakku support panren macha,Tanglish,0,none,0,0,0,0,0,0,0,none,"normal, neutral, or supportive statement",synthetic_tanglish
TCB3867,movie epdi irundhuchu 👍,Tanglish,0,none,0,0,0,0,0,0,0,none,"normal, neutral, or supportive statement",synthetic_tanglish
TCB3868,yes rest eduthuko inniku,Tanglish,0,none,0,0,0,0,0,0,0,none,"normal, neutral, or supportive statement",synthetic_tanglish
TCB3869,dei nee andha community people romba kevalam daily ah,Tanglish,1,group,0,0,0,1,0,0,0,medium,group-targeted hateful language,synthetic_tanglish
TCB3870,nee inga vandha unakku problem message la ah,Tanglish,1,individual,0,1,1,0,0,0,0,high,threatening language,synthetic_tanglish
TCB3871,ava unakku nalla warning idhu daily macha,Tanglish,1,individual,0,1,1,0,0,0,0,high,threatening language,synthetic_tanglish
TCB3872,nee un brain enga pochu chat la nu,Tanglish,1,individual,1,0,0,0,0,0,0,medium,direct personal insult,synthetic_tanglish
TCB3873,dei nee avanga group ah support panna koodadhu intha post la bro,Tanglish,1,group,0,0,0,1,0,0,0,medium,group-targeted hateful language,synthetic_tanglish
TCB3874,honestly class nalla irundhucha bro,Tanglish,0,none,0,0,0,0,0,0,0,none,"normal, neutral, or supportive statement",synthetic_tanglish
TCB3875,seriously nee oru waste fellow online la da,Tanglish,1,other,1,0,0,0,0,0,1,medium,direct personal insult,synthetic_tanglish
TCB3876,nee nee romba stupid public ah ippo,Tanglish,1,individual,1,0,0,0,0,0,1,medium,direct personal insult,synthetic_tanglish
TCB3877,thanks for helping me honestly,Tanglish,0,none,0,0,0,0,0,0,0,none,"normal, neutral, or supportive statement",synthetic_tanglish
TCB3878,dei unna damage panniduven inga da,Tanglish,1,individual,0,0,1,0,0,0,0,medium,reference to physical harm,synthetic_tanglish
TCB3879,macha unakku basic knowledge kooda illa inga ippo,Tanglish,1,individual,1,0,0,0,0,0,1,medium,direct personal insult,synthetic_tanglish
TCB3880,true bro nee nalla work pannita nu,Tanglish,0,none,0,0,0,0,0,0,0,none,"normal, neutral, or supportive statement",synthetic_tanglish
TCB3881,yes good job bro da,Tanglish,0,none,0,0,0,0,0,0,0,none,"normal, neutral, or supportive statement",synthetic_tanglish
TCB3882,ava unakku physical harm panniduven inga da,Tanglish,1,other,0,0,1,0,0,0,0,medium,reference to physical harm,synthetic_tanglish
TCB3883,bro presentation clear ah irundhuchu,Tanglish,0,none,0,0,0,0,0,0,0,none,"normal, neutral, or supportive statement",synthetic_tanglish
TCB3884,macha nee pesuradhellam mokka inga poda,Tanglish,1,other,1,0,0,0,0,0,1,low,direct personal insult,synthetic_tanglish
TCB3885,naalaikku continue pannalam macha,Tanglish,0,none,0,0,0,0,0,0,0,none,"normal, neutral, or supportive statement",synthetic_tanglish
TCB3886,bro code check pannitu sollu bro,Tanglish,0,none,0,0,0,0,0,0,0,none,"normal, neutral, or supportive statement",synthetic_tanglish
TCB3887,ivan unna adikka varuven inga poda,Tanglish,1,individual,0,0,1,0,0,0,0,medium,reference to physical harm,synthetic_tanglish
TCB3888,bro andha group ellam useless public ah podi,Tanglish,1,group,0,0,0,1,0,0,0,high,group-targeted hateful language,synthetic_tanglish
TCB3889,seriously podi poi ukkaru comment section la da,Tanglish,1,individual,0,0,0,0,0,0,1,low,profane or abusive wording,synthetic_tanglish
TCB3890,actually seri paakalam macha,Tanglish,0,none,0,0,0,0,0,0,0,none,"normal, neutral, or supportive statement",synthetic_tanglish
TCB3891,seri project nalla develop aaguthu,Tanglish,0,none,0,0,0,0,0,0,0,none,"normal, neutral, or supportive statement",synthetic_tanglish
TCB3892,actually team work nalla pannenga da,Tanglish,0,none,0,0,0,0,0,0,0,none,"normal, neutral, or supportive statement",synthetic_tanglish
TCB3893,dei nee podi loosu social media la ah,Tanglish,1,other,1,0,0,0,0,0,1,medium,profane or abusive wording,synthetic_tanglish
TCB3894,macha class nalla irundhucha inniku,Tanglish,0,none,0,0,0,0,0,0,0,none,"normal, neutral, or supportive statement",synthetic_tanglish
TCB3895,nice ah code check pannitu sollu la,Tanglish,0,none,0,0,0,0,0,0,0,none,"normal, neutral, or supportive statement",synthetic_tanglish
TCB3896,bro indha idea useful ah irukku today,Tanglish,0,none,0,0,0,0,0,0,0,none,"normal, neutral, or supportive statement",synthetic_tanglish
TCB3897,bro poda da social media la poda,Tanglish,1,other,0,0,0,0,0,0,1,low,profane or abusive wording,synthetic_tanglish
TCB3898,nee unna adichiduven message la ah,Tanglish,1,individual,0,0,1,0,0,0,0,medium,reference to physical harm,synthetic_tanglish
TCB3899,dei unakku edhuvume theriyadhu online la poda,Tanglish,1,individual,1,0,0,0,0,0,0,low,direct personal insult,synthetic_tanglish
TCB3900,dei nee sandaila unna adikka thonudhu chat la podi,Tanglish,1,individual,0,0,1,0,0,0,0,high,reference to physical harm,synthetic_tanglish
TCB3901,honestly nee nalla work pannita bro,Tanglish,0,none,0,0,0,0,0,0,0,none,"normal, neutral, or supportive statement",synthetic_tanglish
TCB3902,true bro solution useful ah irukku da,Tanglish,0,none,0,0,0,0,0,0,0,none,"normal, neutral, or supportive statement",synthetic_tanglish
TCB3903,ava unna physical ah attack panniduven chat la ippo,Tanglish,1,individual,0,0,1,0,0,0,0,high,reference to physical harm,synthetic_tanglish
TCB3904,seri rest eduthuko inniku,Tanglish,0,none,0,0,0,0,0,0,0,none,"normal, neutral, or supportive statement",synthetic_tanglish
TCB3905,macha semma performance la,Tanglish,0,none,0,0,0,0,0,0,0,none,"normal, neutral, or supportive statement",synthetic_tanglish
TCB3906,nee unakku physical harm panniduven online la bro,Tanglish,1,individual,0,1,1,0,0,0,0,medium,reference to physical harm,synthetic_tanglish
TCB3907,nee un body pathi public ah pesa vendam chat la nu,Tanglish,1,individual,0,0,0,0,1,0,0,medium,unwanted sexualized or appearance-based harassment,synthetic_tanglish
TCB3908,ivan un body pathi public ah pesa vendam online la la,Tanglish,1,individual,0,0,0,0,1,0,0,high,unwanted sexualized or appearance-based harassment,synthetic_tanglish
TCB3909,seriously nee stop pannalana problem aagum social media la bro,Tanglish,1,other,0,1,0,0,0,0,0,high,threatening language,synthetic_tanglish
TCB3910,poda da message la ippo,Tanglish,1,individual,1,0,0,0,0,0,1,low,profane or abusive wording,synthetic_tanglish
TCB3911,yes meeting five mani ku irukku today,Tanglish,0,none,0,0,0,0,0,0,0,none,"normal, neutral, or supportive statement",synthetic_tanglish
TCB3912,seri later discuss pannalam today,Tanglish,0,none,0,0,0,0,0,0,0,none,"normal, neutral, or supportive statement",synthetic_tanglish
TCB3913,indha idea useful ah irukku today,Tanglish,0,none,0,0,0,0,0,0,0,none,"normal, neutral, or supportive statement",synthetic_tanglish
TCB3914,seri meeting five mani ku irukku today,Tanglish,0,none,0,0,0,0,0,0,0,none,"normal, neutral, or supportive statement",synthetic_tanglish
TCB3915,bro later discuss pannalam da,Tanglish,0,none,0,0,0,0,0,0,0,none,"normal, neutral, or supportive statement",synthetic_tanglish
TCB3916,macha poda poi velaiya paaru inga la,Tanglish,1,individual,1,0,0,0,0,0,1,low,profane or abusive wording,synthetic_tanglish
TCB3917,actually indha idea useful ah irukku nu,Tanglish,0,none,0,0,0,0,0,0,0,none,"normal, neutral, or supportive statement",synthetic_tanglish
TCB3918,nice ah keep going bro da,Tanglish,0,none,0,0,0,0,0,0,0,none,"normal, neutral, or supportive statement",synthetic_tanglish
TCB3919,bro unakku common sense illa public ah la,Tanglish,1,individual,1,0,0,0,0,0,1,low,direct personal insult,synthetic_tanglish
TCB3920,da inniku session epdi pochu nu,Tanglish,0,none,0,0,0,0,0,0,0,none,"normal, neutral, or supportive statement",synthetic_tanglish
TCB3921,honestly rest eduthuko,Tanglish,0,none,0,0,0,0,0,0,0,none,"normal, neutral, or supportive statement",synthetic_tanglish
TCB3922,avanga group ah support panna koodadhu daily la,Tanglish,1,group,0,0,0,1,0,0,0,medium,group-targeted hateful language,synthetic_tanglish
TCB3923,nee daily improve aagite irukka da,Tanglish,0,none,0,0,0,0,0,0,0,none,"normal, neutral, or supportive statement",synthetic_tanglish
TCB3924,honestly team work nalla pannenga today,Tanglish,0,none,0,0,0,0,0,0,0,none,"normal, neutral, or supportive statement",synthetic_tanglish
TCB3925,nee nee onnum purinjikala message la,Tanglish,1,individual,1,0,0,0,0,0,0,medium,direct personal insult,synthetic_tanglish
TCB3926,actually all the best da macha,Tanglish,0,none,0,0,0,0,0,0,0,none,"normal, neutral, or supportive statement",synthetic_tanglish
TCB3927,true bro indha idea useful ah irukku la,Tanglish,0,none,0,0,0,0,0,0,0,none,"normal, neutral, or supportive statement",synthetic_tanglish
TCB3928,listen sexual content anuppi disturb panna koodadhu message la la,Tanglish,1,individual,0,0,0,0,0,1,0,high,unwanted sexual pressure or abusive sexual request,synthetic_tanglish
TCB3929,seri project nalla develop aaguthu da,Tanglish,0,none,0,0,0,0,0,0,0,none,"normal, neutral, or supportive statement",synthetic_tanglish
TCB3930,nee andha community ah nambave mudiyadhu intha post la ah,Tanglish,1,group,0,0,0,1,0,0,0,medium,group-targeted hateful language,synthetic_tanglish
TCB3931,yes code check pannitu sollu macha,Tanglish,0,none,0,0,0,0,0,0,0,none,"normal, neutral, or supportive statement",synthetic_tanglish
TCB3932,nee poda loosu nu,Tanglish,1,individual,0,0,0,0,0,0,1,medium,profane or abusive wording,synthetic_tanglish
TCB3933,bro rest eduthuko inniku,Tanglish,0,none,0,0,0,0,0,0,0,none,"normal, neutral, or supportive statement",synthetic_tanglish
TCB3934,ivan unakku common sense illa intha post la ippo,Tanglish,1,individual,1,0,0,0,0,0,1,low,direct personal insult,synthetic_tanglish
TCB3935,bro naan unna confront panren intha post la nu,Tanglish,1,individual,0,1,1,0,0,0,0,medium,threatening language,synthetic_tanglish
TCB3936,macha online la unwanted sexual attention kudukkadha inga ippo,Tanglish,1,other,0,0,0,0,1,0,0,medium,unwanted sexualized or appearance-based harassment,synthetic_tanglish
TCB3937,da team work nalla pannenga da,Tanglish,0,none,0,0,0,0,0,0,0,none,"normal, neutral, or supportive statement",synthetic_tanglish
TCB3938,seriously private photo share panna force pannadha online la bro,Tanglish,1,individual,0,0,0,0,1,1,0,high,unwanted sexual pressure or abusive sexual request,synthetic_tanglish
TCB3939,correct ah sonna macha,Tanglish,0,none,0,0,0,0,0,0,0,none,"normal, neutral, or supportive statement",synthetic_tanglish
TCB3940,actually seri paakalam da,Tanglish,0,none,0,0,0,0,0,0,0,none,"normal, neutral, or supportive statement",synthetic_tanglish
TCB3941,seri nice explanation today,Tanglish,0,none,0,0,0,0,0,0,0,none,"normal, neutral, or supportive statement",synthetic_tanglish
TCB3942,seri food saptiya macha,Tanglish,0,none,0,0,0,0,0,0,0,none,"normal, neutral, or supportive statement",synthetic_tanglish
TCB3943,yes solution useful ah irukku nu,Tanglish,0,none,0,0,0,0,0,0,0,none,"normal, neutral, or supportive statement",synthetic_tanglish
TCB3944,da naan unakku support panren honestly,Tanglish,0,none,0,0,0,0,0,0,0,none,"normal, neutral, or supportive statement",synthetic_tanglish
TCB3945,bro happy for your progress inniku,Tanglish,0,none,0,0,0,0,0,0,0,none,"normal, neutral, or supportive statement",synthetic_tanglish
TCB3946,true bro team work nalla pannenga da,Tanglish,0,none,0,0,0,0,0,0,0,none,"normal, neutral, or supportive statement",synthetic_tanglish
TCB3947,listen unakku physical harm panniduven online la ippo,Tanglish,1,individual,0,0,1,0,0,0,0,medium,reference to physical harm,synthetic_tanglish
TCB3948,listen poda mental public ah poda,Tanglish,1,individual,0,0,0,0,0,0,1,low,profane or abusive wording,synthetic_tanglish
TCB3949,da presentation clear ah irundhuchu 👍,Tanglish,0,none,0,0,0,0,0,0,0,none,"normal, neutral, or supportive statement",synthetic_tanglish
TCB3950,bro movie epdi irundhuchu macha,Tanglish,0,none,0,0,0,0,0,0,0,none,"normal, neutral, or supportive statement",synthetic_tanglish
TCB3951,macha nee daily improve aagite irukka macha,Tanglish,0,none,0,0,0,0,0,0,0,none,"normal, neutral, or supportive statement",synthetic_tanglish
TCB3952,nee oru waste fellow public ah macha,Tanglish,1,individual,1,0,0,0,0,0,1,low,direct personal insult,synthetic_tanglish
TCB3953,nee naan unna confront panren comment section la macha,Tanglish,1,individual,0,1,0,0,0,0,0,medium,threatening language,synthetic_tanglish
TCB3954,dei nee poda dei message la poda,Tanglish,1,individual,0,0,0,0,0,0,1,medium,profane or abusive wording,synthetic_tanglish
TCB3955,ivan nee pesuradhellam mokka intha post la la,Tanglish,1,other,1,0,0,0,0,0,0,medium,direct personal insult,synthetic_tanglish
TCB3956,dei private content force panna vendam online la ippo,Tanglish,1,other,0,0,0,0,0,1,0,high,unwanted sexual pressure or abusive sexual request,synthetic_tanglish
TCB3957,bro project nalla develop aaguthu nu,Tanglish,0,none,0,0,0,0,0,0,0,none,"normal, neutral, or supportive statement",synthetic_tanglish
TCB3958,ivan un performance romba kevalam inga bro,Tanglish,1,other,1,0,0,0,0,0,0,medium,direct personal insult,synthetic_tanglish
TCB3959,nee nee romba pathetic daily nu,Tanglish,1,individual,1,0,0,0,0,0,0,medium,direct personal insult,synthetic_tanglish
TCB3960,dei poda dei inga bro,Tanglish,1,individual,0,0,0,0,0,0,1,medium,profane or abusive wording,synthetic_tanglish
TCB3961,seriously unna beat panniduven chat la da,Tanglish,1,other,0,1,1,0,0,0,0,medium,reference to physical harm,synthetic_tanglish
TCB3962,ava unakku brain work aagala social media la ippo,Tanglish,1,other,1,0,0,0,0,0,1,low,direct personal insult,synthetic_tanglish
TCB3963,dei innoru thadava ippadi pesina serious ah irukkum social media la ippo,Tanglish,1,individual,0,1,1,0,0,0,0,high,threatening language,synthetic_tanglish
TCB3964,da keep going bro honestly,Tanglish,0,none,0,0,0,0,0,0,0,none,"normal, neutral, or supportive statement",synthetic_tanglish
TCB3965,bro keep going bro today,Tanglish,0,none,0,0,0,0,0,0,0,none,"normal, neutral, or supportive statement",synthetic_tanglish
TCB3966,bro seri paakalam 👍,Tanglish,0,none,0,0,0,0,0,0,0,none,"normal, neutral, or supportive statement",synthetic_tanglish
TCB3967,honestly meeting five mani ku irukku bro,Tanglish,0,none,0,0,0,0,0,0,0,none,"normal, neutral, or supportive statement",synthetic_tanglish
TCB3968,bro indha idea useful ah irukku macha,Tanglish,0,none,0,0,0,0,0,0,0,none,"normal, neutral, or supportive statement",synthetic_tanglish
TCB3969,seri nee nalla work pannita da,Tanglish,0,none,0,0,0,0,0,0,0,none,"normal, neutral, or supportive statement",synthetic_tanglish
TCB3970,dei nee po da inga irundhu social media la bro,Tanglish,1,other,1,0,0,0,0,0,1,medium,profane or abusive wording,synthetic_tanglish
TCB3971,consent illama private photo kekkadha online la bro,Tanglish,1,other,0,0,0,0,0,1,0,medium,unwanted sexual pressure or abusive sexual request,synthetic_tanglish
TCB3972,seriously enna oru mokka person public ah ah,Tanglish,1,individual,1,0,0,0,0,0,0,low,direct personal insult,synthetic_tanglish
TCB3973,nice ah thanks for helping me honestly,Tanglish,0,none,0,0,0,0,0,0,0,none,"normal, neutral, or supportive statement",synthetic_tanglish
TCB3974,bro consent illama sexual request pannadha public ah la,Tanglish,1,individual,0,0,0,0,1,1,0,medium,unwanted sexual pressure or abusive sexual request,synthetic_tanglish
TCB3975,nee un body pathi public ah pesa vendam chat la podi,Tanglish,1,individual,0,0,0,0,1,0,0,high,unwanted sexualized or appearance-based harassment,synthetic_tanglish
TCB3976,nice ah code check pannitu sollu,Tanglish,0,none,0,0,0,0,0,0,0,none,"normal, neutral, or supportive statement",synthetic_tanglish
TCB3977,ivan podi dei online la bro,Tanglish,1,individual,0,0,0,0,0,0,1,low,profane or abusive wording,synthetic_tanglish
TCB3978,ava poda da daily macha,Tanglish,1,individual,0,0,0,0,0,0,1,low,profane or abusive wording,synthetic_tanglish
TCB3979,listen podi da inga,Tanglish,1,individual,0,0,0,0,0,0,1,medium,profane or abusive wording,synthetic_tanglish
TCB3980,bro nee romba pathetic inga poda,Tanglish,1,individual,1,0,0,0,0,0,1,medium,direct personal insult,synthetic_tanglish
TCB3981,dei nee innoru thadava ippadi pesina serious ah irukkum online la la,Tanglish,1,other,0,1,1,0,0,0,0,high,threatening language,synthetic_tanglish
TCB3982,dei nee innoru message anuppina paathuko inga da,Tanglish,1,individual,0,1,0,0,0,0,0,medium,threatening language,synthetic_tanglish
TCB3983,true bro indha idea useful ah irukku 👍,Tanglish,0,none,0,0,0,0,0,0,0,none,"normal, neutral, or supportive statement",synthetic_tanglish
TCB3984,da team work nalla pannenga today,Tanglish,0,none,0,0,0,0,0,0,0,none,"normal, neutral, or supportive statement",synthetic_tanglish
TCB3985,nice ah project nalla develop aaguthu la,Tanglish,0,none,0,0,0,0,0,0,0,none,"normal, neutral, or supportive statement",synthetic_tanglish
TCB3986,nee private photo share panna force pannadha daily,Tanglish,1,other,0,0,0,0,0,1,0,high,unwanted sexual pressure or abusive sexual request,synthetic_tanglish
TCB3987,nice ah later discuss pannalam macha,Tanglish,0,none,0,0,0,0,0,0,0,none,"normal, neutral, or supportive statement",synthetic_tanglish
TCB3988,macha avanga ellarum same madhiri message la podi,Tanglish,1,group,0,0,0,1,0,0,0,medium,group-targeted hateful language,synthetic_tanglish
TCB3989,actually movie epdi irundhuchu 👍,Tanglish,0,none,0,0,0,0,0,0,0,none,"normal, neutral, or supportive statement",synthetic_tanglish
TCB3990,dei nee andha people ellam problem social media la poda,Tanglish,1,group,0,0,0,1,0,0,0,high,group-targeted hateful language,synthetic_tanglish
TCB3991,listen enna paaru naan unna paathukuren daily macha,Tanglish,1,other,0,1,1,0,0,0,0,medium,threatening language,synthetic_tanglish
TCB3992,macha private content force panna vendam online la nu,Tanglish,1,other,0,0,0,0,0,1,0,high,unwanted sexual pressure or abusive sexual request,synthetic_tanglish
TCB3993,seriously innoru thadava ippadi pesina serious ah irukkum message la nu,Tanglish,1,other,0,1,1,0,0,0,0,medium,threatening language,synthetic_tanglish
TCB3994,yes nee nalla work pannita da,Tanglish,0,none,0,0,0,0,0,0,0,none,"normal, neutral, or supportive statement",synthetic_tanglish
TCB3995,personal appearance ah target panni tease pannadha online la macha,Tanglish,1,individual,0,0,0,0,1,0,0,medium,unwanted sexualized or appearance-based harassment,synthetic_tanglish
TCB3996,nee podi poi ukkaru message la ah,Tanglish,1,other,0,0,0,0,0,0,1,medium,profane or abusive wording,synthetic_tanglish
TCB3997,da class nalla irundhucha nu,Tanglish,0,none,0,0,0,0,0,0,0,none,"normal, neutral, or supportive statement",synthetic_tanglish
TCB3998,bro dei mokka daily poda,Tanglish,1,individual,0,0,0,0,0,0,1,low,profane or abusive wording,synthetic_tanglish
TCB3999,actually presentation clear ah irundhuchu nu,Tanglish,0,none,0,0,0,0,0,0,0,none,"normal, neutral, or supportive statement",synthetic_tanglish
TCB4000,bro assignment submit pannitiya la,Tanglish,0,none,0,0,0,0,0,0,0,none,"normal, neutral, or supportive statement",synthetic_tanglish
TCB4001,nee unakku physical harm panniduven public ah nu,Tanglish,1,other,0,1,1,0,0,0,0,high,reference to physical harm,synthetic_tanglish
TCB4002,nice explanation bro,Tanglish,0,none,0,0,0,0,0,0,0,none,"normal, neutral, or supportive statement",synthetic_tanglish
TCB4003,bro naalaikku continue pannalam inniku,Tanglish,0,none,0,0,0,0,0,0,0,none,"normal, neutral, or supportive statement",synthetic_tanglish
TCB4004,macha keep going bro bro,Tanglish,0,none,0,0,0,0,0,0,0,none,"normal, neutral, or supportive statement",synthetic_tanglish
TCB4005,nice ah good job bro today,Tanglish,0,none,0,0,0,0,0,0,0,none,"normal, neutral, or supportive statement",synthetic_tanglish
TCB4006,nee nee careful ah iru inga ippo,Tanglish,1,individual,0,1,0,0,0,0,0,medium,threatening language,synthetic_tanglish
TCB4007,yes keep going bro la,Tanglish,0,none,0,0,0,0,0,0,0,none,"normal, neutral, or supportive statement",synthetic_tanglish
TCB4008,bro meeting five mani ku irukku honestly,Tanglish,0,none,0,0,0,0,0,0,0,none,"normal, neutral, or supportive statement",synthetic_tanglish
TCB4009,da class nalla irundhucha honestly,Tanglish,0,none,0,0,0,0,0,0,0,none,"normal, neutral, or supportive statement",synthetic_tanglish
TCB4010,nice ah semma performance la,Tanglish,0,none,0,0,0,0,0,0,0,none,"normal, neutral, or supportive statement",synthetic_tanglish
TCB4011,bro project nalla develop aaguthu macha,Tanglish,0,none,0,0,0,0,0,0,0,none,"normal, neutral, or supportive statement",synthetic_tanglish
TCB4012,yes project nalla develop aaguthu bro,Tanglish,0,none,0,0,0,0,0,0,0,none,"normal, neutral, or supportive statement",synthetic_tanglish
TCB4013,correct ah sonna inniku,Tanglish,0,none,0,0,0,0,0,0,0,none,"normal, neutral, or supportive statement",synthetic_tanglish
TCB4014,actually naalaikku continue pannalam macha,Tanglish,0,none,0,0,0,0,0,0,0,none,"normal, neutral, or supportive statement",synthetic_tanglish
TCB4015,semma performance la,Tanglish,0,none,0,0,0,0,0,0,0,none,"normal, neutral, or supportive statement",synthetic_tanglish
TCB4016,macha dei summa iru public ah podi,Tanglish,1,other,0,0,0,0,0,0,1,medium,profane or abusive wording,synthetic_tanglish
TCB4017,nee avanga ellarum same madhiri intha post la macha,Tanglish,1,group,0,0,0,1,0,0,0,medium,group-targeted hateful language,synthetic_tanglish
TCB4018,ava un photo paathu sexual comments podradhu wrong public ah ah,Tanglish,1,other,0,0,0,0,1,0,0,high,unwanted sexualized or appearance-based harassment,synthetic_tanglish
TCB4019,un body ah comment panni disturb pannadha online la poda,Tanglish,1,individual,0,0,0,0,1,0,0,medium,unwanted sexualized or appearance-based harassment,synthetic_tanglish
TCB4020,andha people ellam problem comment section la bro,Tanglish,1,group,0,0,0,1,0,0,0,medium,group-targeted hateful language,synthetic_tanglish
TCB4021,macha presentation clear ah irundhuchu honestly,Tanglish,0,none,0,0,0,0,0,0,0,none,"normal, neutral, or supportive statement",synthetic_tanglish
TCB4022,yes meeting five mani ku irukku honestly,Tanglish,0,none,0,0,0,0,0,0,0,none,"normal, neutral, or supportive statement",synthetic_tanglish
TCB4023,ivan unakku common sense illa online la ah,Tanglish,1,other,1,0,0,0,0,0,1,medium,direct personal insult,synthetic_tanglish
TCB4024,yes keep going bro macha,Tanglish,0,none,0,0,0,0,0,0,0,none,"normal, neutral, or supportive statement",synthetic_tanglish
TCB4025,ava consent illama sexual request pannadha message la ah,Tanglish,1,individual,0,0,0,0,0,1,0,medium,unwanted sexual pressure or abusive sexual request,synthetic_tanglish
TCB4026,bro happy for your progress,Tanglish,0,none,0,0,0,0,0,0,0,none,"normal, neutral, or supportive statement",synthetic_tanglish
TCB4027,da later discuss pannalam la,Tanglish,0,none,0,0,0,0,0,0,0,none,"normal, neutral, or supportive statement",synthetic_tanglish
TCB4028,seri food saptiya nu,Tanglish,0,none,0,0,0,0,0,0,0,none,"normal, neutral, or supportive statement",synthetic_tanglish
TCB4029,ivan nee inga vandha unakku problem intha post la bro,Tanglish,1,other,0,1,0,0,0,0,0,high,threatening language,synthetic_tanglish
TCB4030,macha un photo paathu sexual comments podradhu wrong social media la,Tanglish,1,individual,0,0,0,0,1,0,0,medium,unwanted sexualized or appearance-based harassment,synthetic_tanglish
TCB4031,macha rest eduthuko macha,Tanglish,0,none,0,0,0,0,0,0,0,none,"normal, neutral, or supportive statement",synthetic_tanglish
TCB4032,seriously nee oru loosu message la podi,Tanglish,1,individual,1,0,0,0,0,0,1,medium,direct personal insult,synthetic_tanglish
TCB4033,honestly happy for your progress today,Tanglish,0,none,0,0,0,0,0,0,0,none,"normal, neutral, or supportive statement",synthetic_tanglish
TCB4034,bro keep going bro bro,Tanglish,0,none,0,0,0,0,0,0,0,none,"normal, neutral, or supportive statement",synthetic_tanglish
TCB4035,listen andha community people romba kevalam inga,Tanglish,1,group,0,0,0,1,0,0,0,high,group-targeted hateful language,synthetic_tanglish
TCB4036,dei unakku physical harm panniduven comment section la da,Tanglish,1,other,0,0,1,0,0,0,0,high,reference to physical harm,synthetic_tanglish
TCB4037,true bro team work nalla pannenga 👍,Tanglish,0,none,0,0,0,0,0,0,0,none,"normal, neutral, or supportive statement",synthetic_tanglish
TCB4038,dei nee naan unna confront panren la,Tanglish,1,individual,0,1,1,0,0,0,0,medium,threatening language,synthetic_tanglish
TCB4039,ava ava mela unwanted comments podradhu harassment public ah ah,Tanglish,1,other,0,0,0,0,1,0,0,medium,unwanted sexualized or appearance-based harassment,synthetic_tanglish
TCB4040,seri indha idea useful ah irukku da,Tanglish,0,none,0,0,0,0,0,0,0,none,"normal, neutral, or supportive statement",synthetic_tanglish
TCB4041,macha nee nalla work pannita,Tanglish,0,none,0,0,0,0,0,0,0,none,"normal, neutral, or supportive statement",synthetic_tanglish
TCB4042,listen un brain enga pochu chat la la,Tanglish,1,other,1,0,0,0,0,0,0,medium,direct personal insult,synthetic_tanglish
TCB4043,seri paakalam da,Tanglish,0,none,0,0,0,0,0,0,0,none,"normal, neutral, or supportive statement",synthetic_tanglish
TCB4044,yes team work nalla pannenga bro,Tanglish,0,none,0,0,0,0,0,0,0,none,"normal, neutral, or supportive statement",synthetic_tanglish
TCB4045,macha nee total dummy intha post la ippo,Tanglish,1,individual,1,0,0,0,0,0,0,medium,direct personal insult,synthetic_tanglish
TCB4046,dei nee andha group ellam useless daily bro,Tanglish,1,group,0,0,0,1,0,0,0,medium,group-targeted hateful language,synthetic_tanglish
TCB4047,andha group people ellam mosam online la poda,Tanglish,1,group,0,0,0,1,0,0,0,medium,group-targeted hateful language,synthetic_tanglish
TCB4048,macha assignment submit pannitiya,Tanglish,0,none,0,0,0,0,0,0,0,none,"normal, neutral, or supportive statement",synthetic_tanglish
TCB4049,nee poda poi velaiya paaru social media la da,Tanglish,1,individual,1,0,0,0,0,0,1,low,profane or abusive wording,synthetic_tanglish
TCB4050,yes later discuss pannalam la,Tanglish,0,none,0,0,0,0,0,0,0,none,"normal, neutral, or supportive statement",synthetic_tanglish
TCB4051,avanga madhiri people inga vendaam message la poda,Tanglish,1,group,0,0,0,1,0,0,0,medium,group-targeted hateful language,synthetic_tanglish
TCB4052,macha correct ah sonna 👍,Tanglish,0,none,0,0,0,0,0,0,0,none,"normal, neutral, or supportive statement",synthetic_tanglish
TCB4053,bro super ah panniruka honestly,Tanglish,0,none,0,0,0,0,0,0,0,none,"normal, neutral, or supportive statement",synthetic_tanglish
TCB4054,honestly food saptiya today,Tanglish,0,none,0,0,0,0,0,0,0,none,"normal, neutral, or supportive statement",synthetic_tanglish
TCB4055,poda waste comment section la ah,Tanglish,1,other,1,0,0,0,0,0,1,medium,profane or abusive wording,synthetic_tanglish
TCB4056,dei andha community people romba kevalam message la podi,Tanglish,1,group,0,0,0,1,0,0,0,high,group-targeted hateful language,synthetic_tanglish
TCB4057,honestly later discuss pannalam da,Tanglish,0,none,0,0,0,0,0,0,0,none,"normal, neutral, or supportive statement",synthetic_tanglish
TCB4058,bro naalaikku continue pannalam honestly,Tanglish,0,none,0,0,0,0,0,0,0,none,"normal, neutral, or supportive statement",synthetic_tanglish
TCB4059,macha innoru thadava ippadi pesina serious ah irukkum intha post la podi,Tanglish,1,other,0,1,1,0,0,0,0,medium,threatening language,synthetic_tanglish
TCB4060,seriously nee romba pathetic poda,Tanglish,1,other,1,0,0,0,0,0,1,low,direct personal insult,synthetic_tanglish
TCB4061,code check pannitu sollu today,Tanglish,0,none,0,0,0,0,0,0,0,none,"normal, neutral, or supportive statement",synthetic_tanglish
TCB4062,macha avanga madhiri people inga vendaam inga ah,Tanglish,1,group,0,0,0,1,0,0,0,medium,group-targeted hateful language,synthetic_tanglish
TCB4063,listen avanai poi adichidu intha post la nu,Tanglish,1,other,0,0,1,0,0,0,0,medium,reference to physical harm,synthetic_tanglish
TCB4064,bro database update panniten 👍,Tanglish,0,none,0,0,0,0,0,0,0,none,"normal, neutral, or supportive statement",synthetic_tanglish
TCB4065,yes database update panniten inniku,Tanglish,0,none,0,0,0,0,0,0,0,none,"normal, neutral, or supportive statement",synthetic_tanglish
TCB4066,ivan unwanted sexual message anuppadha inga la,Tanglish,1,other,0,0,0,0,0,1,0,medium,unwanted sexual pressure or abusive sexual request,synthetic_tanglish
TCB4067,dei nee andha group ellam useless intha post la bro,Tanglish,1,group,0,0,0,1,0,0,0,medium,group-targeted hateful language,synthetic_tanglish
TCB4068,bro avanai poi adichidu social media la ah,Tanglish,1,individual,0,1,1,0,0,0,0,high,reference to physical harm,synthetic_tanglish
TCB4069,actually naan unakku support panren macha,Tanglish,0,none,0,0,0,0,0,0,0,none,"normal, neutral, or supportive statement",synthetic_tanglish
TCB4070,listen andha group ellam useless daily bro,Tanglish,1,group,0,0,0,1,0,0,0,medium,group-targeted hateful language,synthetic_tanglish
TCB4071,seri nice explanation macha,Tanglish,0,none,0,0,0,0,0,0,0,none,"normal, neutral, or supportive statement",synthetic_tanglish
TCB4072,innoru thadava ippadi pesina serious ah irukkum nu,Tanglish,1,other,0,1,0,0,0,0,0,high,threatening language,synthetic_tanglish
TCB4073,nee stop pannalana problem aagum social media la da,Tanglish,1,other,0,1,0,0,0,0,0,medium,threatening language,synthetic_tanglish
TCB4074,actually food saptiya nu,Tanglish,0,none,0,0,0,0,0,0,0,none,"normal, neutral, or supportive statement",synthetic_tanglish
TCB4075,yes nice explanation honestly,Tanglish,0,none,0,0,0,0,0,0,0,none,"normal, neutral, or supportive statement",synthetic_tanglish
TCB4076,ava private content force panna vendam ippo,Tanglish,1,individual,0,0,0,0,0,1,0,high,unwanted sexual pressure or abusive sexual request,synthetic_tanglish
TCB4077,bro semma performance inniku,Tanglish,0,none,0,0,0,0,0,0,0,none,"normal, neutral, or supportive statement",synthetic_tanglish
TCB4078,ivan andha group ellam useless message la poda,Tanglish,1,group,0,0,0,1,0,0,0,medium,group-targeted hateful language,synthetic_tanglish
TCB4079,da keep going bro,Tanglish,0,none,0,0,0,0,0,0,0,none,"normal, neutral, or supportive statement",synthetic_tanglish
TCB4080,ivan un appearance pathi unwanted comment poda vendam intha post la nu,Tanglish,1,other,0,0,0,0,1,0,0,high,unwanted sexualized or appearance-based harassment,synthetic_tanglish
TCB4081,sandaila unna adikka thonudhu intha post la podi,Tanglish,1,individual,0,0,1,0,0,0,0,high,reference to physical harm,synthetic_tanglish
TCB4082,macha sexual pressure kudukka koodadhu social media la ippo,Tanglish,1,other,0,0,0,0,0,1,0,high,unwanted sexual pressure or abusive sexual request,synthetic_tanglish
TCB4083,true bro un effort romba nalla irukku macha,Tanglish,0,none,0,0,0,0,0,0,0,none,"normal, neutral, or supportive statement",synthetic_tanglish
TCB4084,nice ah class nalla irundhucha da,Tanglish,0,none,0,0,0,0,0,0,0,none,"normal, neutral, or supportive statement",synthetic_tanglish
TCB4085,nice ah semma performance honestly,Tanglish,0,none,0,0,0,0,0,0,0,none,"normal, neutral, or supportive statement",synthetic_tanglish
TCB4086,dei nee unakku nalla warning idhu social media la da,Tanglish,1,individual,0,1,0,0,0,0,0,high,threatening language,synthetic_tanglish
TCB4087,yes happy for your progress la,Tanglish,0,none,0,0,0,0,0,0,0,none,"normal, neutral, or supportive statement",synthetic_tanglish
TCB4088,macha poda poi velaiya paaru social media la,Tanglish,1,individual,1,0,0,0,0,0,1,low,profane or abusive wording,synthetic_tanglish
TCB4089,macha unna physical ah attack panniduven message la ippo,Tanglish,1,individual,0,0,1,0,0,0,0,medium,reference to physical harm,synthetic_tanglish
TCB4090,seriously andha community people romba kevalam online la poda,Tanglish,1,group,0,0,0,1,0,0,0,high,group-targeted hateful language,synthetic_tanglish
TCB4091,true bro nice explanation da,Tanglish,0,none,0,0,0,0,0,0,0,none,"normal, neutral, or supportive statement",synthetic_tanglish
TCB4092,da movie epdi irundhuchu today,Tanglish,0,none,0,0,0,0,0,0,0,none,"normal, neutral, or supportive statement",synthetic_tanglish
TCB4093,ava sexual pressure kudukka koodadhu comment section la ippo,Tanglish,1,individual,0,0,0,0,0,1,0,high,unwanted sexual pressure or abusive sexual request,synthetic_tanglish
TCB4094,nee podi poi ukkaru social media la macha,Tanglish,1,individual,0,0,0,0,0,0,1,medium,profane or abusive wording,synthetic_tanglish
TCB4095,macha good job bro macha,Tanglish,0,none,0,0,0,0,0,0,0,none,"normal, neutral, or supportive statement",synthetic_tanglish
TCB4096,macha database update panniten today,Tanglish,0,none,0,0,0,0,0,0,0,none,"normal, neutral, or supportive statement",synthetic_tanglish
TCB4097,nice ah rest eduthuko honestly,Tanglish,0,none,0,0,0,0,0,0,0,none,"normal, neutral, or supportive statement",synthetic_tanglish
TCB4098,yes un effort romba nalla irukku 👍,Tanglish,0,none,0,0,0,0,0,0,0,none,"normal, neutral, or supportive statement",synthetic_tanglish
TCB4099,seri indha idea useful ah irukku la,Tanglish,0,none,0,0,0,0,0,0,0,none,"normal, neutral, or supportive statement",synthetic_tanglish
TCB4100,ivan sexual pressure kudukka koodadhu public ah ippo,Tanglish,1,individual,0,0,0,0,0,1,0,high,unwanted sexual pressure or abusive sexual request,synthetic_tanglish
TCB4101,nice ah later discuss pannalam 👍,Tanglish,0,none,0,0,0,0,0,0,0,none,"normal, neutral, or supportive statement",synthetic_tanglish
TCB4102,seriously ava mela unwanted comments podradhu harassment online la la,Tanglish,1,individual,0,0,0,0,1,0,0,medium,unwanted sexualized or appearance-based harassment,synthetic_tanglish
TCB4103,true bro all the best da nu,Tanglish,0,none,0,0,0,0,0,0,0,none,"normal, neutral, or supportive statement",synthetic_tanglish
TCB4104,true bro class nalla irundhucha bro,Tanglish,0,none,0,0,0,0,0,0,0,none,"normal, neutral, or supportive statement",synthetic_tanglish
TCB4105,listen consent illama sexual request pannadha inga,Tanglish,1,individual,0,0,0,0,0,1,0,high,unwanted sexual pressure or abusive sexual request,synthetic_tanglish
TCB4106,bro unakku physical harm panniduven comment section la ippo,Tanglish,1,individual,0,1,1,0,0,0,0,medium,reference to physical harm,synthetic_tanglish
TCB4107,dei ava mela unwanted comments podradhu harassment public ah podi,Tanglish,1,individual,0,0,0,0,1,0,0,high,unwanted sexualized or appearance-based harassment,synthetic_tanglish
TCB4108,honestly presentation clear ah irundhuchu la,Tanglish,0,none,0,0,0,0,0,0,0,none,"normal, neutral, or supportive statement",synthetic_tanglish
TCB4109,bro unakku physical harm panniduven comment section la bro,Tanglish,1,individual,0,0,1,0,0,0,0,high,reference to physical harm,synthetic_tanglish
TCB4110,poda loosu chat la poda,Tanglish,1,other,0,0,0,0,0,0,1,low,profane or abusive wording,synthetic_tanglish
TCB4111,honestly happy for your progress 👍,Tanglish,0,none,0,0,0,0,0,0,0,none,"normal, neutral, or supportive statement",synthetic_tanglish
TCB4112,unna vida maaten nu nenachuko social media la podi,Tanglish,1,other,0,1,0,0,0,0,0,medium,threatening language,synthetic_tanglish
TCB4113,listen andha group people ellam mosam chat la bro,Tanglish,1,group,0,0,0,1,0,0,0,high,group-targeted hateful language,synthetic_tanglish
TCB4114,da nee daily improve aagite irukka macha,Tanglish,0,none,0,0,0,0,0,0,0,none,"normal, neutral, or supportive statement",synthetic_tanglish
TCB4115,honestly project nalla develop aaguthu honestly,Tanglish,0,none,0,0,0,0,0,0,0,none,"normal, neutral, or supportive statement",synthetic_tanglish
TCB4116,true bro naalaikku continue pannalam,Tanglish,0,none,0,0,0,0,0,0,0,none,"normal, neutral, or supportive statement",synthetic_tanglish
TCB4117,bro fight panna vandha paathukalam public ah ippo,Tanglish,1,individual,0,1,1,0,0,0,0,high,reference to physical harm,synthetic_tanglish
TCB4118,ava podi da chat la ah,Tanglish,1,other,1,0,0,0,0,0,1,low,profane or abusive wording,synthetic_tanglish
TCB4119,true bro super ah panniruka inniku,Tanglish,0,none,0,0,0,0,0,0,0,none,"normal, neutral, or supportive statement",synthetic_tanglish
TCB4120,dei unakku nalla warning idhu nu,Tanglish,1,individual,0,1,1,0,0,0,0,high,threatening language,synthetic_tanglish
TCB4121,bro class nalla irundhucha inniku,Tanglish,0,none,0,0,0,0,0,0,0,none,"normal, neutral, or supportive statement",synthetic_tanglish
TCB4122,actually naalaikku continue pannalam,Tanglish,0,none,0,0,0,0,0,0,0,none,"normal, neutral, or supportive statement",synthetic_tanglish
TCB4123,actually good job bro bro,Tanglish,0,none,0,0,0,0,0,0,0,none,"normal, neutral, or supportive statement",synthetic_tanglish
TCB4124,actually assignment submit pannitiya nu,Tanglish,0,none,0,0,0,0,0,0,0,none,"normal, neutral, or supportive statement",synthetic_tanglish
TCB4125,yes database update panniten,Tanglish,0,none,0,0,0,0,0,0,0,none,"normal, neutral, or supportive statement",synthetic_tanglish
TCB4126,private content force panna vendam chat la da,Tanglish,1,individual,0,0,0,0,1,1,0,high,unwanted sexual pressure or abusive sexual request,synthetic_tanglish
TCB4127,dei nee nee oru loosu comment section la nu,Tanglish,1,individual,1,0,0,0,0,0,0,medium,direct personal insult,synthetic_tanglish
TCB4128,bro inniku session epdi pochu today,Tanglish,0,none,0,0,0,0,0,0,0,none,"normal, neutral, or supportive statement",synthetic_tanglish
TCB4129,macha nee daily improve aagite irukka la,Tanglish,0,none,0,0,0,0,0,0,0,none,"normal, neutral, or supportive statement",synthetic_tanglish
TCB4130,macha nee daily improve aagite irukka today,Tanglish,0,none,0,0,0,0,0,0,0,none,"normal, neutral, or supportive statement",synthetic_tanglish
TCB4131,listen nee oru waste fellow intha post la,Tanglish,1,other,1,0,0,0,0,0,0,medium,direct personal insult,synthetic_tanglish
TCB4132,seri solution useful ah irukku la,Tanglish,0,none,0,0,0,0,0,0,0,none,"normal, neutral, or supportive statement",synthetic_tanglish
TCB4133,andha group ellam useless daily ah,Tanglish,1,group,0,0,0,1,0,0,0,medium,group-targeted hateful language,synthetic_tanglish
TCB4134,bro class nalla irundhucha 👍,Tanglish,0,none,0,0,0,0,0,0,0,none,"normal, neutral, or supportive statement",synthetic_tanglish
TCB4135,listen unakku sense eh illa online la ah,Tanglish,1,other,1,0,0,0,0,0,0,medium,direct personal insult,synthetic_tanglish
TCB4136,bro nee nalla work pannita da,Tanglish,0,none,0,0,0,0,0,0,0,none,"normal, neutral, or supportive statement",synthetic_tanglish
TCB4137,honestly correct ah sonna,Tanglish,0,none,0,0,0,0,0,0,0,none,"normal, neutral, or supportive statement",synthetic_tanglish
TCB4138,yes naan unakku support panren today,Tanglish,0,none,0,0,0,0,0,0,0,none,"normal, neutral, or supportive statement",synthetic_tanglish
TCB4139,nice ah happy for your progress macha,Tanglish,0,none,0,0,0,0,0,0,0,none,"normal, neutral, or supportive statement",synthetic_tanglish
TCB4140,nee un appearance pathi unwanted comment poda vendam comment section la da,Tanglish,1,other,0,0,0,0,1,0,0,high,unwanted sexualized or appearance-based harassment,synthetic_tanglish
TCB4141,bro seri paakalam inniku,Tanglish,0,none,0,0,0,0,0,0,0,none,"normal, neutral, or supportive statement",synthetic_tanglish
TCB4142,dei unakku nalla warning idhu online la ah,Tanglish,1,individual,0,1,0,0,0,0,0,high,threatening language,synthetic_tanglish
TCB4143,yes solution useful ah irukku macha,Tanglish,0,none,0,0,0,0,0,0,0,none,"normal, neutral, or supportive statement",synthetic_tanglish
TCB4144,yes presentation clear ah irundhuchu da,Tanglish,0,none,0,0,0,0,0,0,0,none,"normal, neutral, or supportive statement",synthetic_tanglish
TCB4145,yes movie epdi irundhuchu nu,Tanglish,0,none,0,0,0,0,0,0,0,none,"normal, neutral, or supportive statement",synthetic_tanglish
TCB4146,da class nalla irundhucha bro,Tanglish,0,none,0,0,0,0,0,0,0,none,"normal, neutral, or supportive statement",synthetic_tanglish
TCB4147,bro un performance romba kevalam daily ah,Tanglish,1,individual,1,0,0,0,0,0,0,low,direct personal insult,synthetic_tanglish
TCB4148,macha seri paakalam 👍,Tanglish,0,none,0,0,0,0,0,0,0,none,"normal, neutral, or supportive statement",synthetic_tanglish
TCB4149,database update panniten 👍,Tanglish,0,none,0,0,0,0,0,0,0,none,"normal, neutral, or supportive statement",synthetic_tanglish
TCB4150,true bro happy for your progress 👍,Tanglish,0,none,0,0,0,0,0,0,0,none,"normal, neutral, or supportive statement",synthetic_tanglish
TCB4151,dei nee innoru message anuppina paathuko intha post la ippo,Tanglish,1,individual,0,1,0,0,0,0,0,high,threatening language,synthetic_tanglish
TCB4152,actually good job bro da,Tanglish,0,none,0,0,0,0,0,0,0,none,"normal, neutral, or supportive statement",synthetic_tanglish
TCB4153,dei enna oru mokka person inga podi,Tanglish,1,individual,1,0,0,0,0,0,0,low,direct personal insult,synthetic_tanglish
TCB4154,yes good job bro la,Tanglish,0,none,0,0,0,0,0,0,0,none,"normal, neutral, or supportive statement",synthetic_tanglish
TCB4155,ivan consent illama private photo kekkadha nu,Tanglish,1,individual,0,0,0,0,0,1,0,high,unwanted sexual pressure or abusive sexual request,synthetic_tanglish
TCB4156,actually movie epdi irundhuchu nu,Tanglish,0,none,0,0,0,0,0,0,0,none,"normal, neutral, or supportive statement",synthetic_tanglish
TCB4157,fight panna vandha paathukalam comment section la macha,Tanglish,1,individual,0,1,1,0,0,0,0,medium,reference to physical harm,synthetic_tanglish
TCB4158,nice ah meeting five mani ku irukku macha,Tanglish,0,none,0,0,0,0,0,0,0,none,"normal, neutral, or supportive statement",synthetic_tanglish
TCB4159,yes good job bro macha,Tanglish,0,none,0,0,0,0,0,0,0,none,"normal, neutral, or supportive statement",synthetic_tanglish
TCB4160,dei dei poda inga ippo,Tanglish,1,individual,1,0,0,0,0,0,1,low,profane or abusive wording,synthetic_tanglish
TCB4161,listen un body ah comment panni disturb pannadha inga bro,Tanglish,1,individual,0,0,0,0,1,0,0,medium,unwanted sexualized or appearance-based harassment,synthetic_tanglish
TCB4162,nee consent illama private photo kekkadha public ah poda,Tanglish,1,individual,0,0,0,0,0,1,0,medium,unwanted sexual pressure or abusive sexual request,synthetic_tanglish
TCB4163,macha code check pannitu sollu inniku,Tanglish,0,none,0,0,0,0,0,0,0,none,"normal, neutral, or supportive statement",synthetic_tanglish
TCB4164,listen dei poda public ah podi,Tanglish,1,individual,1,0,0,0,0,0,1,low,profane or abusive wording,synthetic_tanglish
TCB4165,ivan private content force panna vendam daily,Tanglish,1,individual,0,0,0,0,1,1,0,high,unwanted sexual pressure or abusive sexual request,synthetic_tanglish
TCB4166,da keep going bro bro,Tanglish,0,none,0,0,0,0,0,0,0,none,"normal, neutral, or supportive statement",synthetic_tanglish
TCB4167,dei nee oru useless fellow public ah la,Tanglish,1,individual,1,0,0,0,0,0,1,low,direct personal insult,synthetic_tanglish
TCB4168,nee un brain enga pochu message la ippo,Tanglish,1,individual,1,0,0,0,0,0,1,medium,direct personal insult,synthetic_tanglish
TCB4169,yes rest eduthuko,Tanglish,0,none,0,0,0,0,0,0,0,none,"normal, neutral, or supportive statement",synthetic_tanglish
TCB4170,macha super ah panniruka 👍,Tanglish,0,none,0,0,0,0,0,0,0,none,"normal, neutral, or supportive statement",synthetic_tanglish
TCB4171,dei nee andha community people romba kevalam social media la ah,Tanglish,1,group,0,0,0,1,0,0,0,high,group-targeted hateful language,synthetic_tanglish
TCB4172,honestly later discuss pannalam bro,Tanglish,0,none,0,0,0,0,0,0,0,none,"normal, neutral, or supportive statement",synthetic_tanglish
TCB4173,ivan unakku physical harm panniduven comment section la da,Tanglish,1,individual,0,1,1,0,0,0,0,high,reference to physical harm,synthetic_tanglish
TCB4174,dei nee enna oru mokka person intha post la da,Tanglish,1,other,1,0,0,0,0,0,0,medium,direct personal insult,synthetic_tanglish
TCB4175,macha un brain enga pochu public ah ippo,Tanglish,1,individual,1,0,0,0,0,0,0,low,direct personal insult,synthetic_tanglish
TCB4176,listen andha group people ellam mosam comment section la la,Tanglish,1,group,0,0,0,1,0,0,0,medium,group-targeted hateful language,synthetic_tanglish
TCB4177,bro nee oru useless fellow comment section la ah,Tanglish,1,other,1,0,0,0,0,0,0,medium,direct personal insult,synthetic_tanglish
TCB4178,ivan unna beat panniduven message la bro,Tanglish,1,individual,0,1,1,0,0,0,0,medium,reference to physical harm,synthetic_tanglish
TCB4179,honestly good job bro 👍,Tanglish,0,none,0,0,0,0,0,0,0,none,"normal, neutral, or supportive statement",synthetic_tanglish
TCB4180,ava sexual content anuppi disturb panna koodadhu intha post la nu,Tanglish,1,other,0,0,0,0,0,1,0,medium,unwanted sexual pressure or abusive sexual request,synthetic_tanglish
TCB4181,listen unna adikka varuven intha post la ah,Tanglish,1,individual,0,0,1,0,0,0,0,high,reference to physical harm,synthetic_tanglish
TCB4182,listen unakku sense eh illa inga ah,Tanglish,1,individual,1,0,0,0,0,0,0,medium,direct personal insult,synthetic_tanglish
TCB4183,da keep going bro 👍,Tanglish,0,none,0,0,0,0,0,0,0,none,"normal, neutral, or supportive statement",synthetic_tanglish
TCB4184,naalaikku continue pannalam bro,Tanglish,0,none,0,0,0,0,0,0,0,none,"normal, neutral, or supportive statement",synthetic_tanglish
TCB4185,true bro rest eduthuko macha,Tanglish,0,none,0,0,0,0,0,0,0,none,"normal, neutral, or supportive statement",synthetic_tanglish
TCB4186,bro keep going bro la,Tanglish,0,none,0,0,0,0,0,0,0,none,"normal, neutral, or supportive statement",synthetic_tanglish
TCB4187,seri solution useful ah irukku 👍,Tanglish,0,none,0,0,0,0,0,0,0,none,"normal, neutral, or supportive statement",synthetic_tanglish
TCB4188,actually correct ah sonna 👍,Tanglish,0,none,0,0,0,0,0,0,0,none,"normal, neutral, or supportive statement",synthetic_tanglish
TCB4189,nee unna damage panniduven public ah bro,Tanglish,1,individual,0,1,1,0,0,0,0,medium,reference to physical harm,synthetic_tanglish
TCB4190,seriously un photo paathu sexual comments podradhu wrong message la bro,Tanglish,1,individual,0,0,0,0,1,0,0,medium,unwanted sexualized or appearance-based harassment,synthetic_tanglish
TCB4191,macha semma performance today,Tanglish,0,none,0,0,0,0,0,0,0,none,"normal, neutral, or supportive statement",synthetic_tanglish
TCB4192,true bro all the best da da,Tanglish,0,none,0,0,0,0,0,0,0,none,"normal, neutral, or supportive statement",synthetic_tanglish
TCB4193,da correct ah sonna,Tanglish,0,none,0,0,0,0,0,0,0,none,"normal, neutral, or supportive statement",synthetic_tanglish
TCB4194,good job bro la,Tanglish,0,none,0,0,0,0,0,0,0,none,"normal, neutral, or supportive statement",synthetic_tanglish
TCB4195,nee unakku physical harm panniduven daily,Tanglish,1,other,0,1,1,0,0,0,0,medium,reference to physical harm,synthetic_tanglish
TCB4196,macha solution useful ah irukku macha,Tanglish,0,none,0,0,0,0,0,0,0,none,"normal, neutral, or supportive statement",synthetic_tanglish
TCB4197,dei online la unwanted sexual attention kudukkadha online la podi,Tanglish,1,individual,0,0,0,0,1,0,0,medium,unwanted sexualized or appearance-based harassment,synthetic_tanglish
TCB4198,da assignment submit pannitiya da,Tanglish,0,none,0,0,0,0,0,0,0,none,"normal, neutral, or supportive statement",synthetic_tanglish
TCB4199,da naan unakku support panren today,Tanglish,0,none,0,0,0,0,0,0,0,none,"normal, neutral, or supportive statement",synthetic_tanglish
TCB4200,actually team work nalla pannenga honestly,Tanglish,0,none,0,0,0,0,0,0,0,none,"normal, neutral, or supportive statement",synthetic_tanglish
TCB4201,da nee daily improve aagite irukka today,Tanglish,0,none,0,0,0,0,0,0,0,none,"normal, neutral, or supportive statement",synthetic_tanglish
TCB4202,code check pannitu sollu bro,Tanglish,0,none,0,0,0,0,0,0,0,none,"normal, neutral, or supportive statement",synthetic_tanglish
TCB4203,nee unna adichiduven daily ah,Tanglish,1,individual,0,0,1,0,0,0,0,high,reference to physical harm,synthetic_tanglish
TCB4204,nice ah assignment submit pannitiya 👍,Tanglish,0,none,0,0,0,0,0,0,0,none,"normal, neutral, or supportive statement",synthetic_tanglish
TCB4205,dei unna adikka varuven social media la macha,Tanglish,1,individual,0,1,1,0,0,0,0,medium,reference to physical harm,synthetic_tanglish
TCB4206,dei nee nee total dummy social media la poda,Tanglish,1,other,1,0,0,0,0,0,0,medium,direct personal insult,synthetic_tanglish
TCB4207,da un effort romba nalla irukku today,Tanglish,0,none,0,0,0,0,0,0,0,none,"normal, neutral, or supportive statement",synthetic_tanglish
TCB4208,un body ah comment panni disturb pannadha public ah nu,Tanglish,1,other,0,0,0,0,1,0,0,medium,unwanted sexualized or appearance-based harassment,synthetic_tanglish
TCB4209,yes database update panniten da,Tanglish,0,none,0,0,0,0,0,0,0,none,"normal, neutral, or supportive statement",synthetic_tanglish
TCB4210,good job bro 👍,Tanglish,0,none,0,0,0,0,0,0,0,none,"normal, neutral, or supportive statement",synthetic_tanglish
TCB4211,avanai poi adichidu daily la,Tanglish,1,individual,0,0,1,0,0,0,0,high,reference to physical harm,synthetic_tanglish
TCB4212,bro nee onnum purinjikala public ah nu,Tanglish,1,individual,1,0,0,0,0,0,1,low,direct personal insult,synthetic_tanglish
TCB4213,true bro seri paakalam today,Tanglish,0,none,0,0,0,0,0,0,0,none,"normal, neutral, or supportive statement",synthetic_tanglish
TCB4214,actually indha idea useful ah irukku,Tanglish,0,none,0,0,0,0,0,0,0,none,"normal, neutral, or supportive statement",synthetic_tanglish
TCB4215,ava innoru thadava ippadi pesina serious ah irukkum social media la bro,Tanglish,1,individual,0,1,1,0,0,0,0,medium,threatening language,synthetic_tanglish
TCB4216,yes naalaikku continue pannalam,Tanglish,0,none,0,0,0,0,0,0,0,none,"normal, neutral, or supportive statement",synthetic_tanglish
TCB4217,honestly rest eduthuko today,Tanglish,0,none,0,0,0,0,0,0,0,none,"normal, neutral, or supportive statement",synthetic_tanglish
TCB4218,ivan unwanted sexual message anuppadha chat la bro,Tanglish,1,individual,0,0,0,0,0,1,0,high,unwanted sexual pressure or abusive sexual request,synthetic_tanglish
TCB4219,bro super ah panniruka nu,Tanglish,0,none,0,0,0,0,0,0,0,none,"normal, neutral, or supportive statement",synthetic_tanglish
TCB4220,macha unakku physical harm panniduven intha post la macha,Tanglish,1,individual,0,1,1,0,0,0,0,medium,reference to physical harm,synthetic_tanglish
TCB4221,dei ava mela unwanted comments podradhu harassment chat la la,Tanglish,1,other,0,0,0,0,1,0,0,high,unwanted sexualized or appearance-based harassment,synthetic_tanglish
TCB4222,dei ava mela unwanted comments podradhu harassment public ah la,Tanglish,1,individual,0,0,0,0,1,0,0,high,unwanted sexualized or appearance-based harassment,synthetic_tanglish
TCB4223,ivan unakku brain work aagala social media la macha,Tanglish,1,individual,1,0,0,0,0,0,1,medium,direct personal insult,synthetic_tanglish
TCB4224,nice ah semma performance nu,Tanglish,0,none,0,0,0,0,0,0,0,none,"normal, neutral, or supportive statement",synthetic_tanglish
TCB4225,seri thanks for helping me da,Tanglish,0,none,0,0,0,0,0,0,0,none,"normal, neutral, or supportive statement",synthetic_tanglish
TCB4226,honestly all the best da today,Tanglish,0,none,0,0,0,0,0,0,0,none,"normal, neutral, or supportive statement",synthetic_tanglish
TCB4227,macha andha community ah nambave mudiyadhu bro,Tanglish,1,group,0,0,0,1,0,0,0,high,group-targeted hateful language,synthetic_tanglish
TCB4228,macha movie epdi irundhuchu da,Tanglish,0,none,0,0,0,0,0,0,0,none,"normal, neutral, or supportive statement",synthetic_tanglish
TCB4229,dei andha group ellam useless intha post la poda,Tanglish,1,group,0,0,0,1,0,0,0,high,group-targeted hateful language,synthetic_tanglish
TCB4230,avanga ellarum same madhiri comment section la podi,Tanglish,1,group,0,0,0,1,0,0,0,medium,group-targeted hateful language,synthetic_tanglish
TCB4231,bro movie epdi irundhuchu 👍,Tanglish,0,none,0,0,0,0,0,0,0,none,"normal, neutral, or supportive statement",synthetic_tanglish
TCB4232,true bro seri paakalam 👍,Tanglish,0,none,0,0,0,0,0,0,0,none,"normal, neutral, or supportive statement",synthetic_tanglish
TCB4233,yes nee daily improve aagite irukka macha,Tanglish,0,none,0,0,0,0,0,0,0,none,"normal, neutral, or supportive statement",synthetic_tanglish
TCB4234,actually presentation clear ah irundhuchu honestly,Tanglish,0,none,0,0,0,0,0,0,0,none,"normal, neutral, or supportive statement",synthetic_tanglish
TCB4235,true bro code check pannitu sollu today,Tanglish,0,none,0,0,0,0,0,0,0,none,"normal, neutral, or supportive statement",synthetic_tanglish
TCB4236,macha movie epdi irundhuchu,Tanglish,0,none,0,0,0,0,0,0,0,none,"normal, neutral, or supportive statement",synthetic_tanglish
TCB4237,macha unakku common sense illa public ah bro,Tanglish,1,individual,1,0,0,0,0,0,0,low,direct personal insult,synthetic_tanglish
TCB4238,ivan andha community people romba kevalam intha post la bro,Tanglish,1,group,0,0,0,1,0,0,0,medium,group-targeted hateful language,synthetic_tanglish
TCB4239,sandaila unna adikka thonudhu inga ippo,Tanglish,1,individual,0,1,1,0,0,0,0,high,reference to physical harm,synthetic_tanglish
TCB4240,honestly un effort romba nalla irukku today,Tanglish,0,none,0,0,0,0,0,0,0,none,"normal, neutral, or supportive statement",synthetic_tanglish
TCB4241,ava consent illama sexual request pannadha message la bro,Tanglish,1,other,0,0,0,0,0,1,0,medium,unwanted sexual pressure or abusive sexual request,synthetic_tanglish
TCB4242,seri nice explanation,Tanglish,0,none,0,0,0,0,0,0,0,none,"normal, neutral, or supportive statement",synthetic_tanglish
TCB4243,da keep going bro today,Tanglish,0,none,0,0,0,0,0,0,0,none,"normal, neutral, or supportive statement",synthetic_tanglish
TCB4244,da indha idea useful ah irukku today,Tanglish,0,none,0,0,0,0,0,0,0,none,"normal, neutral, or supportive statement",synthetic_tanglish
TCB4245,seriously poda dei inga la,Tanglish,1,individual,0,0,0,0,0,0,1,medium,profane or abusive wording,synthetic_tanglish
TCB4246,private photo share panna force pannadha daily ippo,Tanglish,1,individual,0,0,0,0,0,1,0,high,unwanted sexual pressure or abusive sexual request,synthetic_tanglish
TCB4247,dei ava mela unwanted comments podradhu harassment social media la,Tanglish,1,other,0,0,0,0,1,0,0,medium,unwanted sexualized or appearance-based harassment,synthetic_tanglish
TCB4248,indha idea useful ah irukku macha,Tanglish,0,none,0,0,0,0,0,0,0,none,"normal, neutral, or supportive statement",synthetic_tanglish
TCB4249,dei nee online la unwanted sexual attention kudukkadha online la podi,Tanglish,1,individual,0,0,0,0,1,0,0,high,unwanted sexualized or appearance-based harassment,synthetic_tanglish
TCB4250,actually keep going bro today,Tanglish,0,none,0,0,0,0,0,0,0,none,"normal, neutral, or supportive statement",synthetic_tanglish
TCB4251,true bro assignment submit pannitiya inniku,Tanglish,0,none,0,0,0,0,0,0,0,none,"normal, neutral, or supportive statement",synthetic_tanglish
TCB4252,actually good job bro honestly,Tanglish,0,none,0,0,0,0,0,0,0,none,"normal, neutral, or supportive statement",synthetic_tanglish
TCB4253,seri presentation clear ah irundhuchu,Tanglish,0,none,0,0,0,0,0,0,0,none,"normal, neutral, or supportive statement",synthetic_tanglish
TCB4254,true bro all the best da,Tanglish,0,none,0,0,0,0,0,0,0,none,"normal, neutral, or supportive statement",synthetic_tanglish
TCB4255,macha unna adichiduven online la poda,Tanglish,1,individual,0,0,1,0,0,0,0,medium,reference to physical harm,synthetic_tanglish
TCB4256,yes happy for your progress honestly,Tanglish,0,none,0,0,0,0,0,0,0,none,"normal, neutral, or supportive statement",synthetic_tanglish
TCB4257,seriously andha community people romba kevalam social media la nu,Tanglish,1,group,0,0,0,1,0,0,0,medium,group-targeted hateful language,synthetic_tanglish
TCB4258,honestly happy for your progress inniku,Tanglish,0,none,0,0,0,0,0,0,0,none,"normal, neutral, or supportive statement",synthetic_tanglish
TCB4259,dei nee avanga ellarum same madhiri chat la poda,Tanglish,1,group,0,0,0,1,0,0,0,medium,group-targeted hateful language,synthetic_tanglish
TCB4260,seri thanks for helping me,Tanglish,0,none,0,0,0,0,0,0,0,none,"normal, neutral, or supportive statement",synthetic_tanglish
TCB4261,ava personal appearance ah target panni tease pannadha intha post la la,Tanglish,1,individual,0,0,0,0,1,0,0,medium,unwanted sexualized or appearance-based harassment,synthetic_tanglish
TCB4262,listen nee oru waste fellow social media la poda,Tanglish,1,individual,1,0,0,0,0,0,0,low,direct personal insult,synthetic_tanglish
TCB4263,correct ah sonna bro,Tanglish,0,none,0,0,0,0,0,0,0,none,"normal, neutral, or supportive statement",synthetic_tanglish
TCB4264,yes good job bro bro,Tanglish,0,none,0,0,0,0,0,0,0,none,"normal, neutral, or supportive statement",synthetic_tanglish
TCB4265,honestly solution useful ah irukku da,Tanglish,0,none,0,0,0,0,0,0,0,none,"normal, neutral, or supportive statement",synthetic_tanglish
TCB4266,listen dei poda inga,Tanglish,1,individual,0,0,0,0,0,0,1,low,profane or abusive wording,synthetic_tanglish
TCB4267,seriously enna oru mokka person chat la la,Tanglish,1,individual,1,0,0,0,0,0,0,medium,direct personal insult,synthetic_tanglish
TCB4268,dei fight panna vandha paathukalam inga,Tanglish,1,other,0,1,1,0,0,0,0,high,reference to physical harm,synthetic_tanglish
TCB4269,bro un photo paathu sexual comments podradhu wrong online la poda,Tanglish,1,individual,0,0,0,0,1,0,0,high,unwanted sexualized or appearance-based harassment,synthetic_tanglish
TCB4270,dei nee enna paaru naan unna paathukuren message la macha,Tanglish,1,individual,0,1,0,0,0,0,0,high,threatening language,synthetic_tanglish
TCB4271,da correct ah sonna honestly,Tanglish,0,none,0,0,0,0,0,0,0,none,"normal, neutral, or supportive statement",synthetic_tanglish
TCB4272,seriously poda da online la podi,Tanglish,1,other,0,0,0,0,0,0,1,low,profane or abusive wording,synthetic_tanglish
TCB4273,actually un effort romba nalla irukku inniku,Tanglish,0,none,0,0,0,0,0,0,0,none,"normal, neutral, or supportive statement",synthetic_tanglish
TCB4274,macha project nalla develop aaguthu honestly,Tanglish,0,none,0,0,0,0,0,0,0,none,"normal, neutral, or supportive statement",synthetic_tanglish
TCB4275,bro assignment submit pannitiya today,Tanglish,0,none,0,0,0,0,0,0,0,none,"normal, neutral, or supportive statement",synthetic_tanglish
TCB4276,nice explanation macha,Tanglish,0,none,0,0,0,0,0,0,0,none,"normal, neutral, or supportive statement",synthetic_tanglish
TCB4277,bro podi dei online la poda,Tanglish,1,individual,1,0,0,0,0,0,1,medium,profane or abusive wording,synthetic_tanglish
TCB4278,honestly meeting five mani ku irukku,Tanglish,0,none,0,0,0,0,0,0,0,none,"normal, neutral, or supportive statement",synthetic_tanglish
TCB4279,da later discuss pannalam today,Tanglish,0,none,0,0,0,0,0,0,0,none,"normal, neutral, or supportive statement",synthetic_tanglish
TCB4280,naan unakku support panren 👍,Tanglish,0,none,0,0,0,0,0,0,0,none,"normal, neutral, or supportive statement",synthetic_tanglish
TCB4281,da happy for your progress,Tanglish,0,none,0,0,0,0,0,0,0,none,"normal, neutral, or supportive statement",synthetic_tanglish
TCB4282,nice ah team work nalla pannenga,Tanglish,0,none,0,0,0,0,0,0,0,none,"normal, neutral, or supportive statement",synthetic_tanglish
TCB4283,dei mokka inga da,Tanglish,1,other,1,0,0,0,0,0,1,low,profane or abusive wording,synthetic_tanglish
TCB4284,listen nee onnum purinjikala daily da,Tanglish,1,individual,1,0,0,0,0,0,1,medium,direct personal insult,synthetic_tanglish
TCB4285,nice ah happy for your progress inniku,Tanglish,0,none,0,0,0,0,0,0,0,none,"normal, neutral, or supportive statement",synthetic_tanglish
TCB4286,bro andha group ellam useless social media la la,Tanglish,1,group,0,0,0,1,0,0,0,high,group-targeted hateful language,synthetic_tanglish
TCB4287,listen consent illama private photo kekkadha online la da,Tanglish,1,individual,0,0,0,0,1,1,0,high,unwanted sexual pressure or abusive sexual request,synthetic_tanglish
TCB4288,macha database update panniten da,Tanglish,0,none,0,0,0,0,0,0,0,none,"normal, neutral, or supportive statement",synthetic_tanglish
TCB4289,da all the best da inniku,Tanglish,0,none,0,0,0,0,0,0,0,none,"normal, neutral, or supportive statement",synthetic_tanglish
TCB4290,bro unakku physical harm panniduven social media la macha,Tanglish,1,individual,0,0,1,0,0,0,0,high,reference to physical harm,synthetic_tanglish
TCB4291,nee andha group ellam useless social media la bro,Tanglish,1,group,0,0,0,1,0,0,0,medium,group-targeted hateful language,synthetic_tanglish
TCB4292,listen poda mental public ah,Tanglish,1,individual,1,0,0,0,0,0,1,medium,profane or abusive wording,synthetic_tanglish
TCB4293,seriously consent illama sexual request pannadha chat la bro,Tanglish,1,other,0,0,0,0,0,1,0,medium,unwanted sexual pressure or abusive sexual request,synthetic_tanglish
TCB4294,yes un effort romba nalla irukku da,Tanglish,0,none,0,0,0,0,0,0,0,none,"normal, neutral, or supportive statement",synthetic_tanglish
TCB4295,nee unakku sense eh illa online la bro,Tanglish,1,individual,1,0,0,0,0,0,0,medium,direct personal insult,synthetic_tanglish
TCB4296,nee poda waste da,Tanglish,1,other,0,0,0,0,0,0,1,medium,profane or abusive wording,synthetic_tanglish
TCB4297,ava unnoda actions ku answer kudukkanum public ah bro,Tanglish,1,individual,0,1,0,0,0,0,0,medium,threatening language,synthetic_tanglish
TCB4298,ivan nee onnum purinjikala chat la ah,Tanglish,1,individual,1,0,0,0,0,0,0,low,direct personal insult,synthetic_tanglish
TCB4299,seriously unna physical ah attack panniduven intha post la ah,Tanglish,1,individual,0,0,1,0,0,0,0,high,reference to physical harm,synthetic_tanglish
TCB4300,ava innoru thadava ippadi pesina serious ah irukkum chat la ah,Tanglish,1,individual,0,1,1,0,0,0,0,medium,threatening language,synthetic_tanglish
TCB4301,actually class nalla irundhucha bro,Tanglish,0,none,0,0,0,0,0,0,0,none,"normal, neutral, or supportive statement",synthetic_tanglish
TCB4302,bro nee oru embarrassment public ah macha,Tanglish,1,individual,1,0,0,0,0,0,0,low,direct personal insult,synthetic_tanglish
TCB4303,dei poda intha post la bro,Tanglish,1,individual,0,0,0,0,0,0,1,low,profane or abusive wording,synthetic_tanglish
TCB4304,dei private content force panna vendam message la,Tanglish,1,individual,0,0,0,0,1,1,0,high,unwanted sexual pressure or abusive sexual request,synthetic_tanglish
TCB4305,ava podi loosu intha post la da,Tanglish,1,individual,1,0,0,0,0,0,1,medium,profane or abusive wording,synthetic_tanglish
TCB4306,macha semma performance macha,Tanglish,0,none,0,0,0,0,0,0,0,none,"normal, neutral, or supportive statement",synthetic_tanglish
TCB4307,dei enna paaru naan unna paathukuren public ah podi,Tanglish,1,other,0,1,0,0,0,0,0,high,threatening language,synthetic_tanglish
TCB4308,dei un photo ku sexual comment podradhu wrong public ah nu,Tanglish,1,individual,0,0,0,0,1,0,0,medium,unwanted sexualized or appearance-based harassment,synthetic_tanglish
TCB4309,seriously innoru thadava ippadi pesina serious ah irukkum ah,Tanglish,1,individual,0,1,1,0,0,0,0,high,threatening language,synthetic_tanglish
TCB4310,macha unna beat panniduven podi,Tanglish,1,individual,0,0,1,0,0,0,0,high,reference to physical harm,synthetic_tanglish
TCB4311,macha later discuss pannalam honestly,Tanglish,0,none,0,0,0,0,0,0,0,none,"normal, neutral, or supportive statement",synthetic_tanglish
TCB4312,ava un photo paathu sexual comments podradhu wrong message la podi,Tanglish,1,individual,0,0,0,0,1,0,0,high,unwanted sexualized or appearance-based harassment,synthetic_tanglish
TCB4313,ava nee pesuradhellam mokka comment section la da,Tanglish,1,individual,1,0,0,0,0,0,0,low,direct personal insult,synthetic_tanglish
TCB4314,dei un brain enga pochu message la ah,Tanglish,1,other,1,0,0,0,0,0,0,low,direct personal insult,synthetic_tanglish
TCB4315,bro later discuss pannalam honestly,Tanglish,0,none,0,0,0,0,0,0,0,none,"normal, neutral, or supportive statement",synthetic_tanglish
TCB4316,ivan unwanted sexual message anuppadha intha post la da,Tanglish,1,individual,0,0,0,0,0,1,0,high,unwanted sexual pressure or abusive sexual request,synthetic_tanglish
TCB4317,honestly movie epdi irundhuchu la,Tanglish,0,none,0,0,0,0,0,0,0,none,"normal, neutral, or supportive statement",synthetic_tanglish
TCB4318,dei nee nee onnum purinjikala la,Tanglish,1,other,1,0,0,0,0,0,1,low,direct personal insult,synthetic_tanglish
TCB4319,seriously enna oru mokka person intha post la poda,Tanglish,1,individual,1,0,0,0,0,0,0,medium,direct personal insult,synthetic_tanglish
TCB4320,macha happy for your progress inniku,Tanglish,0,none,0,0,0,0,0,0,0,none,"normal, neutral, or supportive statement",synthetic_tanglish
TCB4321,bro ava mela unwanted comments podradhu harassment daily poda,Tanglish,1,individual,0,0,0,0,1,0,0,high,unwanted sexualized or appearance-based harassment,synthetic_tanglish
TCB4322,bro consent illama private photo kekkadha public ah poda,Tanglish,1,individual,0,0,0,0,0,1,0,medium,unwanted sexual pressure or abusive sexual request,synthetic_tanglish
TCB4323,ivan private photo share panna force pannadha message la ah,Tanglish,1,other,0,0,0,0,0,1,0,medium,unwanted sexual pressure or abusive sexual request,synthetic_tanglish
TCB4324,ivan andha group people ellam mosam daily ah,Tanglish,1,group,0,0,0,1,0,0,0,high,group-targeted hateful language,synthetic_tanglish
TCB4325,macha dei summa iru la,Tanglish,1,individual,1,0,0,0,0,0,1,low,profane or abusive wording,synthetic_tanglish
TCB4326,dei nee dei poda social media la la,Tanglish,1,individual,0,0,0,0,0,0,1,medium,profane or abusive wording,synthetic_tanglish
TCB4327,ivan po da inga irundhu la,Tanglish,1,individual,0,0,0,0,0,0,1,low,profane or abusive wording,synthetic_tanglish
TCB4328,dei nee unna adichiduven social media la nu,Tanglish,1,individual,0,1,1,0,0,0,0,high,reference to physical harm,synthetic_tanglish
TCB4329,bro un body pathi public ah pesa vendam intha post la nu,Tanglish,1,other,0,0,0,0,1,0,0,medium,unwanted sexualized or appearance-based harassment,synthetic_tanglish
TCB4330,seriously poda waste intha post la nu,Tanglish,1,individual,1,0,0,0,0,0,1,medium,profane or abusive wording,synthetic_tanglish
TCB4331,bro nee oru joker message la nu,Tanglish,1,individual,1,0,0,0,0,0,0,medium,direct personal insult,synthetic_tanglish
TCB4332,bro poda waste message la da,Tanglish,1,other,0,0,0,0,0,0,1,low,profane or abusive wording,synthetic_tanglish
TCB4333,bro ava mela unwanted comments podradhu harassment comment section la nu,Tanglish,1,other,0,0,0,0,1,0,0,high,unwanted sexualized or appearance-based harassment,synthetic_tanglish
TCB4334,nice ah inniku session epdi pochu bro,Tanglish,0,none,0,0,0,0,0,0,0,none,"normal, neutral, or supportive statement",synthetic_tanglish
TCB4335,seri thanks for helping me today,Tanglish,0,none,0,0,0,0,0,0,0,none,"normal, neutral, or supportive statement",synthetic_tanglish
TCB4336,yes keep going bro 👍,Tanglish,0,none,0,0,0,0,0,0,0,none,"normal, neutral, or supportive statement",synthetic_tanglish
TCB4337,seri nee daily improve aagite irukka honestly,Tanglish,0,none,0,0,0,0,0,0,0,none,"normal, neutral, or supportive statement",synthetic_tanglish
TCB4338,dei private photo share panna force pannadha inga bro,Tanglish,1,individual,0,0,0,0,0,1,0,medium,unwanted sexual pressure or abusive sexual request,synthetic_tanglish
TCB4339,seriously avanga ellarum same madhiri intha post la podi,Tanglish,1,group,0,0,0,1,0,0,0,medium,group-targeted hateful language,synthetic_tanglish
TCB4340,ava mela unwanted comments podradhu harassment comment section la bro,Tanglish,1,individual,0,0,0,0,1,0,0,medium,unwanted sexualized or appearance-based harassment,synthetic_tanglish
TCB4341,class nalla irundhucha today,Tanglish,0,none,0,0,0,0,0,0,0,none,"normal, neutral, or supportive statement",synthetic_tanglish
TCB4342,ava unakku consequences irukkum macha,Tanglish,1,individual,0,1,1,0,0,0,0,high,threatening language,synthetic_tanglish
TCB4343,ivan po da inga irundhu nu,Tanglish,1,other,1,0,0,0,0,0,1,low,profane or abusive wording,synthetic_tanglish
TCB4344,seri naan unakku support panren honestly,Tanglish,0,none,0,0,0,0,0,0,0,none,"normal, neutral, or supportive statement",synthetic_tanglish
TCB4345,honestly un effort romba nalla irukku inniku,Tanglish,0,none,0,0,0,0,0,0,0,none,"normal, neutral, or supportive statement",synthetic_tanglish
TCB4346,actually nee nalla work pannita bro,Tanglish,0,none,0,0,0,0,0,0,0,none,"normal, neutral, or supportive statement",synthetic_tanglish
TCB4347,ivan unakku consequences irukkum online la da,Tanglish,1,other,0,1,0,0,0,0,0,high,threatening language,synthetic_tanglish
TCB4348,code check pannitu sollu da,Tanglish,0,none,0,0,0,0,0,0,0,none,"normal, neutral, or supportive statement",synthetic_tanglish
TCB4349,nee personal appearance ah target panni tease pannadha chat la,Tanglish,1,other,0,0,0,0,1,0,0,medium,unwanted sexualized or appearance-based harassment,synthetic_tanglish
TCB4350,true bro inniku session epdi pochu,Tanglish,0,none,0,0,0,0,0,0,0,none,"normal, neutral, or supportive statement",synthetic_tanglish
TCB4351,bro project nalla develop aaguthu 👍,Tanglish,0,none,0,0,0,0,0,0,0,none,"normal, neutral, or supportive statement",synthetic_tanglish
TCB4352,ava innoru message anuppina paathuko macha,Tanglish,1,individual,0,1,1,0,0,0,0,high,threatening language,synthetic_tanglish
TCB4353,nee podi da macha,Tanglish,1,individual,1,0,0,0,0,0,1,medium,profane or abusive wording,synthetic_tanglish
TCB4354,macha unakku brain work aagala daily nu,Tanglish,1,individual,1,0,0,0,0,0,1,low,direct personal insult,synthetic_tanglish
TCB4355,macha meeting five mani ku irukku la,Tanglish,0,none,0,0,0,0,0,0,0,none,"normal, neutral, or supportive statement",synthetic_tanglish
TCB4356,macha avanga madhiri people inga vendaam intha post la nu,Tanglish,1,group,0,0,0,1,0,0,0,high,group-targeted hateful language,synthetic_tanglish
TCB4357,true bro class nalla irundhucha inniku,Tanglish,0,none,0,0,0,0,0,0,0,none,"normal, neutral, or supportive statement",synthetic_tanglish
TCB4358,listen unna beat panniduven message la da,Tanglish,1,other,0,0,1,0,0,0,0,medium,reference to physical harm,synthetic_tanglish
TCB4359,bro nice explanation macha,Tanglish,0,none,0,0,0,0,0,0,0,none,"normal, neutral, or supportive statement",synthetic_tanglish
TCB4360,seriously unna hurt panniduven chat la ah,Tanglish,1,individual,0,0,1,0,0,0,0,medium,reference to physical harm,synthetic_tanglish
TCB4361,nee poda waste message la,Tanglish,1,individual,0,0,0,0,0,0,1,medium,profane or abusive wording,synthetic_tanglish
TCB4362,naan unna confront panren daily la,Tanglish,1,individual,0,1,1,0,0,0,0,high,threatening language,synthetic_tanglish
TCB4363,naalaikku continue pannalam,Tanglish,0,none,0,0,0,0,0,0,0,none,"normal, neutral, or supportive statement",synthetic_tanglish
TCB4364,movie epdi irundhuchu bro,Tanglish,0,none,0,0,0,0,0,0,0,none,"normal, neutral, or supportive statement",synthetic_tanglish
TCB4365,macha naalaikku continue pannalam honestly,Tanglish,0,none,0,0,0,0,0,0,0,none,"normal, neutral, or supportive statement",synthetic_tanglish
TCB4366,unna adikka varuven daily da,Tanglish,1,other,0,1,1,0,0,0,0,medium,reference to physical harm,synthetic_tanglish
TCB4367,listen enna oru mokka person message la poda,Tanglish,1,individual,1,0,0,0,0,0,0,medium,direct personal insult,synthetic_tanglish
TCB4368,private photo share panna force pannadha comment section la podi,Tanglish,1,individual,0,0,0,0,1,1,0,medium,unwanted sexual pressure or abusive sexual request,synthetic_tanglish
TCB4369,macha un appearance pathi unwanted comment poda vendam chat la,Tanglish,1,other,0,0,0,0,1,0,0,high,unwanted sexualized or appearance-based harassment,synthetic_tanglish
TCB4370,seri happy for your progress macha,Tanglish,0,none,0,0,0,0,0,0,0,none,"normal, neutral, or supportive statement",synthetic_tanglish
TCB4371,bro sandaila unna adikka thonudhu inga ippo,Tanglish,1,individual,0,1,1,0,0,0,0,medium,reference to physical harm,synthetic_tanglish
TCB4372,true bro super ah panniruka nu,Tanglish,0,none,0,0,0,0,0,0,0,none,"normal, neutral, or supportive statement",synthetic_tanglish
TCB4373,actually solution useful ah irukku inniku,Tanglish,0,none,0,0,0,0,0,0,0,none,"normal, neutral, or supportive statement",synthetic_tanglish
TCB4374,actually presentation clear ah irundhuchu inniku,Tanglish,0,none,0,0,0,0,0,0,0,none,"normal, neutral, or supportive statement",synthetic_tanglish
TCB4375,ivan naan unna confront panren online la podi,Tanglish,1,individual,0,1,1,0,0,0,0,medium,threatening language,synthetic_tanglish
TCB4376,macha food saptiya today,Tanglish,0,none,0,0,0,0,0,0,0,none,"normal, neutral, or supportive statement",synthetic_tanglish
TCB4377,macha private photo share panna force pannadha daily,Tanglish,1,individual,0,0,0,0,0,1,0,medium,unwanted sexual pressure or abusive sexual request,synthetic_tanglish
TCB4378,rest eduthuko da,Tanglish,0,none,0,0,0,0,0,0,0,none,"normal, neutral, or supportive statement",synthetic_tanglish
TCB4379,macha correct ah sonna bro,Tanglish,0,none,0,0,0,0,0,0,0,none,"normal, neutral, or supportive statement",synthetic_tanglish
TCB4380,ava nee enna pannalum naan respond panren social media la macha,Tanglish,1,individual,0,1,1,0,0,0,0,high,threatening language,synthetic_tanglish
TCB4381,keep going bro bro,Tanglish,0,none,0,0,0,0,0,0,0,none,"normal, neutral, or supportive statement",synthetic_tanglish
TCB4382,bro dei mokka inga macha,Tanglish,1,individual,1,0,0,0,0,0,1,low,profane or abusive wording,synthetic_tanglish
TCB4383,ivan nee onnum purinjikala comment section la da,Tanglish,1,other,1,0,0,0,0,0,1,medium,direct personal insult,synthetic_tanglish
TCB4384,honestly project nalla develop aaguthu macha,Tanglish,0,none,0,0,0,0,0,0,0,none,"normal, neutral, or supportive statement",synthetic_tanglish
TCB4385,ivan avanga ellarum same madhiri intha post la nu,Tanglish,1,group,0,0,0,1,0,0,0,high,group-targeted hateful language,synthetic_tanglish
TCB4386,listen dei mokka online la la,Tanglish,1,other,0,0,0,0,0,0,1,medium,profane or abusive wording,synthetic_tanglish
TCB4387,project nalla develop aaguthu,Tanglish,0,none,0,0,0,0,0,0,0,none,"normal, neutral, or supportive statement",synthetic_tanglish
TCB4388,ivan innoru message anuppina paathuko inga podi,Tanglish,1,other,0,1,1,0,0,0,0,high,threatening language,synthetic_tanglish
TCB4389,seri all the best da la,Tanglish,0,none,0,0,0,0,0,0,0,none,"normal, neutral, or supportive statement",synthetic_tanglish
TCB4390,yes naan unakku support panren la,Tanglish,0,none,0,0,0,0,0,0,0,none,"normal, neutral, or supportive statement",synthetic_tanglish
TCB4391,honestly nice explanation today,Tanglish,0,none,0,0,0,0,0,0,0,none,"normal, neutral, or supportive statement",synthetic_tanglish
TCB4392,true bro movie epdi irundhuchu today,Tanglish,0,none,0,0,0,0,0,0,0,none,"normal, neutral, or supportive statement",synthetic_tanglish
TCB4393,seriously consent illama sexual request pannadha intha post la la,Tanglish,1,other,0,0,0,0,1,1,0,high,unwanted sexual pressure or abusive sexual request,synthetic_tanglish
TCB4394,actually food saptiya today,Tanglish,0,none,0,0,0,0,0,0,0,none,"normal, neutral, or supportive statement",synthetic_tanglish
TCB4395,ivan andha group ellam useless social media la bro,Tanglish,1,group,0,0,0,1,0,0,0,high,group-targeted hateful language,synthetic_tanglish
TCB4396,ivan nee inga vandha unakku problem intha post la podi,Tanglish,1,individual,0,1,1,0,0,0,0,high,threatening language,synthetic_tanglish
TCB4397,yes super ah panniruka honestly,Tanglish,0,none,0,0,0,0,0,0,0,none,"normal, neutral, or supportive statement",synthetic_tanglish
TCB4398,bro consent illama sexual request pannadha comment section la ah,Tanglish,1,other,0,0,0,0,0,1,0,high,unwanted sexual pressure or abusive sexual request,synthetic_tanglish
TCB4399,ivan andha group ellam useless intha post la da,Tanglish,1,group,0,0,0,1,0,0,0,high,group-targeted hateful language,synthetic_tanglish
TCB4400,dei nee dei poda public ah ah,Tanglish,1,other,1,0,0,0,0,0,1,low,profane or abusive wording,synthetic_tanglish
TCB4401,dei nee un appearance pathi unwanted comment poda vendam public ah bro,Tanglish,1,individual,0,0,0,0,1,0,0,high,unwanted sexualized or appearance-based harassment,synthetic_tanglish
TCB4402,yes super ah panniruka 👍,Tanglish,0,none,0,0,0,0,0,0,0,none,"normal, neutral, or supportive statement",synthetic_tanglish
TCB4403,dei nee un body ah comment panni disturb pannadha public ah ippo,Tanglish,1,individual,0,0,0,0,1,0,0,medium,unwanted sexualized or appearance-based harassment,synthetic_tanglish
TCB4404,seri semma performance honestly,Tanglish,0,none,0,0,0,0,0,0,0,none,"normal, neutral, or supportive statement",synthetic_tanglish
TCB4405,dei nee unna beat panniduven chat la ippo,Tanglish,1,individual,0,0,1,0,0,0,0,medium,reference to physical harm,synthetic_tanglish
TCB4406,da database update panniten today,Tanglish,0,none,0,0,0,0,0,0,0,none,"normal, neutral, or supportive statement",synthetic_tanglish
TCB4407,nice ah nee daily improve aagite irukka,Tanglish,0,none,0,0,0,0,0,0,0,none,"normal, neutral, or supportive statement",synthetic_tanglish
TCB4408,actually correct ah sonna,Tanglish,0,none,0,0,0,0,0,0,0,none,"normal, neutral, or supportive statement",synthetic_tanglish
TCB4409,nice ah team work nalla pannenga macha,Tanglish,0,none,0,0,0,0,0,0,0,none,"normal, neutral, or supportive statement",synthetic_tanglish
TCB4410,ivan un photo paathu sexual comments podradhu wrong social media la ippo,Tanglish,1,other,0,0,0,0,1,0,0,high,unwanted sexualized or appearance-based harassment,synthetic_tanglish
TCB4411,seri nee nalla work pannita macha,Tanglish,0,none,0,0,0,0,0,0,0,none,"normal, neutral, or supportive statement",synthetic_tanglish
TCB4412,true bro keep going bro da,Tanglish,0,none,0,0,0,0,0,0,0,none,"normal, neutral, or supportive statement",synthetic_tanglish
TCB4413,macha nee daily improve aagite irukka,Tanglish,0,none,0,0,0,0,0,0,0,none,"normal, neutral, or supportive statement",synthetic_tanglish
TCB4414,true bro code check pannitu sollu nu,Tanglish,0,none,0,0,0,0,0,0,0,none,"normal, neutral, or supportive statement",synthetic_tanglish
TCB4415,consent illama private photo kekkadha message la ippo,Tanglish,1,other,0,0,0,0,0,1,0,medium,unwanted sexual pressure or abusive sexual request,synthetic_tanglish
TCB4416,ivan unnoda actions ku answer kudukkanum intha post la ippo,Tanglish,1,other,0,1,0,0,0,0,0,medium,threatening language,synthetic_tanglish
TCB4417,ivan un brain enga pochu public ah bro,Tanglish,1,other,1,0,0,0,0,0,1,medium,direct personal insult,synthetic_tanglish
TCB4418,yes project nalla develop aaguthu 👍,Tanglish,0,none,0,0,0,0,0,0,0,none,"normal, neutral, or supportive statement",synthetic_tanglish
TCB4419,dei nee personal appearance ah target panni tease pannadha daily bro,Tanglish,1,individual,0,0,0,0,1,0,0,medium,unwanted sexualized or appearance-based harassment,synthetic_tanglish
TCB4420,honestly team work nalla pannenga nu,Tanglish,0,none,0,0,0,0,0,0,0,none,"normal, neutral, or supportive statement",synthetic_tanglish
TCB4421,seri food saptiya da,Tanglish,0,none,0,0,0,0,0,0,0,none,"normal, neutral, or supportive statement",synthetic_tanglish
TCB4422,un brain enga pochu message la ippo,Tanglish,1,individual,1,0,0,0,0,0,1,medium,direct personal insult,synthetic_tanglish
TCB4423,dei nee unwanted sexual message anuppadha intha post la ah,Tanglish,1,individual,0,0,0,0,1,1,0,high,unwanted sexual pressure or abusive sexual request,synthetic_tanglish
TCB4424,nice ah nee nalla work pannita macha,Tanglish,0,none,0,0,0,0,0,0,0,none,"normal, neutral, or supportive statement",synthetic_tanglish
TCB4425,da happy for your progress inniku,Tanglish,0,none,0,0,0,0,0,0,0,none,"normal, neutral, or supportive statement",synthetic_tanglish
TCB4426,yes nee nalla work pannita today,Tanglish,0,none,0,0,0,0,0,0,0,none,"normal, neutral, or supportive statement",synthetic_tanglish
TCB4427,nice ah un effort romba nalla irukku,Tanglish,0,none,0,0,0,0,0,0,0,none,"normal, neutral, or supportive statement",synthetic_tanglish
TCB4428,nee daily improve aagite irukka bro,Tanglish,0,none,0,0,0,0,0,0,0,none,"normal, neutral, or supportive statement",synthetic_tanglish
TCB4429,actually nee daily improve aagite irukka today,Tanglish,0,none,0,0,0,0,0,0,0,none,"normal, neutral, or supportive statement",synthetic_tanglish
TCB4430,rest eduthuko 👍,Tanglish,0,none,0,0,0,0,0,0,0,none,"normal, neutral, or supportive statement",synthetic_tanglish
TCB4431,movie epdi irundhuchu,Tanglish,0,none,0,0,0,0,0,0,0,none,"normal, neutral, or supportive statement",synthetic_tanglish
TCB4432,honestly seri paakalam inniku,Tanglish,0,none,0,0,0,0,0,0,0,none,"normal, neutral, or supportive statement",synthetic_tanglish
TCB4433,da nice explanation macha,Tanglish,0,none,0,0,0,0,0,0,0,none,"normal, neutral, or supportive statement",synthetic_tanglish
TCB4434,un body ah comment panni disturb pannadha social media la la,Tanglish,1,other,0,0,0,0,1,0,0,high,unwanted sexualized or appearance-based harassment,synthetic_tanglish
TCB4435,dei dei summa iru comment section la da,Tanglish,1,individual,0,0,0,0,0,0,1,low,profane or abusive wording,synthetic_tanglish
TCB4436,dei nee un photo ku sexual comment podradhu wrong online la ippo,Tanglish,1,other,0,0,0,0,1,0,0,medium,unwanted sexualized or appearance-based harassment,synthetic_tanglish
TCB4437,honestly movie epdi irundhuchu bro,Tanglish,0,none,0,0,0,0,0,0,0,none,"normal, neutral, or supportive statement",synthetic_tanglish
TCB4438,dei nee un appearance pathi unwanted comment poda vendam online la poda,Tanglish,1,other,0,0,0,0,1,0,0,medium,unwanted sexualized or appearance-based harassment,synthetic_tanglish
TCB4439,listen nee pesuradhellam mokka nu,Tanglish,1,individual,1,0,0,0,0,0,0,low,direct personal insult,synthetic_tanglish
TCB4440,macha nee romba pathetic online la da,Tanglish,1,individual,1,0,0,0,0,0,0,medium,direct personal insult,synthetic_tanglish
TCB4441,happy for your progress,Tanglish,0,none,0,0,0,0,0,0,0,none,"normal, neutral, or supportive statement",synthetic_tanglish
TCB4442,listen nee oru embarrassment social media la,Tanglish,1,other,1,0,0,0,0,0,1,medium,direct personal insult,synthetic_tanglish
TCB4443,bro podi da social media la poda,Tanglish,1,other,0,0,0,0,0,0,1,low,profane or abusive wording,synthetic_tanglish
TCB4444,actually seri paakalam today,Tanglish,0,none,0,0,0,0,0,0,0,none,"normal, neutral, or supportive statement",synthetic_tanglish
TCB4445,seriously nee romba stupid inga poda,Tanglish,1,other,1,0,0,0,0,0,1,medium,direct personal insult,synthetic_tanglish
TCB4446,actually team work nalla pannenga bro,Tanglish,0,none,0,0,0,0,0,0,0,none,"normal, neutral, or supportive statement",synthetic_tanglish
TCB4447,nee innoru thadava ippadi pesina serious ah irukkum la,Tanglish,1,individual,0,1,1,0,0,0,0,high,threatening language,synthetic_tanglish
TCB4448,unna hurt panniduven daily la,Tanglish,1,individual,0,1,1,0,0,0,0,medium,reference to physical harm,synthetic_tanglish
TCB4449,unwanted sexual message anuppadha comment section la,Tanglish,1,individual,0,0,0,0,0,1,0,high,unwanted sexual pressure or abusive sexual request,synthetic_tanglish
TCB4450,nee nee oru loosu public ah la,Tanglish,1,individual,1,0,0,0,0,0,0,low,direct personal insult,synthetic_tanglish
TCB4451,yes nice explanation bro,Tanglish,0,none,0,0,0,0,0,0,0,none,"normal, neutral, or supportive statement",synthetic_tanglish
TCB4452,nice ah code check pannitu sollu today,Tanglish,0,none,0,0,0,0,0,0,0,none,"normal, neutral, or supportive statement",synthetic_tanglish
TCB4453,database update panniten macha,Tanglish,0,none,0,0,0,0,0,0,0,none,"normal, neutral, or supportive statement",synthetic_tanglish
TCB4454,macha naan unakku support panren bro,Tanglish,0,none,0,0,0,0,0,0,0,none,"normal, neutral, or supportive statement",synthetic_tanglish
TCB4455,honestly nee nalla work pannita la,Tanglish,0,none,0,0,0,0,0,0,0,none,"normal, neutral, or supportive statement",synthetic_tanglish
TCB4456,dei nee oru useless fellow,Tanglish,1,other,1,0,0,0,0,0,0,medium,direct personal insult,synthetic_tanglish
TCB4457,dei un performance romba kevalam social media la da,Tanglish,1,individual,1,0,0,0,0,0,0,low,direct personal insult,synthetic_tanglish
TCB4458,ava consent illama private photo kekkadha intha post la la,Tanglish,1,individual,0,0,0,0,1,1,0,medium,unwanted sexual pressure or abusive sexual request,synthetic_tanglish
TCB4459,bro unna adikka varuven daily,Tanglish,1,individual,0,0,1,0,0,0,0,high,reference to physical harm,synthetic_tanglish
TCB4460,super ah panniruka da,Tanglish,0,none,0,0,0,0,0,0,0,none,"normal, neutral, or supportive statement",synthetic_tanglish
TCB4461,da seri paakalam honestly,Tanglish,0,none,0,0,0,0,0,0,0,none,"normal, neutral, or supportive statement",synthetic_tanglish
TCB4462,nee unakku nalla warning idhu inga bro,Tanglish,1,other,0,1,1,0,0,0,0,medium,threatening language,synthetic_tanglish
TCB4463,bro indha idea useful ah irukku 👍,Tanglish,0,none,0,0,0,0,0,0,0,none,"normal, neutral, or supportive statement",synthetic_tanglish
TCB4464,ivan fight panna vandha paathukalam online la nu,Tanglish,1,individual,0,0,1,0,0,0,0,high,reference to physical harm,synthetic_tanglish
TCB4465,yes movie epdi irundhuchu today,Tanglish,0,none,0,0,0,0,0,0,0,none,"normal, neutral, or supportive statement",synthetic_tanglish
TCB4466,actually nee nalla work pannita nu,Tanglish,0,none,0,0,0,0,0,0,0,none,"normal, neutral, or supportive statement",synthetic_tanglish
TCB4467,da seri paakalam 👍,Tanglish,0,none,0,0,0,0,0,0,0,none,"normal, neutral, or supportive statement",synthetic_tanglish
TCB4468,nee avanga group ah support panna koodadhu online la bro,Tanglish,1,group,0,0,0,1,0,0,0,medium,group-targeted hateful language,synthetic_tanglish
TCB4469,bro later discuss pannalam 👍,Tanglish,0,none,0,0,0,0,0,0,0,none,"normal, neutral, or supportive statement",synthetic_tanglish
TCB4470,bro consent illama private photo kekkadha daily nu,Tanglish,1,other,0,0,0,0,1,1,0,high,unwanted sexual pressure or abusive sexual request,synthetic_tanglish
TCB4471,seriously un body ah comment panni disturb pannadha intha post la bro,Tanglish,1,other,0,0,0,0,1,0,0,medium,unwanted sexualized or appearance-based harassment,synthetic_tanglish
TCB4472,seri assignment submit pannitiya macha,Tanglish,0,none,0,0,0,0,0,0,0,none,"normal, neutral, or supportive statement",synthetic_tanglish
TCB4473,dei nee private content force panna vendam inga ah,Tanglish,1,individual,0,0,0,0,0,1,0,high,unwanted sexual pressure or abusive sexual request,synthetic_tanglish
TCB4474,dei enna paaru naan unna paathukuren public ah da,Tanglish,1,other,0,1,0,0,0,0,0,high,threatening language,synthetic_tanglish
TCB4475,honestly nice explanation macha,Tanglish,0,none,0,0,0,0,0,0,0,none,"normal, neutral, or supportive statement",synthetic_tanglish
TCB4476,consent illama private photo kekkadha message la bro,Tanglish,1,individual,0,0,0,0,0,1,0,high,unwanted sexual pressure or abusive sexual request,synthetic_tanglish
TCB4477,bro po da inga irundhu daily da,Tanglish,1,individual,0,0,0,0,0,0,1,medium,profane or abusive wording,synthetic_tanglish
TCB4478,actually rest eduthuko macha,Tanglish,0,none,0,0,0,0,0,0,0,none,"normal, neutral, or supportive statement",synthetic_tanglish
TCB4479,macha keep going bro honestly,Tanglish,0,none,0,0,0,0,0,0,0,none,"normal, neutral, or supportive statement",synthetic_tanglish
TCB4480,bro assignment submit pannitiya 👍,Tanglish,0,none,0,0,0,0,0,0,0,none,"normal, neutral, or supportive statement",synthetic_tanglish
TCB4481,ava unakku common sense illa message la,Tanglish,1,individual,1,0,0,0,0,0,0,low,direct personal insult,synthetic_tanglish
TCB4482,dei nee poda mental public ah da,Tanglish,1,other,0,0,0,0,0,0,1,low,profane or abusive wording,synthetic_tanglish
TCB4483,true bro food saptiya macha,Tanglish,0,none,0,0,0,0,0,0,0,none,"normal, neutral, or supportive statement",synthetic_tanglish
TCB4484,actually correct ah sonna today,Tanglish,0,none,0,0,0,0,0,0,0,none,"normal, neutral, or supportive statement",synthetic_tanglish
TCB4485,seriously unnoda actions ku answer kudukkanum public ah poda,Tanglish,1,other,0,1,0,0,0,0,0,high,threatening language,synthetic_tanglish
TCB4486,bro andha community people romba kevalam online la macha,Tanglish,1,group,0,0,0,1,0,0,0,medium,group-targeted hateful language,synthetic_tanglish
TCB4487,listen consent illama sexual request pannadha public ah bro,Tanglish,1,individual,0,0,0,0,0,1,0,high,unwanted sexual pressure or abusive sexual request,synthetic_tanglish
TCB4488,macha andha group ellam useless social media la da,Tanglish,1,group,0,0,0,1,0,0,0,high,group-targeted hateful language,synthetic_tanglish
TCB4489,bro database update panniten today,Tanglish,0,none,0,0,0,0,0,0,0,none,"normal, neutral, or supportive statement",synthetic_tanglish
TCB4490,ivan fight panna vandha paathukalam chat la bro,Tanglish,1,other,0,1,1,0,0,0,0,medium,reference to physical harm,synthetic_tanglish
TCB4491,listen naan unna confront panren intha post la macha,Tanglish,1,individual,0,1,1,0,0,0,0,high,threatening language,synthetic_tanglish
TCB4492,nee sexual pressure kudukka koodadhu inga da,Tanglish,1,other,0,0,0,0,1,1,0,high,unwanted sexual pressure or abusive sexual request,synthetic_tanglish
TCB4493,unna adichiduven social media la poda,Tanglish,1,individual,0,0,1,0,0,0,0,high,reference to physical harm,synthetic_tanglish
TCB4494,ava private photo share panna force pannadha inga podi,Tanglish,1,individual,0,0,0,0,0,1,0,high,unwanted sexual pressure or abusive sexual request,synthetic_tanglish
TCB4495,honestly assignment submit pannitiya 👍,Tanglish,0,none,0,0,0,0,0,0,0,none,"normal, neutral, or supportive statement",synthetic_tanglish
TCB4496,nee personal appearance ah target panni tease pannadha public ah poda,Tanglish,1,individual,0,0,0,0,1,0,0,medium,unwanted sexualized or appearance-based harassment,synthetic_tanglish
TCB4497,ava andha community ah nambave mudiyadhu online la poda,Tanglish,1,group,0,0,0,1,0,0,0,medium,group-targeted hateful language,synthetic_tanglish
TCB4498,seriously fight panna vandha paathukalam online la macha,Tanglish,1,individual,0,1,1,0,0,0,0,medium,reference to physical harm,synthetic_tanglish
TCB4499,ava avanga group ah support panna koodadhu podi,Tanglish,1,group,0,0,0,1,0,0,0,high,group-targeted hateful language,synthetic_tanglish
TCB4500,yes food saptiya,Tanglish,0,none,0,0,0,0,0,0,0,none,"normal, neutral, or supportive statement",synthetic_tanglish
TCB4501,bro rest eduthuko,Tanglish,0,none,0,0,0,0,0,0,0,none,"normal, neutral, or supportive statement",synthetic_tanglish
TCB4502,ava naan unna confront panren inga nu,Tanglish,1,individual,0,1,1,0,0,0,0,medium,threatening language,synthetic_tanglish
TCB4503,da all the best da bro,Tanglish,0,none,0,0,0,0,0,0,0,none,"normal, neutral, or supportive statement",synthetic_tanglish
TCB4504,nee nalla work pannita bro,Tanglish,0,none,0,0,0,0,0,0,0,none,"normal, neutral, or supportive statement",synthetic_tanglish
TCB4505,ivan andha community ah nambave mudiyadhu inga bro,Tanglish,1,group,0,0,0,1,0,0,0,high,group-targeted hateful language,synthetic_tanglish
TCB4506,honestly super ah panniruka macha,Tanglish,0,none,0,0,0,0,0,0,0,none,"normal, neutral, or supportive statement",synthetic_tanglish
TCB4507,yes un effort romba nalla irukku bro,Tanglish,0,none,0,0,0,0,0,0,0,none,"normal, neutral, or supportive statement",synthetic_tanglish
TCB4508,sexual pressure kudukka koodadhu intha post la nu,Tanglish,1,other,0,0,0,0,0,1,0,medium,unwanted sexual pressure or abusive sexual request,synthetic_tanglish
TCB4509,online la unwanted sexual attention kudukkadha daily podi,Tanglish,1,individual,0,0,0,0,1,0,0,high,unwanted sexualized or appearance-based harassment,synthetic_tanglish
TCB4510,dei nee private content force panna vendam social media la la,Tanglish,1,individual,0,0,0,0,0,1,0,medium,unwanted sexual pressure or abusive sexual request,synthetic_tanglish
TCB4511,unakku consequences irukkum macha,Tanglish,1,other,0,1,1,0,0,0,0,medium,threatening language,synthetic_tanglish
TCB4512,dei avanai poi adichidu inga bro,Tanglish,1,individual,0,0,1,0,0,0,0,high,reference to physical harm,synthetic_tanglish
TCB4513,bro code check pannitu sollu today,Tanglish,0,none,0,0,0,0,0,0,0,none,"normal, neutral, or supportive statement",synthetic_tanglish
TCB4514,dei nee unna hurt panniduven daily bro,Tanglish,1,other,0,0,1,0,0,0,0,high,reference to physical harm,synthetic_tanglish
TCB4515,keep going bro inniku,Tanglish,0,none,0,0,0,0,0,0,0,none,"normal, neutral, or supportive statement",synthetic_tanglish
TCB4516,nee podi dei online la macha,Tanglish,1,other,1,0,0,0,0,0,1,low,profane or abusive wording,synthetic_tanglish
TCB4517,dei private content force panna vendam inga poda,Tanglish,1,individual,0,0,0,0,0,1,0,medium,unwanted sexual pressure or abusive sexual request,synthetic_tanglish
TCB4518,avanga madhiri people inga vendaam da,Tanglish,1,group,0,0,0,1,0,0,0,medium,group-targeted hateful language,synthetic_tanglish
TCB4519,actually naan unakku support panren honestly,Tanglish,0,none,0,0,0,0,0,0,0,none,"normal, neutral, or supportive statement",synthetic_tanglish
TCB4520,bro dei poda macha,Tanglish,1,individual,0,0,0,0,0,0,1,medium,profane or abusive wording,synthetic_tanglish
TCB4521,ivan nee oru embarrassment comment section la podi,Tanglish,1,individual,1,0,0,0,0,0,1,low,direct personal insult,synthetic_tanglish
TCB4522,actually meeting five mani ku irukku da,Tanglish,0,none,0,0,0,0,0,0,0,none,"normal, neutral, or supportive statement",synthetic_tanglish
TCB4523,macha nee romba stupid public ah bro,Tanglish,1,other,1,0,0,0,0,0,0,low,direct personal insult,synthetic_tanglish
TCB4524,inniku session epdi pochu honestly,Tanglish,0,none,0,0,0,0,0,0,0,none,"normal, neutral, or supportive statement",synthetic_tanglish
TCB4525,dei poda mental message la macha,Tanglish,1,individual,0,0,0,0,0,0,1,medium,profane or abusive wording,synthetic_tanglish
TCB4526,solution useful ah irukku la,Tanglish,0,none,0,0,0,0,0,0,0,none,"normal, neutral, or supportive statement",synthetic_tanglish
TCB4527,macha team work nalla pannenga da,Tanglish,0,none,0,0,0,0,0,0,0,none,"normal, neutral, or supportive statement",synthetic_tanglish
TCB4528,honestly food saptiya honestly,Tanglish,0,none,0,0,0,0,0,0,0,none,"normal, neutral, or supportive statement",synthetic_tanglish
TCB4529,seri paakalam la,Tanglish,0,none,0,0,0,0,0,0,0,none,"normal, neutral, or supportive statement",synthetic_tanglish
TCB4530,ava andha community people romba kevalam macha,Tanglish,1,group,0,0,0,1,0,0,0,high,group-targeted hateful language,synthetic_tanglish
TCB4531,seriously naan unna confront panren message la macha,Tanglish,1,other,0,1,0,0,0,0,0,high,threatening language,synthetic_tanglish
TCB4532,macha private content force panna vendam message la ippo,Tanglish,1,individual,0,0,0,0,0,1,0,high,unwanted sexual pressure or abusive sexual request,synthetic_tanglish
TCB4533,actually nee nalla work pannita da,Tanglish,0,none,0,0,0,0,0,0,0,none,"normal, neutral, or supportive statement",synthetic_tanglish
TCB4534,bro class nalla irundhucha nu,Tanglish,0,none,0,0,0,0,0,0,0,none,"normal, neutral, or supportive statement",synthetic_tanglish
TCB4535,listen unwanted sexual message anuppadha online la poda,Tanglish,1,individual,0,0,0,0,0,1,0,high,unwanted sexual pressure or abusive sexual request,synthetic_tanglish
TCB4536,food saptiya 👍,Tanglish,0,none,0,0,0,0,0,0,0,none,"normal, neutral, or supportive statement",synthetic_tanglish
TCB4537,honestly keep going bro honestly,Tanglish,0,none,0,0,0,0,0,0,0,none,"normal, neutral, or supportive statement",synthetic_tanglish
TCB4538,true bro project nalla develop aaguthu honestly,Tanglish,0,none,0,0,0,0,0,0,0,none,"normal, neutral, or supportive statement",synthetic_tanglish
TCB4539,dei naan unna confront panren chat la bro,Tanglish,1,individual,0,1,0,0,0,0,0,high,threatening language,synthetic_tanglish
TCB4540,seriously nee oru embarrassment comment section la poda,Tanglish,1,individual,1,0,0,0,0,0,0,medium,direct personal insult,synthetic_tanglish
TCB4541,listen online la unwanted sexual attention kudukkadha daily poda,Tanglish,1,individual,0,0,0,0,1,0,0,high,unwanted sexualized or appearance-based harassment,synthetic_tanglish
TCB4542,yes happy for your progress,Tanglish,0,none,0,0,0,0,0,0,0,none,"normal, neutral, or supportive statement",synthetic_tanglish
TCB4543,true bro correct ah sonna macha,Tanglish,0,none,0,0,0,0,0,0,0,none,"normal, neutral, or supportive statement",synthetic_tanglish
TCB4544,nee careful ah iru social media la ippo,Tanglish,1,other,0,1,0,0,0,0,0,medium,threatening language,synthetic_tanglish
TCB4545,actually happy for your progress inniku,Tanglish,0,none,0,0,0,0,0,0,0,none,"normal, neutral, or supportive statement",synthetic_tanglish
TCB4546,ivan avanga madhiri people inga vendaam intha post la podi,Tanglish,1,group,0,0,0,1,0,0,0,medium,group-targeted hateful language,synthetic_tanglish
TCB4547,macha solution useful ah irukku 👍,Tanglish,0,none,0,0,0,0,0,0,0,none,"normal, neutral, or supportive statement",synthetic_tanglish
TCB4548,seri indha idea useful ah irukku macha,Tanglish,0,none,0,0,0,0,0,0,0,none,"normal, neutral, or supportive statement",synthetic_tanglish
TCB4549,actually food saptiya,Tanglish,0,none,0,0,0,0,0,0,0,none,"normal, neutral, or supportive statement",synthetic_tanglish
TCB4550,seri inniku session epdi pochu la,Tanglish,0,none,0,0,0,0,0,0,0,none,"normal, neutral, or supportive statement",synthetic_tanglish
TCB4551,nice ah rest eduthuko inniku,Tanglish,0,none,0,0,0,0,0,0,0,none,"normal, neutral, or supportive statement",synthetic_tanglish
TCB4552,macha project nalla develop aaguthu macha,Tanglish,0,none,0,0,0,0,0,0,0,none,"normal, neutral, or supportive statement",synthetic_tanglish
TCB4553,macha ava mela unwanted comments podradhu harassment message la,Tanglish,1,individual,0,0,0,0,1,0,0,medium,unwanted sexualized or appearance-based harassment,synthetic_tanglish
TCB4554,macha unakku consequences irukkum message la da,Tanglish,1,individual,0,1,1,0,0,0,0,medium,threatening language,synthetic_tanglish
TCB4555,bro semma performance 👍,Tanglish,0,none,0,0,0,0,0,0,0,none,"normal, neutral, or supportive statement",synthetic_tanglish
TCB4556,listen sandaila unna adikka thonudhu podi,Tanglish,1,other,0,0,1,0,0,0,0,medium,reference to physical harm,synthetic_tanglish
TCB4557,macha ava mela unwanted comments podradhu harassment chat la macha,Tanglish,1,individual,0,0,0,0,1,0,0,medium,unwanted sexualized or appearance-based harassment,synthetic_tanglish
TCB4558,true bro meeting five mani ku irukku bro,Tanglish,0,none,0,0,0,0,0,0,0,none,"normal, neutral, or supportive statement",synthetic_tanglish
TCB4559,actually code check pannitu sollu today,Tanglish,0,none,0,0,0,0,0,0,0,none,"normal, neutral, or supportive statement",synthetic_tanglish
TCB4560,da rest eduthuko 👍,Tanglish,0,none,0,0,0,0,0,0,0,none,"normal, neutral, or supportive statement",synthetic_tanglish
TCB4561,bro unwanted sexual message anuppadha public ah nu,Tanglish,1,individual,0,0,0,0,0,1,0,high,unwanted sexual pressure or abusive sexual request,synthetic_tanglish
TCB4562,yes thanks for helping me,Tanglish,0,none,0,0,0,0,0,0,0,none,"normal, neutral, or supportive statement",synthetic_tanglish
TCB4563,listen poda da inga,Tanglish,1,individual,0,0,0,0,0,0,1,medium,profane or abusive wording,synthetic_tanglish
TCB4564,macha unna damage panniduven message la nu,Tanglish,1,individual,0,1,1,0,0,0,0,high,reference to physical harm,synthetic_tanglish
TCB4565,unakku sense eh illa social media la poda,Tanglish,1,individual,1,0,0,0,0,0,0,low,direct personal insult,synthetic_tanglish
TCB4566,nee nalla work pannita honestly,Tanglish,0,none,0,0,0,0,0,0,0,none,"normal, neutral, or supportive statement",synthetic_tanglish
TCB4567,true bro thanks for helping me inniku,Tanglish,0,none,0,0,0,0,0,0,0,none,"normal, neutral, or supportive statement",synthetic_tanglish
TCB4568,actually later discuss pannalam macha,Tanglish,0,none,0,0,0,0,0,0,0,none,"normal, neutral, or supportive statement",synthetic_tanglish
TCB4569,seriously avanai poi adichidu public ah ippo,Tanglish,1,individual,0,1,1,0,0,0,0,medium,reference to physical harm,synthetic_tanglish
TCB4570,bro sandaila unna adikka thonudhu daily la,Tanglish,1,other,0,1,1,0,0,0,0,medium,reference to physical harm,synthetic_tanglish
TCB4571,actually meeting five mani ku irukku 👍,Tanglish,0,none,0,0,0,0,0,0,0,none,"normal, neutral, or supportive statement",synthetic_tanglish
TCB4572,ivan andha community people romba kevalam message la ah,Tanglish,1,group,0,0,0,1,0,0,0,high,group-targeted hateful language,synthetic_tanglish
TCB4573,seriously online la unwanted sexual attention kudukkadha chat la nu,Tanglish,1,individual,0,0,0,0,1,0,0,medium,unwanted sexualized or appearance-based harassment,synthetic_tanglish
TCB4574,bro andha people ellam problem message la da,Tanglish,1,group,0,0,0,1,0,0,0,high,group-targeted hateful language,synthetic_tanglish
TCB4575,da movie epdi irundhuchu nu,Tanglish,0,none,0,0,0,0,0,0,0,none,"normal, neutral, or supportive statement",synthetic_tanglish
TCB4576,true bro naan unakku support panren nu,Tanglish,0,none,0,0,0,0,0,0,0,none,"normal, neutral, or supportive statement",synthetic_tanglish
TCB4577,honestly rest eduthuko macha,Tanglish,0,none,0,0,0,0,0,0,0,none,"normal, neutral, or supportive statement",synthetic_tanglish
TCB4578,ivan unakku nalla warning idhu online la nu,Tanglish,1,other,0,1,1,0,0,0,0,high,threatening language,synthetic_tanglish
TCB4579,macha class nalla irundhucha bro,Tanglish,0,none,0,0,0,0,0,0,0,none,"normal, neutral, or supportive statement",synthetic_tanglish
TCB4580,actually naalaikku continue pannalam nu,Tanglish,0,none,0,0,0,0,0,0,0,none,"normal, neutral, or supportive statement",synthetic_tanglish
TCB4581,actually movie epdi irundhuchu honestly,Tanglish,0,none,0,0,0,0,0,0,0,none,"normal, neutral, or supportive statement",synthetic_tanglish
TCB4582,macha super ah panniruka da,Tanglish,0,none,0,0,0,0,0,0,0,none,"normal, neutral, or supportive statement",synthetic_tanglish
TCB4583,nice ah semma performance today,Tanglish,0,none,0,0,0,0,0,0,0,none,"normal, neutral, or supportive statement",synthetic_tanglish
TCB4584,bro presentation clear ah irundhuchu 👍,Tanglish,0,none,0,0,0,0,0,0,0,none,"normal, neutral, or supportive statement",synthetic_tanglish
TCB4585,seriously dei poda poda,Tanglish,1,other,1,0,0,0,0,0,1,low,profane or abusive wording,synthetic_tanglish
TCB4586,macha ava mela unwanted comments podradhu harassment chat la poda,Tanglish,1,individual,0,0,0,0,1,0,0,high,unwanted sexualized or appearance-based harassment,synthetic_tanglish
TCB4587,ivan nee careful ah iru public ah da,Tanglish,1,other,0,1,0,0,0,0,0,high,threatening language,synthetic_tanglish
TCB4588,nee nee romba stupid daily podi,Tanglish,1,other,1,0,0,0,0,0,0,medium,direct personal insult,synthetic_tanglish
TCB4589,bro nee daily improve aagite irukka,Tanglish,0,none,0,0,0,0,0,0,0,none,"normal, neutral, or supportive statement",synthetic_tanglish
TCB4590,macha unna hurt panniduven message la macha,Tanglish,1,other,0,1,1,0,0,0,0,medium,reference to physical harm,synthetic_tanglish
TCB4591,ava andha group people ellam mosam social media la podi,Tanglish,1,group,0,0,0,1,0,0,0,medium,group-targeted hateful language,synthetic_tanglish
TCB4592,true bro food saptiya honestly,Tanglish,0,none,0,0,0,0,0,0,0,none,"normal, neutral, or supportive statement",synthetic_tanglish
TCB4593,actually super ah panniruka bro,Tanglish,0,none,0,0,0,0,0,0,0,none,"normal, neutral, or supportive statement",synthetic_tanglish
TCB4594,yes thanks for helping me macha,Tanglish,0,none,0,0,0,0,0,0,0,none,"normal, neutral, or supportive statement",synthetic_tanglish
TCB4595,honestly rest eduthuko honestly,Tanglish,0,none,0,0,0,0,0,0,0,none,"normal, neutral, or supportive statement",synthetic_tanglish
TCB4596,ivan sexual content anuppi disturb panna koodadhu inga,Tanglish,1,individual,0,0,0,0,1,1,0,medium,unwanted sexual pressure or abusive sexual request,synthetic_tanglish
TCB4597,dei avanga ellarum same madhiri public ah macha,Tanglish,1,group,0,0,0,1,0,0,0,high,group-targeted hateful language,synthetic_tanglish
TCB4598,seriously online la unwanted sexual attention kudukkadha intha post la bro,Tanglish,1,other,0,0,0,0,1,0,0,medium,unwanted sexualized or appearance-based harassment,synthetic_tanglish
TCB4599,bro sexual pressure kudukka koodadhu inga ah,Tanglish,1,individual,0,0,0,0,0,1,0,high,unwanted sexual pressure or abusive sexual request,synthetic_tanglish
TCB4600,actually presentation clear ah irundhuchu da,Tanglish,0,none,0,0,0,0,0,0,0,none,"normal, neutral, or supportive statement",synthetic_tanglish
TCB4601,ava un appearance pathi unwanted comment poda vendam,Tanglish,1,other,0,0,0,0,1,0,0,high,unwanted sexualized or appearance-based harassment,synthetic_tanglish
TCB4602,listen private content force panna vendam inga macha,Tanglish,1,individual,0,0,0,0,0,1,0,medium,unwanted sexual pressure or abusive sexual request,synthetic_tanglish
TCB4603,seri meeting five mani ku irukku honestly,Tanglish,0,none,0,0,0,0,0,0,0,none,"normal, neutral, or supportive statement",synthetic_tanglish
TCB4604,bro class nalla irundhucha today,Tanglish,0,none,0,0,0,0,0,0,0,none,"normal, neutral, or supportive statement",synthetic_tanglish
TCB4605,ivan private photo share panna force pannadha online la macha,Tanglish,1,individual,0,0,0,0,0,1,0,high,unwanted sexual pressure or abusive sexual request,synthetic_tanglish
TCB4606,yes inniku session epdi pochu nu,Tanglish,0,none,0,0,0,0,0,0,0,none,"normal, neutral, or supportive statement",synthetic_tanglish
TCB4607,listen unwanted sexual message anuppadha comment section la podi,Tanglish,1,individual,0,0,0,0,0,1,0,high,unwanted sexual pressure or abusive sexual request,synthetic_tanglish
TCB4608,true bro project nalla develop aaguthu macha,Tanglish,0,none,0,0,0,0,0,0,0,none,"normal, neutral, or supportive statement",synthetic_tanglish
TCB4609,ava enna paaru naan unna paathukuren message la ah,Tanglish,1,individual,0,1,1,0,0,0,0,high,threatening language,synthetic_tanglish
TCB4610,seri naan unakku support panren da,Tanglish,0,none,0,0,0,0,0,0,0,none,"normal, neutral, or supportive statement",synthetic_tanglish
TCB4611,meeting five mani ku irukku inniku,Tanglish,0,none,0,0,0,0,0,0,0,none,"normal, neutral, or supportive statement",synthetic_tanglish
TCB4612,yes nee daily improve aagite irukka,Tanglish,0,none,0,0,0,0,0,0,0,none,"normal, neutral, or supportive statement",synthetic_tanglish
TCB4613,nice ah nice explanation macha,Tanglish,0,none,0,0,0,0,0,0,0,none,"normal, neutral, or supportive statement",synthetic_tanglish
TCB4614,happy for your progress 👍,Tanglish,0,none,0,0,0,0,0,0,0,none,"normal, neutral, or supportive statement",synthetic_tanglish
TCB4615,dei nee private content force panna vendam public ah ah,Tanglish,1,individual,0,0,0,0,0,1,0,high,unwanted sexual pressure or abusive sexual request,synthetic_tanglish
TCB4616,yes naalaikku continue pannalam honestly,Tanglish,0,none,0,0,0,0,0,0,0,none,"normal, neutral, or supportive statement",synthetic_tanglish
TCB4617,yes keep going bro today,Tanglish,0,none,0,0,0,0,0,0,0,none,"normal, neutral, or supportive statement",synthetic_tanglish
TCB4618,dei unakku sense eh illa social media la,Tanglish,1,individual,1,0,0,0,0,0,0,medium,direct personal insult,synthetic_tanglish
TCB4619,poda da chat la ah,Tanglish,1,individual,0,0,0,0,0,0,1,medium,profane or abusive wording,synthetic_tanglish
TCB4620,seriously fight panna vandha paathukalam ippo,Tanglish,1,other,0,1,1,0,0,0,0,medium,reference to physical harm,synthetic_tanglish
TCB4621,bro consent illama sexual request pannadha inga,Tanglish,1,other,0,0,0,0,1,1,0,high,unwanted sexual pressure or abusive sexual request,synthetic_tanglish
TCB4622,nee nee enna pannalum naan respond panren social media la da,Tanglish,1,individual,0,1,1,0,0,0,0,medium,threatening language,synthetic_tanglish
TCB4623,da assignment submit pannitiya today,Tanglish,0,none,0,0,0,0,0,0,0,none,"normal, neutral, or supportive statement",synthetic_tanglish
TCB4624,nee nee inga vandha unakku problem la,Tanglish,1,individual,0,1,0,0,0,0,0,medium,threatening language,synthetic_tanglish
TCB4625,seriously dei poda inga daily podi,Tanglish,1,individual,0,0,0,0,0,0,1,medium,profane or abusive wording,synthetic_tanglish
TCB4626,nice ah correct ah sonna la,Tanglish,0,none,0,0,0,0,0,0,0,none,"normal, neutral, or supportive statement",synthetic_tanglish
TCB4627,macha naalaikku continue pannalam nu,Tanglish,0,none,0,0,0,0,0,0,0,none,"normal, neutral, or supportive statement",synthetic_tanglish
TCB4628,seriously nee total dummy intha post la macha,Tanglish,1,individual,1,0,0,0,0,0,1,low,direct personal insult,synthetic_tanglish
TCB4629,true bro indha idea useful ah irukku da,Tanglish,0,none,0,0,0,0,0,0,0,none,"normal, neutral, or supportive statement",synthetic_tanglish
TCB4630,ivan personal appearance ah target panni tease pannadha public ah ah,Tanglish,1,individual,0,0,0,0,1,0,0,medium,unwanted sexualized or appearance-based harassment,synthetic_tanglish
TCB4631,dei nee ava mela unwanted comments podradhu harassment chat la nu,Tanglish,1,other,0,0,0,0,1,0,0,medium,unwanted sexualized or appearance-based harassment,synthetic_tanglish
TCB4632,seriously unakku physical harm panniduven comment section la ippo,Tanglish,1,individual,0,1,1,0,0,0,0,high,reference to physical harm,synthetic_tanglish
TCB4633,yes keep going bro nu,Tanglish,0,none,0,0,0,0,0,0,0,none,"normal, neutral, or supportive statement",synthetic_tanglish
TCB4634,macha unakku physical harm panniduven inga poda,Tanglish,1,individual,0,1,1,0,0,0,0,high,reference to physical harm,synthetic_tanglish
TCB4635,bro movie epdi irundhuchu today,Tanglish,0,none,0,0,0,0,0,0,0,none,"normal, neutral, or supportive statement",synthetic_tanglish
TCB4636,bro avanga group ah support panna koodadhu inga macha,Tanglish,1,group,0,0,0,1,0,0,0,medium,group-targeted hateful language,synthetic_tanglish
TCB4637,macha consent illama sexual request pannadha da,Tanglish,1,other,0,0,0,0,0,1,0,high,unwanted sexual pressure or abusive sexual request,synthetic_tanglish
TCB4638,bro later discuss pannalam inniku,Tanglish,0,none,0,0,0,0,0,0,0,none,"normal, neutral, or supportive statement",synthetic_tanglish
TCB4639,consent illama sexual request pannadha public ah ah,Tanglish,1,individual,0,0,0,0,0,1,0,medium,unwanted sexual pressure or abusive sexual request,synthetic_tanglish
TCB4640,macha project nalla develop aaguthu la,Tanglish,0,none,0,0,0,0,0,0,0,none,"normal, neutral, or supportive statement",synthetic_tanglish
TCB4641,honestly project nalla develop aaguthu inniku,Tanglish,0,none,0,0,0,0,0,0,0,none,"normal, neutral, or supportive statement",synthetic_tanglish
TCB4642,true bro database update panniten inniku,Tanglish,0,none,0,0,0,0,0,0,0,none,"normal, neutral, or supportive statement",synthetic_tanglish
TCB4643,dei nee consent illama private photo kekkadha social media la macha,Tanglish,1,individual,0,0,0,0,1,1,0,medium,unwanted sexual pressure or abusive sexual request,synthetic_tanglish
TCB4644,honestly meeting five mani ku irukku today,Tanglish,0,none,0,0,0,0,0,0,0,none,"normal, neutral, or supportive statement",synthetic_tanglish
TCB4645,macha good job bro 👍,Tanglish,0,none,0,0,0,0,0,0,0,none,"normal, neutral, or supportive statement",synthetic_tanglish
TCB4646,macha unna hurt panniduven comment section la,Tanglish,1,other,0,1,1,0,0,0,0,medium,reference to physical harm,synthetic_tanglish
TCB4647,super ah panniruka la,Tanglish,0,none,0,0,0,0,0,0,0,none,"normal, neutral, or supportive statement",synthetic_tanglish
TCB4648,macha unna beat panniduven inga macha,Tanglish,1,other,0,1,1,0,0,0,0,medium,reference to physical harm,synthetic_tanglish
TCB4649,bro sexual pressure kudukka koodadhu daily ippo,Tanglish,1,other,0,0,0,0,1,1,0,medium,unwanted sexual pressure or abusive sexual request,synthetic_tanglish
TCB4650,bro good job bro 👍,Tanglish,0,none,0,0,0,0,0,0,0,none,"normal, neutral, or supportive statement",synthetic_tanglish
TCB4651,yes later discuss pannalam da,Tanglish,0,none,0,0,0,0,0,0,0,none,"normal, neutral, or supportive statement",synthetic_tanglish
TCB4652,bro nee inga vandha unakku problem macha,Tanglish,1,other,0,1,0,0,0,0,0,medium,threatening language,synthetic_tanglish
TCB4653,dei nee nee romba stupid comment section la la,Tanglish,1,other,1,0,0,0,0,0,0,medium,direct personal insult,synthetic_tanglish
TCB4654,yes seri paakalam inniku,Tanglish,0,none,0,0,0,0,0,0,0,none,"normal, neutral, or supportive statement",synthetic_tanglish
TCB4655,bro unna adikka varuven intha post la ippo,Tanglish,1,other,0,1,1,0,0,0,0,medium,reference to physical harm,synthetic_tanglish
TCB4656,nice ah team work nalla pannenga la,Tanglish,0,none,0,0,0,0,0,0,0,none,"normal, neutral, or supportive statement",synthetic_tanglish
TCB4657,listen online la unwanted sexual attention kudukkadha online la poda,Tanglish,1,individual,0,0,0,0,1,0,0,medium,unwanted sexualized or appearance-based harassment,synthetic_tanglish
TCB4658,macha nee total dummy comment section la da,Tanglish,1,individual,1,0,0,0,0,0,1,medium,direct personal insult,synthetic_tanglish
TCB4659,nice ah class nalla irundhucha macha,Tanglish,0,none,0,0,0,0,0,0,0,none,"normal, neutral, or supportive statement",synthetic_tanglish
TCB4660,ivan naan unna confront panren comment section la bro,Tanglish,1,other,0,1,1,0,0,0,0,high,threatening language,synthetic_tanglish
TCB4661,ava poda da chat la poda,Tanglish,1,individual,1,0,0,0,0,0,1,low,profane or abusive wording,synthetic_tanglish
TCB4662,inniku session epdi pochu da,Tanglish,0,none,0,0,0,0,0,0,0,none,"normal, neutral, or supportive statement",synthetic_tanglish
TCB4663,yes nice explanation la,Tanglish,0,none,0,0,0,0,0,0,0,none,"normal, neutral, or supportive statement",synthetic_tanglish
TCB4664,ivan unnoda actions ku answer kudukkanum social media la,Tanglish,1,individual,0,1,1,0,0,0,0,medium,threatening language,synthetic_tanglish
TCB4665,dei nee enna pannalum naan respond panren message la ah,Tanglish,1,individual,0,1,0,0,0,0,0,high,threatening language,synthetic_tanglish
TCB4666,seri assignment submit pannitiya nu,Tanglish,0,none,0,0,0,0,0,0,0,none,"normal, neutral, or supportive statement",synthetic_tanglish
TCB4667,yes assignment submit pannitiya honestly,Tanglish,0,none,0,0,0,0,0,0,0,none,"normal, neutral, or supportive statement",synthetic_tanglish
TCB4668,seri thanks for helping me bro,Tanglish,0,none,0,0,0,0,0,0,0,none,"normal, neutral, or supportive statement",synthetic_tanglish
TCB4669,macha dei poda daily poda,Tanglish,1,other,0,0,0,0,0,0,1,medium,profane or abusive wording,synthetic_tanglish
TCB4670,da meeting five mani ku irukku la,Tanglish,0,none,0,0,0,0,0,0,0,none,"normal, neutral, or supportive statement",synthetic_tanglish
TCB4671,yes presentation clear ah irundhuchu honestly,Tanglish,0,none,0,0,0,0,0,0,0,none,"normal, neutral, or supportive statement",synthetic_tanglish
TCB4672,true bro semma performance bro,Tanglish,0,none,0,0,0,0,0,0,0,none,"normal, neutral, or supportive statement",synthetic_tanglish
TCB4673,nee unakku nalla warning idhu message la,Tanglish,1,other,0,1,0,0,0,0,0,high,threatening language,synthetic_tanglish
TCB4674,seri class nalla irundhucha nu,Tanglish,0,none,0,0,0,0,0,0,0,none,"normal, neutral, or supportive statement",synthetic_tanglish
TCB4675,dei nee andha people ellam problem inga la,Tanglish,1,group,0,0,0,1,0,0,0,medium,group-targeted hateful language,synthetic_tanglish
TCB4676,dei nee nee oru failure online la macha,Tanglish,1,individual,1,0,0,0,0,0,0,low,direct personal insult,synthetic_tanglish
TCB4677,true bro rest eduthuko inniku,Tanglish,0,none,0,0,0,0,0,0,0,none,"normal, neutral, or supportive statement",synthetic_tanglish
TCB4678,ivan consent illama sexual request pannadha message la ippo,Tanglish,1,individual,0,0,0,0,1,1,0,medium,unwanted sexual pressure or abusive sexual request,synthetic_tanglish
TCB4679,nice ah seri paakalam la,Tanglish,0,none,0,0,0,0,0,0,0,none,"normal, neutral, or supportive statement",synthetic_tanglish
TCB4680,bro nee oru loosu comment section la ah,Tanglish,1,other,1,0,0,0,0,0,0,low,direct personal insult,synthetic_tanglish
TCB4681,yes semma performance inniku,Tanglish,0,none,0,0,0,0,0,0,0,none,"normal, neutral, or supportive statement",synthetic_tanglish
TCB4682,nee avanga madhiri people inga vendaam intha post la la,Tanglish,1,group,0,0,0,1,0,0,0,high,group-targeted hateful language,synthetic_tanglish
TCB4683,nice ah seri paakalam 👍,Tanglish,0,none,0,0,0,0,0,0,0,none,"normal, neutral, or supportive statement",synthetic_tanglish
TCB4684,dei nee onnum purinjikala online la da,Tanglish,1,other,1,0,0,0,0,0,0,medium,direct personal insult,synthetic_tanglish
TCB4685,dei andha community people romba kevalam ah,Tanglish,1,group,0,0,0,1,0,0,0,high,group-targeted hateful language,synthetic_tanglish
TCB4686,dei nee romba pathetic public ah ippo,Tanglish,1,individual,1,0,0,0,0,0,1,low,direct personal insult,synthetic_tanglish
TCB4687,actually solution useful ah irukku,Tanglish,0,none,0,0,0,0,0,0,0,none,"normal, neutral, or supportive statement",synthetic_tanglish
TCB4688,listen andha people ellam problem poda,Tanglish,1,group,0,0,0,1,0,0,0,high,group-targeted hateful language,synthetic_tanglish
TCB4689,true bro presentation clear ah irundhuchu macha,Tanglish,0,none,0,0,0,0,0,0,0,none,"normal, neutral, or supportive statement",synthetic_tanglish
TCB4690,nee daily improve aagite irukka,Tanglish,0,none,0,0,0,0,0,0,0,none,"normal, neutral, or supportive statement",synthetic_tanglish
TCB4691,yes food saptiya la,Tanglish,0,none,0,0,0,0,0,0,0,none,"normal, neutral, or supportive statement",synthetic_tanglish
TCB4692,honestly correct ah sonna 👍,Tanglish,0,none,0,0,0,0,0,0,0,none,"normal, neutral, or supportive statement",synthetic_tanglish
TCB4693,nice ah assignment submit pannitiya today,Tanglish,0,none,0,0,0,0,0,0,0,none,"normal, neutral, or supportive statement",synthetic_tanglish
TCB4694,true bro food saptiya inniku,Tanglish,0,none,0,0,0,0,0,0,0,none,"normal, neutral, or supportive statement",synthetic_tanglish
TCB4695,seriously innoru message anuppina paathuko inga podi,Tanglish,1,other,0,1,0,0,0,0,0,high,threatening language,synthetic_tanglish
TCB4696,ava andha community ah nambave mudiyadhu chat la poda,Tanglish,1,group,0,0,0,1,0,0,0,medium,group-targeted hateful language,synthetic_tanglish
TCB4697,nee andha community ah nambave mudiyadhu daily podi,Tanglish,1,group,0,0,0,1,0,0,0,high,group-targeted hateful language,synthetic_tanglish
TCB4698,ava podi poi ukkaru comment section la podi,Tanglish,1,individual,1,0,0,0,0,0,1,low,profane or abusive wording,synthetic_tanglish
TCB4699,podi dei inga poda,Tanglish,1,other,1,0,0,0,0,0,1,medium,profane or abusive wording,synthetic_tanglish
TCB4700,ivan avanga madhiri people inga vendaam comment section la bro,Tanglish,1,group,0,0,0,1,0,0,0,high,group-targeted hateful language,synthetic_tanglish
TCB4701,true bro movie epdi irundhuchu inniku,Tanglish,0,none,0,0,0,0,0,0,0,none,"normal, neutral, or supportive statement",synthetic_tanglish
TCB4702,naan unakku support panren nu,Tanglish,0,none,0,0,0,0,0,0,0,none,"normal, neutral, or supportive statement",synthetic_tanglish
TCB4703,listen nee oru embarrassment online la,Tanglish,1,individual,1,0,0,0,0,0,1,medium,direct personal insult,synthetic_tanglish
TCB4704,actually correct ah sonna bro,Tanglish,0,none,0,0,0,0,0,0,0,none,"normal, neutral, or supportive statement",synthetic_tanglish
TCB4705,da code check pannitu sollu inniku,Tanglish,0,none,0,0,0,0,0,0,0,none,"normal, neutral, or supportive statement",synthetic_tanglish
TCB4706,actually un effort romba nalla irukku 👍,Tanglish,0,none,0,0,0,0,0,0,0,none,"normal, neutral, or supportive statement",synthetic_tanglish
TCB4707,actually naan unakku support panren today,Tanglish,0,none,0,0,0,0,0,0,0,none,"normal, neutral, or supportive statement",synthetic_tanglish
TCB4708,ava unwanted sexual message anuppadha intha post la,Tanglish,1,individual,0,0,0,0,1,1,0,high,unwanted sexual pressure or abusive sexual request,synthetic_tanglish
TCB4709,macha good job bro da,Tanglish,0,none,0,0,0,0,0,0,0,none,"normal, neutral, or supportive statement",synthetic_tanglish
TCB4710,macha unnoda actions ku answer kudukkanum podi,Tanglish,1,other,0,1,1,0,0,0,0,high,threatening language,synthetic_tanglish
TCB4711,bro fight panna vandha paathukalam comment section la,Tanglish,1,other,0,0,1,0,0,0,0,high,reference to physical harm,synthetic_tanglish
TCB4712,macha innoru thadava ippadi pesina serious ah irukkum chat la bro,Tanglish,1,other,0,1,0,0,0,0,0,high,threatening language,synthetic_tanglish
TCB4713,da rest eduthuko da,Tanglish,0,none,0,0,0,0,0,0,0,none,"normal, neutral, or supportive statement",synthetic_tanglish
TCB4714,macha correct ah sonna inniku,Tanglish,0,none,0,0,0,0,0,0,0,none,"normal, neutral, or supportive statement",synthetic_tanglish
TCB4715,honestly naan unakku support panren,Tanglish,0,none,0,0,0,0,0,0,0,none,"normal, neutral, or supportive statement",synthetic_tanglish
TCB4716,actually code check pannitu sollu honestly,Tanglish,0,none,0,0,0,0,0,0,0,none,"normal, neutral, or supportive statement",synthetic_tanglish
TCB4717,ava andha people ellam problem macha,Tanglish,1,group,0,0,0,1,0,0,0,medium,group-targeted hateful language,synthetic_tanglish
TCB4718,yes later discuss pannalam 👍,Tanglish,0,none,0,0,0,0,0,0,0,none,"normal, neutral, or supportive statement",synthetic_tanglish
TCB4719,yes correct ah sonna bro,Tanglish,0,none,0,0,0,0,0,0,0,none,"normal, neutral, or supportive statement",synthetic_tanglish
TCB4720,bro inniku session epdi pochu 👍,Tanglish,0,none,0,0,0,0,0,0,0,none,"normal, neutral, or supportive statement",synthetic_tanglish
TCB4721,seriously nee careful ah iru daily da,Tanglish,1,individual,0,1,1,0,0,0,0,high,threatening language,synthetic_tanglish
TCB4722,da code check pannitu sollu,Tanglish,0,none,0,0,0,0,0,0,0,none,"normal, neutral, or supportive statement",synthetic_tanglish
TCB4723,actually correct ah sonna la,Tanglish,0,none,0,0,0,0,0,0,0,none,"normal, neutral, or supportive statement",synthetic_tanglish
TCB4724,seriously un photo ku sexual comment podradhu wrong intha post la ippo,Tanglish,1,other,0,0,0,0,1,0,0,high,unwanted sexualized or appearance-based harassment,synthetic_tanglish
TCB4725,ivan unakku sense eh illa message la ah,Tanglish,1,other,1,0,0,0,0,0,0,medium,direct personal insult,synthetic_tanglish
TCB4726,inniku session epdi pochu macha,Tanglish,0,none,0,0,0,0,0,0,0,none,"normal, neutral, or supportive statement",synthetic_tanglish
TCB4727,nice ah seri paakalam honestly,Tanglish,0,none,0,0,0,0,0,0,0,none,"normal, neutral, or supportive statement",synthetic_tanglish
TCB4728,nice ah un effort romba nalla irukku bro,Tanglish,0,none,0,0,0,0,0,0,0,none,"normal, neutral, or supportive statement",synthetic_tanglish
TCB4729,dei nee dei summa iru daily ippo,Tanglish,1,other,0,0,0,0,0,0,1,medium,profane or abusive wording,synthetic_tanglish
TCB4730,honestly all the best da,Tanglish,0,none,0,0,0,0,0,0,0,none,"normal, neutral, or supportive statement",synthetic_tanglish
TCB4731,yes all the best da da,Tanglish,0,none,0,0,0,0,0,0,0,none,"normal, neutral, or supportive statement",synthetic_tanglish
TCB4732,ava consent illama sexual request pannadha chat la nu,Tanglish,1,other,0,0,0,0,0,1,0,high,unwanted sexual pressure or abusive sexual request,synthetic_tanglish
TCB4733,macha unnoda actions ku answer kudukkanum message la nu,Tanglish,1,individual,0,1,0,0,0,0,0,medium,threatening language,synthetic_tanglish
TCB4734,un body pathi public ah pesa vendam message la podi,Tanglish,1,individual,0,0,0,0,1,0,0,high,unwanted sexualized or appearance-based harassment,synthetic_tanglish
TCB4735,bro seri paakalam honestly,Tanglish,0,none,0,0,0,0,0,0,0,none,"normal, neutral, or supportive statement",synthetic_tanglish
TCB4736,yes indha idea useful ah irukku inniku,Tanglish,0,none,0,0,0,0,0,0,0,none,"normal, neutral, or supportive statement",synthetic_tanglish
TCB4737,un appearance pathi unwanted comment poda vendam daily podi,Tanglish,1,individual,0,0,0,0,1,0,0,medium,unwanted sexualized or appearance-based harassment,synthetic_tanglish
TCB4738,true bro nee nalla work pannita honestly,Tanglish,0,none,0,0,0,0,0,0,0,none,"normal, neutral, or supportive statement",synthetic_tanglish
TCB4739,bro un photo paathu sexual comments podradhu wrong online la macha,Tanglish,1,other,0,0,0,0,1,0,0,high,unwanted sexualized or appearance-based harassment,synthetic_tanglish
TCB4740,database update panniten nu,Tanglish,0,none,0,0,0,0,0,0,0,none,"normal, neutral, or supportive statement",synthetic_tanglish
TCB4741,da seri paakalam,Tanglish,0,none,0,0,0,0,0,0,0,none,"normal, neutral, or supportive statement",synthetic_tanglish
TCB4742,nee dei summa iru daily poda,Tanglish,1,individual,0,0,0,0,0,0,1,low,profane or abusive wording,synthetic_tanglish
TCB4743,dei nee podi loosu ah,Tanglish,1,individual,1,0,0,0,0,0,1,medium,profane or abusive wording,synthetic_tanglish
TCB4744,honestly project nalla develop aaguthu la,Tanglish,0,none,0,0,0,0,0,0,0,none,"normal, neutral, or supportive statement",synthetic_tanglish
TCB4745,nee sexual pressure kudukka koodadhu daily podi,Tanglish,1,individual,0,0,0,0,1,1,0,high,unwanted sexual pressure or abusive sexual request,synthetic_tanglish
TCB4746,dei nee un brain enga pochu inga poda,Tanglish,1,other,1,0,0,0,0,0,0,medium,direct personal insult,synthetic_tanglish
TCB4747,andha community people romba kevalam intha post la poda,Tanglish,1,group,0,0,0,1,0,0,0,medium,group-targeted hateful language,synthetic_tanglish
TCB4748,dei nee poda mental inga nu,Tanglish,1,individual,0,0,0,0,0,0,1,low,profane or abusive wording,synthetic_tanglish
TCB4749,seri food saptiya inniku,Tanglish,0,none,0,0,0,0,0,0,0,none,"normal, neutral, or supportive statement",synthetic_tanglish
TCB4750,listen un brain enga pochu inga poda,Tanglish,1,other,1,0,0,0,0,0,0,low,direct personal insult,synthetic_tanglish
TCB4751,dei nee unna damage panniduven bro,Tanglish,1,individual,0,1,1,0,0,0,0,medium,reference to physical harm,synthetic_tanglish
TCB4752,dei sexual content anuppi disturb panna koodadhu message la bro,Tanglish,1,other,0,0,0,0,1,1,0,medium,unwanted sexual pressure or abusive sexual request,synthetic_tanglish
TCB4753,macha nice explanation la,Tanglish,0,none,0,0,0,0,0,0,0,none,"normal, neutral, or supportive statement",synthetic_tanglish
TCB4754,ava poda mental online la macha,Tanglish,1,individual,0,0,0,0,0,0,1,low,profane or abusive wording,synthetic_tanglish
TCB4755,bro assignment submit pannitiya nu,Tanglish,0,none,0,0,0,0,0,0,0,none,"normal, neutral, or supportive statement",synthetic_tanglish
TCB4756,nee inga vandha unakku problem daily macha,Tanglish,1,individual,0,1,0,0,0,0,0,medium,threatening language,synthetic_tanglish
TCB4757,bro unna beat panniduven online la da,Tanglish,1,individual,0,0,1,0,0,0,0,high,reference to physical harm,synthetic_tanglish
TCB4758,nice ah food saptiya,Tanglish,0,none,0,0,0,0,0,0,0,none,"normal, neutral, or supportive statement",synthetic_tanglish
TCB4759,seriously consent illama private photo kekkadha comment section la da,Tanglish,1,individual,0,0,0,0,1,1,0,high,unwanted sexual pressure or abusive sexual request,synthetic_tanglish
TCB4760,honestly keep going bro nu,Tanglish,0,none,0,0,0,0,0,0,0,none,"normal, neutral, or supportive statement",synthetic_tanglish
TCB4761,seri team work nalla pannenga today,Tanglish,0,none,0,0,0,0,0,0,0,none,"normal, neutral, or supportive statement",synthetic_tanglish
TCB4762,po da inga irundhu daily macha,Tanglish,1,individual,1,0,0,0,0,0,1,low,profane or abusive wording,synthetic_tanglish
TCB4763,ava nee careful ah iru social media la da,Tanglish,1,other,0,1,0,0,0,0,0,high,threatening language,synthetic_tanglish
TCB4764,macha thanks for helping me nu,Tanglish,0,none,0,0,0,0,0,0,0,none,"normal, neutral, or supportive statement",synthetic_tanglish
TCB4765,actually un effort romba nalla irukku,Tanglish,0,none,0,0,0,0,0,0,0,none,"normal, neutral, or supportive statement",synthetic_tanglish
TCB4766,nee ava mela unwanted comments podradhu harassment inga ah,Tanglish,1,individual,0,0,0,0,1,0,0,high,unwanted sexualized or appearance-based harassment,synthetic_tanglish
TCB4767,true bro assignment submit pannitiya nu,Tanglish,0,none,0,0,0,0,0,0,0,none,"normal, neutral, or supportive statement",synthetic_tanglish
TCB4768,da correct ah sonna la,Tanglish,0,none,0,0,0,0,0,0,0,none,"normal, neutral, or supportive statement",synthetic_tanglish
TCB4769,ivan unakku consequences irukkum social media la da,Tanglish,1,other,0,1,1,0,0,0,0,high,threatening language,synthetic_tanglish
TCB4770,macha nee oru muttaal social media la ah,Tanglish,1,individual,1,0,0,0,0,0,1,low,direct personal insult,synthetic_tanglish
TCB4771,yes presentation clear ah irundhuchu 👍,Tanglish,0,none,0,0,0,0,0,0,0,none,"normal, neutral, or supportive statement",synthetic_tanglish
TCB4772,true bro solution useful ah irukku,Tanglish,0,none,0,0,0,0,0,0,0,none,"normal, neutral, or supportive statement",synthetic_tanglish
TCB4773,nee nee oru failure intha post la da,Tanglish,1,individual,1,0,0,0,0,0,0,low,direct personal insult,synthetic_tanglish
TCB4774,macha nee stop pannalana problem aagum chat la podi,Tanglish,1,other,0,1,1,0,0,0,0,high,threatening language,synthetic_tanglish
TCB4775,da keep going bro nu,Tanglish,0,none,0,0,0,0,0,0,0,none,"normal, neutral, or supportive statement",synthetic_tanglish
TCB4776,honestly code check pannitu sollu nu,Tanglish,0,none,0,0,0,0,0,0,0,none,"normal, neutral, or supportive statement",synthetic_tanglish
TCB4777,bro seri paakalam macha,Tanglish,0,none,0,0,0,0,0,0,0,none,"normal, neutral, or supportive statement",synthetic_tanglish
TCB4778,da assignment submit pannitiya honestly,Tanglish,0,none,0,0,0,0,0,0,0,none,"normal, neutral, or supportive statement",synthetic_tanglish
TCB4779,ivan ava mela unwanted comments podradhu harassment public ah,Tanglish,1,individual,0,0,0,0,1,0,0,high,unwanted sexualized or appearance-based harassment,synthetic_tanglish
TCB4780,macha poda da social media la nu,Tanglish,1,other,0,0,0,0,0,0,1,low,profane or abusive wording,synthetic_tanglish
TCB4781,true bro nee nalla work pannita inniku,Tanglish,0,none,0,0,0,0,0,0,0,none,"normal, neutral, or supportive statement",synthetic_tanglish
TCB4782,macha food saptiya inniku,Tanglish,0,none,0,0,0,0,0,0,0,none,"normal, neutral, or supportive statement",synthetic_tanglish
TCB4783,bro team work nalla pannenga,Tanglish,0,none,0,0,0,0,0,0,0,none,"normal, neutral, or supportive statement",synthetic_tanglish
TCB4784,dei unna beat panniduven social media la poda,Tanglish,1,individual,0,0,1,0,0,0,0,high,reference to physical harm,synthetic_tanglish
TCB4785,yes code check pannitu sollu today,Tanglish,0,none,0,0,0,0,0,0,0,none,"normal, neutral, or supportive statement",synthetic_tanglish
TCB4786,nice ah project nalla develop aaguthu da,Tanglish,0,none,0,0,0,0,0,0,0,none,"normal, neutral, or supportive statement",synthetic_tanglish
TCB4787,bro un effort romba nalla irukku la,Tanglish,0,none,0,0,0,0,0,0,0,none,"normal, neutral, or supportive statement",synthetic_tanglish
TCB4788,seri good job bro macha,Tanglish,0,none,0,0,0,0,0,0,0,none,"normal, neutral, or supportive statement",synthetic_tanglish
TCB4789,yes semma performance,Tanglish,0,none,0,0,0,0,0,0,0,none,"normal, neutral, or supportive statement",synthetic_tanglish
TCB4790,bro poda poi velaiya paaru message la poda,Tanglish,1,individual,1,0,0,0,0,0,1,low,profane or abusive wording,synthetic_tanglish
TCB4791,private photo share panna force pannadha social media la bro,Tanglish,1,other,0,0,0,0,0,1,0,high,unwanted sexual pressure or abusive sexual request,synthetic_tanglish
TCB4792,seri code check pannitu sollu nu,Tanglish,0,none,0,0,0,0,0,0,0,none,"normal, neutral, or supportive statement",synthetic_tanglish
TCB4793,nice ah semma performance bro,Tanglish,0,none,0,0,0,0,0,0,0,none,"normal, neutral, or supportive statement",synthetic_tanglish
TCB4794,dei ava mela unwanted comments podradhu harassment inga nu,Tanglish,1,other,0,0,0,0,1,0,0,medium,unwanted sexualized or appearance-based harassment,synthetic_tanglish
TCB4795,macha unna damage panniduven chat la podi,Tanglish,1,individual,0,0,1,0,0,0,0,high,reference to physical harm,synthetic_tanglish
TCB4796,bro database update panniten nu,Tanglish,0,none,0,0,0,0,0,0,0,none,"normal, neutral, or supportive statement",synthetic_tanglish
TCB4797,nee oru muttaal intha post la ah,Tanglish,1,individual,1,0,0,0,0,0,0,medium,direct personal insult,synthetic_tanglish
TCB4798,da solution useful ah irukku 👍,Tanglish,0,none,0,0,0,0,0,0,0,none,"normal, neutral, or supportive statement",synthetic_tanglish
TCB4799,bro andha community people romba kevalam comment section la macha,Tanglish,1,group,0,0,0,1,0,0,0,high,group-targeted hateful language,synthetic_tanglish
TCB4800,dei enna paaru naan unna paathukuren inga bro,Tanglish,1,other,0,1,1,0,0,0,0,medium,threatening language,synthetic_tanglish
TCB4801,nice ah later discuss pannalam bro,Tanglish,0,none,0,0,0,0,0,0,0,none,"normal, neutral, or supportive statement",synthetic_tanglish
TCB4802,inniku session epdi pochu,Tanglish,0,none,0,0,0,0,0,0,0,none,"normal, neutral, or supportive statement",synthetic_tanglish
TCB4803,actually keep going bro honestly,Tanglish,0,none,0,0,0,0,0,0,0,none,"normal, neutral, or supportive statement",synthetic_tanglish
TCB4804,dei unwanted sexual message anuppadha intha post la ippo,Tanglish,1,individual,0,0,0,0,0,1,0,high,unwanted sexual pressure or abusive sexual request,synthetic_tanglish
TCB4805,seri presentation clear ah irundhuchu bro,Tanglish,0,none,0,0,0,0,0,0,0,none,"normal, neutral, or supportive statement",synthetic_tanglish
TCB4806,dei ava mela unwanted comments podradhu harassment message la da,Tanglish,1,individual,0,0,0,0,1,0,0,medium,unwanted sexualized or appearance-based harassment,synthetic_tanglish
TCB4807,honestly keep going bro bro,Tanglish,0,none,0,0,0,0,0,0,0,none,"normal, neutral, or supportive statement",synthetic_tanglish
TCB4808,actually solution useful ah irukku la,Tanglish,0,none,0,0,0,0,0,0,0,none,"normal, neutral, or supportive statement",synthetic_tanglish
TCB4809,bro nee oru joker la,Tanglish,1,individual,1,0,0,0,0,0,1,low,direct personal insult,synthetic_tanglish
TCB4810,listen andha community people romba kevalam online la bro,Tanglish,1,group,0,0,0,1,0,0,0,medium,group-targeted hateful language,synthetic_tanglish
TCB4811,true bro naalaikku continue pannalam today,Tanglish,0,none,0,0,0,0,0,0,0,none,"normal, neutral, or supportive statement",synthetic_tanglish
TCB4812,macha inniku session epdi pochu la,Tanglish,0,none,0,0,0,0,0,0,0,none,"normal, neutral, or supportive statement",synthetic_tanglish
TCB4813,true bro rest eduthuko la,Tanglish,0,none,0,0,0,0,0,0,0,none,"normal, neutral, or supportive statement",synthetic_tanglish
TCB4814,actually semma performance,Tanglish,0,none,0,0,0,0,0,0,0,none,"normal, neutral, or supportive statement",synthetic_tanglish
TCB4815,true bro keep going bro bro,Tanglish,0,none,0,0,0,0,0,0,0,none,"normal, neutral, or supportive statement",synthetic_tanglish
TCB4816,seriously sexual pressure kudukka koodadhu message la ippo,Tanglish,1,other,0,0,0,0,0,1,0,medium,unwanted sexual pressure or abusive sexual request,synthetic_tanglish
TCB4817,bro nice explanation inniku,Tanglish,0,none,0,0,0,0,0,0,0,none,"normal, neutral, or supportive statement",synthetic_tanglish
TCB4818,code check pannitu sollu inniku,Tanglish,0,none,0,0,0,0,0,0,0,none,"normal, neutral, or supportive statement",synthetic_tanglish
TCB4819,seriously nee stop pannalana problem aagum online la podi,Tanglish,1,other,0,1,0,0,0,0,0,medium,threatening language,synthetic_tanglish
TCB4820,actually seri paakalam bro,Tanglish,0,none,0,0,0,0,0,0,0,none,"normal, neutral, or supportive statement",synthetic_tanglish
TCB4821,honestly nee nalla work pannita nu,Tanglish,0,none,0,0,0,0,0,0,0,none,"normal, neutral, or supportive statement",synthetic_tanglish
TCB4822,da nice explanation nu,Tanglish,0,none,0,0,0,0,0,0,0,none,"normal, neutral, or supportive statement",synthetic_tanglish
TCB4823,macha un effort romba nalla irukku today,Tanglish,0,none,0,0,0,0,0,0,0,none,"normal, neutral, or supportive statement",synthetic_tanglish
TCB4824,seriously unnoda actions ku answer kudukkanum chat la macha,Tanglish,1,other,0,1,1,0,0,0,0,medium,threatening language,synthetic_tanglish
TCB4825,seriously nee oru joker online la la,Tanglish,1,individual,1,0,0,0,0,0,1,medium,direct personal insult,synthetic_tanglish
TCB4826,bro un body pathi public ah pesa vendam chat la ippo,Tanglish,1,individual,0,0,0,0,1,0,0,high,unwanted sexualized or appearance-based harassment,synthetic_tanglish
TCB4827,nice ah inniku session epdi pochu inniku,Tanglish,0,none,0,0,0,0,0,0,0,none,"normal, neutral, or supportive statement",synthetic_tanglish
TCB4828,bro unakku nalla warning idhu daily ah,Tanglish,1,individual,0,1,0,0,0,0,0,medium,threatening language,synthetic_tanglish
TCB4829,macha poda loosu daily da,Tanglish,1,individual,0,0,0,0,0,0,1,medium,profane or abusive wording,synthetic_tanglish
TCB4830,yes project nalla develop aaguthu da,Tanglish,0,none,0,0,0,0,0,0,0,none,"normal, neutral, or supportive statement",synthetic_tanglish
TCB4831,yes nee nalla work pannita la,Tanglish,0,none,0,0,0,0,0,0,0,none,"normal, neutral, or supportive statement",synthetic_tanglish
TCB4832,ivan unna adichiduven inga da,Tanglish,1,individual,0,1,1,0,0,0,0,medium,reference to physical harm,synthetic_tanglish
TCB4833,honestly code check pannitu sollu da,Tanglish,0,none,0,0,0,0,0,0,0,none,"normal, neutral, or supportive statement",synthetic_tanglish
TCB4834,bro innoru message anuppina paathuko ippo,Tanglish,1,individual,0,1,0,0,0,0,0,high,threatening language,synthetic_tanglish
TCB4835,nice ah un effort romba nalla irukku 👍,Tanglish,0,none,0,0,0,0,0,0,0,none,"normal, neutral, or supportive statement",synthetic_tanglish
TCB4836,actually rest eduthuko nu,Tanglish,0,none,0,0,0,0,0,0,0,none,"normal, neutral, or supportive statement",synthetic_tanglish
TCB4837,seriously unna hurt panniduven message la,Tanglish,1,other,0,1,1,0,0,0,0,medium,reference to physical harm,synthetic_tanglish
TCB4838,seriously un photo paathu sexual comments podradhu wrong comment section la ah,Tanglish,1,individual,0,0,0,0,1,0,0,high,unwanted sexualized or appearance-based harassment,synthetic_tanglish
TCB4839,seri seri paakalam da,Tanglish,0,none,0,0,0,0,0,0,0,none,"normal, neutral, or supportive statement",synthetic_tanglish
TCB4840,nee nee oru waste fellow comment section la nu,Tanglish,1,individual,1,0,0,0,0,0,0,medium,direct personal insult,synthetic_tanglish
TCB4841,macha nee daily improve aagite irukka 👍,Tanglish,0,none,0,0,0,0,0,0,0,none,"normal, neutral, or supportive statement",synthetic_tanglish
TCB4842,yes seri paakalam today,Tanglish,0,none,0,0,0,0,0,0,0,none,"normal, neutral, or supportive statement",synthetic_tanglish
TCB4843,nice ah naan unakku support panren macha,Tanglish,0,none,0,0,0,0,0,0,0,none,"normal, neutral, or supportive statement",synthetic_tanglish
TCB4844,honestly happy for your progress bro,Tanglish,0,none,0,0,0,0,0,0,0,none,"normal, neutral, or supportive statement",synthetic_tanglish
TCB4845,yes correct ah sonna honestly,Tanglish,0,none,0,0,0,0,0,0,0,none,"normal, neutral, or supportive statement",synthetic_tanglish
TCB4846,macha nee daily improve aagite irukka nu,Tanglish,0,none,0,0,0,0,0,0,0,none,"normal, neutral, or supportive statement",synthetic_tanglish
TCB4847,da assignment submit pannitiya,Tanglish,0,none,0,0,0,0,0,0,0,none,"normal, neutral, or supportive statement",synthetic_tanglish
TCB4848,nice ah all the best da today,Tanglish,0,none,0,0,0,0,0,0,0,none,"normal, neutral, or supportive statement",synthetic_tanglish
TCB4849,indha idea useful ah irukku honestly,Tanglish,0,none,0,0,0,0,0,0,0,none,"normal, neutral, or supportive statement",synthetic_tanglish
TCB4850,macha correct ah sonna nu,Tanglish,0,none,0,0,0,0,0,0,0,none,"normal, neutral, or supportive statement",synthetic_tanglish
TCB4851,dei poda mental public ah,Tanglish,1,individual,0,0,0,0,0,0,1,medium,profane or abusive wording,synthetic_tanglish
TCB4852,class nalla irundhucha da,Tanglish,0,none,0,0,0,0,0,0,0,none,"normal, neutral, or supportive statement",synthetic_tanglish
TCB4853,seriously unnoda actions ku answer kudukkanum public ah ippo,Tanglish,1,other,0,1,1,0,0,0,0,medium,threatening language,synthetic_tanglish
TCB4854,ivan avanai poi adichidu social media la bro,Tanglish,1,other,0,0,1,0,0,0,0,medium,reference to physical harm,synthetic_tanglish
TCB4855,dei unwanted sexual message anuppadha chat la ippo,Tanglish,1,individual,0,0,0,0,0,1,0,medium,unwanted sexual pressure or abusive sexual request,synthetic_tanglish
TCB4856,yes solution useful ah irukku honestly,Tanglish,0,none,0,0,0,0,0,0,0,none,"normal, neutral, or supportive statement",synthetic_tanglish
TCB4857,ava avanga ellarum same madhiri daily,Tanglish,1,group,0,0,0,1,0,0,0,high,group-targeted hateful language,synthetic_tanglish
TCB4858,dei podi dei comment section la ippo,Tanglish,1,individual,1,0,0,0,0,0,1,medium,profane or abusive wording,synthetic_tanglish
TCB4859,rest eduthuko macha,Tanglish,0,none,0,0,0,0,0,0,0,none,"normal, neutral, or supportive statement",synthetic_tanglish
TCB4860,ava fight panna vandha paathukalam message la da,Tanglish,1,individual,0,0,1,0,0,0,0,high,reference to physical harm,synthetic_tanglish
TCB4861,project nalla develop aaguthu inniku,Tanglish,0,none,0,0,0,0,0,0,0,none,"normal, neutral, or supportive statement",synthetic_tanglish
TCB4862,dei nee unna damage panniduven public ah podi,Tanglish,1,other,0,1,1,0,0,0,0,medium,reference to physical harm,synthetic_tanglish
TCB4863,seriously andha community people romba kevalam chat la ah,Tanglish,1,group,0,0,0,1,0,0,0,high,group-targeted hateful language,synthetic_tanglish
TCB4864,unna adikka varuven inga la,Tanglish,1,individual,0,1,1,0,0,0,0,high,reference to physical harm,synthetic_tanglish
TCB4865,dei avanga ellarum same madhiri ippo,Tanglish,1,group,0,0,0,1,0,0,0,high,group-targeted hateful language,synthetic_tanglish
TCB4866,bro un effort romba nalla irukku nu,Tanglish,0,none,0,0,0,0,0,0,0,none,"normal, neutral, or supportive statement",synthetic_tanglish
TCB4867,nee oru joker intha post la nu,Tanglish,1,individual,1,0,0,0,0,0,0,low,direct personal insult,synthetic_tanglish
TCB4868,ava unna adichiduven public ah podi,Tanglish,1,other,0,1,1,0,0,0,0,high,reference to physical harm,synthetic_tanglish
TCB4869,presentation clear ah irundhuchu honestly,Tanglish,0,none,0,0,0,0,0,0,0,none,"normal, neutral, or supportive statement",synthetic_tanglish
TCB4870,dei un photo ku sexual comment podradhu wrong social media la,Tanglish,1,individual,0,0,0,0,1,0,0,high,unwanted sexualized or appearance-based harassment,synthetic_tanglish
TCB4871,ivan consent illama private photo kekkadha chat la la,Tanglish,1,other,0,0,0,0,1,1,0,medium,unwanted sexual pressure or abusive sexual request,synthetic_tanglish
TCB4872,dei nee unnoda actions ku answer kudukkanum intha post la nu,Tanglish,1,other,0,1,0,0,0,0,0,high,threatening language,synthetic_tanglish
TCB4873,ivan avanai poi adichidu podi,Tanglish,1,individual,0,0,1,0,0,0,0,medium,reference to physical harm,synthetic_tanglish
TCB4874,honestly seri paakalam la,Tanglish,0,none,0,0,0,0,0,0,0,none,"normal, neutral, or supportive statement",synthetic_tanglish
TCB4875,macha indha idea useful ah irukku inniku,Tanglish,0,none,0,0,0,0,0,0,0,none,"normal, neutral, or supportive statement",synthetic_tanglish
TCB4876,macha innoru message anuppina paathuko inga poda,Tanglish,1,individual,0,1,0,0,0,0,0,high,threatening language,synthetic_tanglish
TCB4877,ivan sexual pressure kudukka koodadhu chat la bro,Tanglish,1,other,0,0,0,0,0,1,0,medium,unwanted sexual pressure or abusive sexual request,synthetic_tanglish
TCB4878,ivan un photo paathu sexual comments podradhu wrong inga da,Tanglish,1,individual,0,0,0,0,1,0,0,high,unwanted sexualized or appearance-based harassment,synthetic_tanglish
TCB4879,ivan dei mokka bro,Tanglish,1,other,0,0,0,0,0,0,1,low,profane or abusive wording,synthetic_tanglish
TCB4880,avanai poi adichidu message la ippo,Tanglish,1,individual,0,1,1,0,0,0,0,medium,reference to physical harm,synthetic_tanglish
TCB4881,presentation clear ah irundhuchu today,Tanglish,0,none,0,0,0,0,0,0,0,none,"normal, neutral, or supportive statement",synthetic_tanglish
TCB4882,actually all the best da da,Tanglish,0,none,0,0,0,0,0,0,0,none,"normal, neutral, or supportive statement",synthetic_tanglish
TCB4883,actually assignment submit pannitiya inniku,Tanglish,0,none,0,0,0,0,0,0,0,none,"normal, neutral, or supportive statement",synthetic_tanglish
TCB4884,true bro meeting five mani ku irukku da,Tanglish,0,none,0,0,0,0,0,0,0,none,"normal, neutral, or supportive statement",synthetic_tanglish
TCB4885,bro un body ah comment panni disturb pannadha daily poda,Tanglish,1,individual,0,0,0,0,1,0,0,medium,unwanted sexualized or appearance-based harassment,synthetic_tanglish
TCB4886,actually assignment submit pannitiya macha,Tanglish,0,none,0,0,0,0,0,0,0,none,"normal, neutral, or supportive statement",synthetic_tanglish
TCB4887,da assignment submit pannitiya macha,Tanglish,0,none,0,0,0,0,0,0,0,none,"normal, neutral, or supportive statement",synthetic_tanglish
TCB4888,bro naan unakku support panren today,Tanglish,0,none,0,0,0,0,0,0,0,none,"normal, neutral, or supportive statement",synthetic_tanglish
TCB4889,bro good job bro inniku,Tanglish,0,none,0,0,0,0,0,0,0,none,"normal, neutral, or supportive statement",synthetic_tanglish
TCB4890,honestly nice explanation,Tanglish,0,none,0,0,0,0,0,0,0,none,"normal, neutral, or supportive statement",synthetic_tanglish
TCB4891,podi poi ukkaru public ah da,Tanglish,1,other,0,0,0,0,0,0,1,medium,profane or abusive wording,synthetic_tanglish
TCB4892,yes later discuss pannalam inniku,Tanglish,0,none,0,0,0,0,0,0,0,none,"normal, neutral, or supportive statement",synthetic_tanglish
TCB4893,semma performance bro,Tanglish,0,none,0,0,0,0,0,0,0,none,"normal, neutral, or supportive statement",synthetic_tanglish
TCB4894,da rest eduthuko honestly,Tanglish,0,none,0,0,0,0,0,0,0,none,"normal, neutral, or supportive statement",synthetic_tanglish
TCB4895,nice ah database update panniten da,Tanglish,0,none,0,0,0,0,0,0,0,none,"normal, neutral, or supportive statement",synthetic_tanglish
TCB4896,yes food saptiya inniku,Tanglish,0,none,0,0,0,0,0,0,0,none,"normal, neutral, or supportive statement",synthetic_tanglish
TCB4897,yes nee daily improve aagite irukka nu,Tanglish,0,none,0,0,0,0,0,0,0,none,"normal, neutral, or supportive statement",synthetic_tanglish
TCB4898,seriously andha community people romba kevalam inga da,Tanglish,1,group,0,0,0,1,0,0,0,medium,group-targeted hateful language,synthetic_tanglish
TCB4899,da correct ah sonna bro,Tanglish,0,none,0,0,0,0,0,0,0,none,"normal, neutral, or supportive statement",synthetic_tanglish
TCB4900,dei nee naan unna confront panren message la podi,Tanglish,1,individual,0,1,1,0,0,0,0,high,threatening language,synthetic_tanglish
TCB4901,honestly presentation clear ah irundhuchu da,Tanglish,0,none,0,0,0,0,0,0,0,none,"normal, neutral, or supportive statement",synthetic_tanglish
TCB4902,da semma performance macha,Tanglish,0,none,0,0,0,0,0,0,0,none,"normal, neutral, or supportive statement",synthetic_tanglish
TCB4903,nee andha people ellam problem social media la nu,Tanglish,1,group,0,0,0,1,0,0,0,medium,group-targeted hateful language,synthetic_tanglish
TCB4904,true bro food saptiya da,Tanglish,0,none,0,0,0,0,0,0,0,none,"normal, neutral, or supportive statement",synthetic_tanglish
TCB4905,nice ah all the best da honestly,Tanglish,0,none,0,0,0,0,0,0,0,none,"normal, neutral, or supportive statement",synthetic_tanglish
TCB4906,listen poda loosu comment section la macha,Tanglish,1,other,1,0,0,0,0,0,1,medium,profane or abusive wording,synthetic_tanglish
TCB4907,macha un photo paathu sexual comments podradhu wrong online la,Tanglish,1,individual,0,0,0,0,1,0,0,medium,unwanted sexualized or appearance-based harassment,synthetic_tanglish
TCB4908,ava dei poda chat la poda,Tanglish,1,individual,0,0,0,0,0,0,1,medium,profane or abusive wording,synthetic_tanglish
TCB4909,yes class nalla irundhucha macha,Tanglish,0,none,0,0,0,0,0,0,0,none,"normal, neutral, or supportive statement",synthetic_tanglish
TCB4910,dei andha people ellam problem social media la macha,Tanglish,1,group,0,0,0,1,0,0,0,high,group-targeted hateful language,synthetic_tanglish
TCB4911,honestly code check pannitu sollu macha,Tanglish,0,none,0,0,0,0,0,0,0,none,"normal, neutral, or supportive statement",synthetic_tanglish
TCB4912,keep going bro,Tanglish,0,none,0,0,0,0,0,0,0,none,"normal, neutral, or supportive statement",synthetic_tanglish
TCB4913,da nice explanation la,Tanglish,0,none,0,0,0,0,0,0,0,none,"normal, neutral, or supportive statement",synthetic_tanglish
TCB4914,seriously nee total dummy message la,Tanglish,1,other,1,0,0,0,0,0,1,medium,direct personal insult,synthetic_tanglish
TCB4915,actually all the best da honestly,Tanglish,0,none,0,0,0,0,0,0,0,none,"normal, neutral, or supportive statement",synthetic_tanglish
TCB4916,listen un body ah comment panni disturb pannadha inga ah,Tanglish,1,individual,0,0,0,0,1,0,0,high,unwanted sexualized or appearance-based harassment,synthetic_tanglish
TCB4917,nee unwanted sexual message anuppadha public ah nu,Tanglish,1,other,0,0,0,0,1,1,0,high,unwanted sexual pressure or abusive sexual request,synthetic_tanglish
TCB4918,nee unakku basic knowledge kooda illa chat la,Tanglish,1,individual,1,0,0,0,0,0,1,low,direct personal insult,synthetic_tanglish
TCB4919,macha nee oru muttaal message la,Tanglish,1,individual,1,0,0,0,0,0,1,low,direct personal insult,synthetic_tanglish
TCB4920,presentation clear ah irundhuchu da,Tanglish,0,none,0,0,0,0,0,0,0,none,"normal, neutral, or supportive statement",synthetic_tanglish
TCB4921,nice ah keep going bro bro,Tanglish,0,none,0,0,0,0,0,0,0,none,"normal, neutral, or supportive statement",synthetic_tanglish
TCB4922,da database update panniten bro,Tanglish,0,none,0,0,0,0,0,0,0,none,"normal, neutral, or supportive statement",synthetic_tanglish
TCB4923,ava fight panna vandha paathukalam online la la,Tanglish,1,other,0,1,1,0,0,0,0,medium,reference to physical harm,synthetic_tanglish
TCB4924,true bro code check pannitu sollu macha,Tanglish,0,none,0,0,0,0,0,0,0,none,"normal, neutral, or supportive statement",synthetic_tanglish
TCB4925,yes meeting five mani ku irukku,Tanglish,0,none,0,0,0,0,0,0,0,none,"normal, neutral, or supportive statement",synthetic_tanglish
TCB4926,honestly food saptiya la,Tanglish,0,none,0,0,0,0,0,0,0,none,"normal, neutral, or supportive statement",synthetic_tanglish
TCB4927,bro indha idea useful ah irukku la,Tanglish,0,none,0,0,0,0,0,0,0,none,"normal, neutral, or supportive statement",synthetic_tanglish
TCB4928,dei unakku consequences irukkum chat la poda,Tanglish,1,individual,0,1,0,0,0,0,0,medium,threatening language,synthetic_tanglish
TCB4929,true bro movie epdi irundhuchu nu,Tanglish,0,none,0,0,0,0,0,0,0,none,"normal, neutral, or supportive statement",synthetic_tanglish
TCB4930,nee andha community people romba kevalam bro,Tanglish,1,group,0,0,0,1,0,0,0,medium,group-targeted hateful language,synthetic_tanglish
TCB4931,nee poda da message la poda,Tanglish,1,other,0,0,0,0,0,0,1,low,profane or abusive wording,synthetic_tanglish
TCB4932,dei poda inga macha,Tanglish,1,individual,0,0,0,0,0,0,1,low,profane or abusive wording,synthetic_tanglish
TCB4933,macha naan unakku support panren da,Tanglish,0,none,0,0,0,0,0,0,0,none,"normal, neutral, or supportive statement",synthetic_tanglish
TCB4934,macha keep going bro nu,Tanglish,0,none,0,0,0,0,0,0,0,none,"normal, neutral, or supportive statement",synthetic_tanglish
TCB4935,yes super ah panniruka inniku,Tanglish,0,none,0,0,0,0,0,0,0,none,"normal, neutral, or supportive statement",synthetic_tanglish
TCB4936,true bro naalaikku continue pannalam nu,Tanglish,0,none,0,0,0,0,0,0,0,none,"normal, neutral, or supportive statement",synthetic_tanglish
TCB4937,nee oru joker poda,Tanglish,1,individual,1,0,0,0,0,0,0,low,direct personal insult,synthetic_tanglish
TCB4938,dei podi dei comment section la la,Tanglish,1,individual,0,0,0,0,0,0,1,low,profane or abusive wording,synthetic_tanglish
TCB4939,ava mela unwanted comments podradhu harassment social media la poda,Tanglish,1,individual,0,0,0,0,1,0,0,medium,unwanted sexualized or appearance-based harassment,synthetic_tanglish
TCB4940,nice ah happy for your progress today,Tanglish,0,none,0,0,0,0,0,0,0,none,"normal, neutral, or supportive statement",synthetic_tanglish
TCB4941,nee nee inga vandha unakku problem social media la da,Tanglish,1,individual,0,1,1,0,0,0,0,high,threatening language,synthetic_tanglish
TCB4942,nice ah nee daily improve aagite irukka da,Tanglish,0,none,0,0,0,0,0,0,0,none,"normal, neutral, or supportive statement",synthetic_tanglish
TCB4943,dei nee poda poi velaiya paaru online la podi,Tanglish,1,individual,1,0,0,0,0,0,1,low,profane or abusive wording,synthetic_tanglish
TCB4944,ivan avanga group ah support panna koodadhu chat la podi,Tanglish,1,group,0,0,0,1,0,0,0,high,group-targeted hateful language,synthetic_tanglish
TCB4945,honestly semma performance honestly,Tanglish,0,none,0,0,0,0,0,0,0,none,"normal, neutral, or supportive statement",synthetic_tanglish
TCB4946,seriously online la unwanted sexual attention kudukkadha intha post la ah,Tanglish,1,individual,0,0,0,0,1,0,0,high,unwanted sexualized or appearance-based harassment,synthetic_tanglish
TCB4947,macha enna paaru naan unna paathukuren la,Tanglish,1,other,0,1,0,0,0,0,0,medium,threatening language,synthetic_tanglish
TCB4948,ava unna vida maaten nu nenachuko ah,Tanglish,1,individual,0,1,0,0,0,0,0,medium,threatening language,synthetic_tanglish
TCB4949,ivan naan unna confront panren intha post la poda,Tanglish,1,individual,0,1,1,0,0,0,0,high,threatening language,synthetic_tanglish
TCB4950,nice ah assignment submit pannitiya,Tanglish,0,none,0,0,0,0,0,0,0,none,"normal, neutral, or supportive statement",synthetic_tanglish
TCB4951,bro un effort romba nalla irukku macha,Tanglish,0,none,0,0,0,0,0,0,0,none,"normal, neutral, or supportive statement",synthetic_tanglish
TCB4952,true bro rest eduthuko 👍,Tanglish,0,none,0,0,0,0,0,0,0,none,"normal, neutral, or supportive statement",synthetic_tanglish
TCB4953,nice ah code check pannitu sollu inniku,Tanglish,0,none,0,0,0,0,0,0,0,none,"normal, neutral, or supportive statement",synthetic_tanglish
TCB4954,seriously andha community ah nambave mudiyadhu online la ah,Tanglish,1,group,0,0,0,1,0,0,0,high,group-targeted hateful language,synthetic_tanglish
TCB4955,un photo ku sexual comment podradhu wrong public ah podi,Tanglish,1,other,0,0,0,0,1,0,0,medium,unwanted sexualized or appearance-based harassment,synthetic_tanglish
TCB4956,nice ah project nalla develop aaguthu 👍,Tanglish,0,none,0,0,0,0,0,0,0,none,"normal, neutral, or supportive statement",synthetic_tanglish
TCB4957,dei un body ah comment panni disturb pannadha message la la,Tanglish,1,individual,0,0,0,0,1,0,0,medium,unwanted sexualized or appearance-based harassment,synthetic_tanglish
TCB4958,seriously unakku consequences irukkum inga da,Tanglish,1,individual,0,1,0,0,0,0,0,high,threatening language,synthetic_tanglish
TCB4959,honestly food saptiya da,Tanglish,0,none,0,0,0,0,0,0,0,none,"normal, neutral, or supportive statement",synthetic_tanglish
TCB4960,actually naan unakku support panren bro,Tanglish,0,none,0,0,0,0,0,0,0,none,"normal, neutral, or supportive statement",synthetic_tanglish
TCB4961,ava sexual content anuppi disturb panna koodadhu message la da,Tanglish,1,individual,0,0,0,0,1,1,0,medium,unwanted sexual pressure or abusive sexual request,synthetic_tanglish
TCB4962,bro dei poda inga daily poda,Tanglish,1,individual,1,0,0,0,0,0,1,medium,profane or abusive wording,synthetic_tanglish
TCB4963,macha naan unakku support panren inniku,Tanglish,0,none,0,0,0,0,0,0,0,none,"normal, neutral, or supportive statement",synthetic_tanglish
TCB4964,dei nee unna adichiduven comment section la macha,Tanglish,1,individual,0,0,1,0,0,0,0,high,reference to physical harm,synthetic_tanglish
TCB4965,actually naan unakku support panren,Tanglish,0,none,0,0,0,0,0,0,0,none,"normal, neutral, or supportive statement",synthetic_tanglish
TCB4966,ivan poda waste inga la,Tanglish,1,individual,0,0,0,0,0,0,1,medium,profane or abusive wording,synthetic_tanglish
TCB4967,seriously consent illama private photo kekkadha chat la poda,Tanglish,1,individual,0,0,0,0,0,1,0,high,unwanted sexual pressure or abusive sexual request,synthetic_tanglish
TCB4968,macha unakku nalla warning idhu chat la da,Tanglish,1,individual,0,1,1,0,0,0,0,medium,threatening language,synthetic_tanglish
TCB4969,da naalaikku continue pannalam today,Tanglish,0,none,0,0,0,0,0,0,0,none,"normal, neutral, or supportive statement",synthetic_tanglish
TCB4970,true bro naan unakku support panren da,Tanglish,0,none,0,0,0,0,0,0,0,none,"normal, neutral, or supportive statement",synthetic_tanglish
TCB4971,nice ah nee daily improve aagite irukka la,Tanglish,0,none,0,0,0,0,0,0,0,none,"normal, neutral, or supportive statement",synthetic_tanglish
TCB4972,seri meeting five mani ku irukku la,Tanglish,0,none,0,0,0,0,0,0,0,none,"normal, neutral, or supportive statement",synthetic_tanglish
TCB4973,macha super ah panniruka macha,Tanglish,0,none,0,0,0,0,0,0,0,none,"normal, neutral, or supportive statement",synthetic_tanglish
TCB4974,bro nee romba pathetic public ah ippo,Tanglish,1,other,1,0,0,0,0,0,1,low,direct personal insult,synthetic_tanglish
TCB4975,dei unakku sense eh illa inga da,Tanglish,1,other,1,0,0,0,0,0,0,low,direct personal insult,synthetic_tanglish
TCB4976,honestly keep going bro today,Tanglish,0,none,0,0,0,0,0,0,0,none,"normal, neutral, or supportive statement",synthetic_tanglish
TCB4977,nice explanation 👍,Tanglish,0,none,0,0,0,0,0,0,0,none,"normal, neutral, or supportive statement",synthetic_tanglish
TCB4978,true bro later discuss pannalam 👍,Tanglish,0,none,0,0,0,0,0,0,0,none,"normal, neutral, or supportive statement",synthetic_tanglish
TCB4979,macha keep going bro inniku,Tanglish,0,none,0,0,0,0,0,0,0,none,"normal, neutral, or supportive statement",synthetic_tanglish
TCB4980,bro nice explanation da,Tanglish,0,none,0,0,0,0,0,0,0,none,"normal, neutral, or supportive statement",synthetic_tanglish
TCB4981,bro innoru message anuppina paathuko public ah poda,Tanglish,1,individual,0,1,1,0,0,0,0,medium,threatening language,synthetic_tanglish
TCB4982,bro andha community people romba kevalam message la nu,Tanglish,1,group,0,0,0,1,0,0,0,high,group-targeted hateful language,synthetic_tanglish
TCB4983,ava ava mela unwanted comments podradhu harassment public ah poda,Tanglish,1,other,0,0,0,0,1,0,0,high,unwanted sexualized or appearance-based harassment,synthetic_tanglish
TCB4984,dei nee un photo ku sexual comment podradhu wrong daily nu,Tanglish,1,individual,0,0,0,0,1,0,0,high,unwanted sexualized or appearance-based harassment,synthetic_tanglish
TCB4985,true bro un effort romba nalla irukku bro,Tanglish,0,none,0,0,0,0,0,0,0,none,"normal, neutral, or supportive statement",synthetic_tanglish
TCB4986,unwanted sexual message anuppadha daily macha,Tanglish,1,other,0,0,0,0,1,1,0,high,unwanted sexual pressure or abusive sexual request,synthetic_tanglish
TCB4987,da naan unakku support panren bro,Tanglish,0,none,0,0,0,0,0,0,0,none,"normal, neutral, or supportive statement",synthetic_tanglish
TCB4988,da meeting five mani ku irukku inniku,Tanglish,0,none,0,0,0,0,0,0,0,none,"normal, neutral, or supportive statement",synthetic_tanglish
TCB4989,macha code check pannitu sollu bro,Tanglish,0,none,0,0,0,0,0,0,0,none,"normal, neutral, or supportive statement",synthetic_tanglish
TCB4990,listen nee oru failure,Tanglish,1,other,1,0,0,0,0,0,1,medium,direct personal insult,synthetic_tanglish
TCB4991,bro movie epdi irundhuchu inniku,Tanglish,0,none,0,0,0,0,0,0,0,none,"normal, neutral, or supportive statement",synthetic_tanglish
TCB4992,honestly assignment submit pannitiya honestly,Tanglish,0,none,0,0,0,0,0,0,0,none,"normal, neutral, or supportive statement",synthetic_tanglish
TCB4993,bro avanga ellarum same madhiri intha post la la,Tanglish,1,group,0,0,0,1,0,0,0,high,group-targeted hateful language,synthetic_tanglish
TCB4994,dei nee consent illama private photo kekkadha comment section la nu,Tanglish,1,other,0,0,0,0,0,1,0,medium,unwanted sexual pressure or abusive sexual request,synthetic_tanglish
TCB4995,seriously poda da social media la bro,Tanglish,1,individual,1,0,0,0,0,0,1,medium,profane or abusive wording,synthetic_tanglish
TCB4996,bro un effort romba nalla irukku da,Tanglish,0,none,0,0,0,0,0,0,0,none,"normal, neutral, or supportive statement",synthetic_tanglish
TCB4997,macha food saptiya nu,Tanglish,0,none,0,0,0,0,0,0,0,none,"normal, neutral, or supportive statement",synthetic_tanglish
TCB4998,consent illama private photo kekkadha message la podi,Tanglish,1,individual,0,0,0,0,0,1,0,medium,unwanted sexual pressure or abusive sexual request,synthetic_tanglish
TCB4999,bro ava mela unwanted comments podradhu harassment poda,Tanglish,1,individual,0,0,0,0,1,0,0,high,unwanted sexualized or appearance-based harassment,synthetic_tanglish
TCB5000,listen andha people ellam problem social media la macha,Tanglish,1,group,0,0,0,1,0,0,0,high,group-targeted hateful language,synthetic_tanglish
TCB5001,andha community people romba kevalam inga nu,Tanglish,1,group,0,0,0,1,0,0,0,high,group-targeted hateful language,synthetic_tanglish
TCB5002,macha indha idea useful ah irukku today,Tanglish,0,none,0,0,0,0,0,0,0,none,"normal, neutral, or supportive statement",synthetic_tanglish
TCB5003,nice ah happy for your progress,Tanglish,0,none,0,0,0,0,0,0,0,none,"normal, neutral, or supportive statement",synthetic_tanglish
TCB5004,dei nee sexual pressure kudukka koodadhu intha post la la,Tanglish,1,other,0,0,0,0,0,1,0,high,unwanted sexual pressure or abusive sexual request,synthetic_tanglish
TCB5005,listen andha group people ellam mosam online la poda,Tanglish,1,group,0,0,0,1,0,0,0,high,group-targeted hateful language,synthetic_tanglish
TCB5006,dei nee naan unna confront panren social media la nu,Tanglish,1,other,0,1,1,0,0,0,0,medium,threatening language,synthetic_tanglish
TCB5007,actually later discuss pannalam inniku,Tanglish,0,none,0,0,0,0,0,0,0,none,"normal, neutral, or supportive statement",synthetic_tanglish
TCB5008,da nee daily improve aagite irukka da,Tanglish,0,none,0,0,0,0,0,0,0,none,"normal, neutral, or supportive statement",synthetic_tanglish
TCB5009,bro correct ah sonna bro,Tanglish,0,none,0,0,0,0,0,0,0,none,"normal, neutral, or supportive statement",synthetic_tanglish
TCB5010,seriously podi dei message la la,Tanglish,1,other,1,0,0,0,0,0,1,low,profane or abusive wording,synthetic_tanglish
TCB5011,actually indha idea useful ah irukku today,Tanglish,0,none,0,0,0,0,0,0,0,none,"normal, neutral, or supportive statement",synthetic_tanglish
TCB5012,actually seri paakalam honestly,Tanglish,0,none,0,0,0,0,0,0,0,none,"normal, neutral, or supportive statement",synthetic_tanglish
TCB5013,ivan sandaila unna adikka thonudhu message la poda,Tanglish,1,individual,0,0,1,0,0,0,0,medium,reference to physical harm,synthetic_tanglish
TCB5014,bro sexual content anuppi disturb panna koodadhu online la macha,Tanglish,1,individual,0,0,0,0,0,1,0,medium,unwanted sexual pressure or abusive sexual request,synthetic_tanglish
TCB5015,nee poda dei online la da,Tanglish,1,other,1,0,0,0,0,0,1,medium,profane or abusive wording,synthetic_tanglish
TCB5016,macha seri paakalam today,Tanglish,0,none,0,0,0,0,0,0,0,none,"normal, neutral, or supportive statement",synthetic_tanglish
TCB5017,honestly database update panniten la,Tanglish,0,none,0,0,0,0,0,0,0,none,"normal, neutral, or supportive statement",synthetic_tanglish
TCB5018,true bro nee nalla work pannita da,Tanglish,0,none,0,0,0,0,0,0,0,none,"normal, neutral, or supportive statement",synthetic_tanglish
TCB5019,ava personal appearance ah target panni tease pannadha inga ah,Tanglish,1,other,0,0,0,0,1,0,0,high,unwanted sexualized or appearance-based harassment,synthetic_tanglish
TCB5020,bro avanga ellarum same madhiri online la poda,Tanglish,1,group,0,0,0,1,0,0,0,medium,group-targeted hateful language,synthetic_tanglish
TCB5021,dei nee avanga madhiri people inga vendaam public ah,Tanglish,1,group,0,0,0,1,0,0,0,medium,group-targeted hateful language,synthetic_tanglish
TCB5022,bro fight panna vandha paathukalam inga,Tanglish,1,other,0,1,1,0,0,0,0,high,reference to physical harm,synthetic_tanglish
TCB5023,dei nee nee romba pathetic social media la ippo,Tanglish,1,individual,1,0,0,0,0,0,0,medium,direct personal insult,synthetic_tanglish
TCB5024,dei poda loosu inga bro,Tanglish,1,other,0,0,0,0,0,0,1,low,profane or abusive wording,synthetic_tanglish
TCB5025,bro unakku basic knowledge kooda illa public ah ah,Tanglish,1,other,1,0,0,0,0,0,1,medium,direct personal insult,synthetic_tanglish
TCB5026,unna beat panniduven inga podi,Tanglish,1,other,0,0,1,0,0,0,0,medium,reference to physical harm,synthetic_tanglish
TCB5027,seri meeting five mani ku irukku da,Tanglish,0,none,0,0,0,0,0,0,0,none,"normal, neutral, or supportive statement",synthetic_tanglish
TCB5028,dei nee un photo paathu sexual comments podradhu wrong daily bro,Tanglish,1,individual,0,0,0,0,1,0,0,high,unwanted sexualized or appearance-based harassment,synthetic_tanglish
TCB5029,actually all the best da 👍,Tanglish,0,none,0,0,0,0,0,0,0,none,"normal, neutral, or supportive statement",synthetic_tanglish
TCB5030,bro meeting five mani ku irukku 👍,Tanglish,0,none,0,0,0,0,0,0,0,none,"normal, neutral, or supportive statement",synthetic_tanglish
TCB5031,seri naan unakku support panren inniku,Tanglish,0,none,0,0,0,0,0,0,0,none,"normal, neutral, or supportive statement",synthetic_tanglish
TCB5032,true bro database update panniten da,Tanglish,0,none,0,0,0,0,0,0,0,none,"normal, neutral, or supportive statement",synthetic_tanglish
TCB5033,seri paakalam today,Tanglish,0,none,0,0,0,0,0,0,0,none,"normal, neutral, or supportive statement",synthetic_tanglish
TCB5034,nice ah movie epdi irundhuchu nu,Tanglish,0,none,0,0,0,0,0,0,0,none,"normal, neutral, or supportive statement",synthetic_tanglish
TCB5035,nee andha group people ellam mosam poda,Tanglish,1,group,0,0,0,1,0,0,0,high,group-targeted hateful language,synthetic_tanglish
TCB5036,bro unna hurt panniduven ippo,Tanglish,1,other,0,0,1,0,0,0,0,medium,reference to physical harm,synthetic_tanglish
TCB5037,ivan personal appearance ah target panni tease pannadha chat la da,Tanglish,1,individual,0,0,0,0,1,0,0,high,unwanted sexualized or appearance-based harassment,synthetic_tanglish
TCB5038,macha code check pannitu sollu da,Tanglish,0,none,0,0,0,0,0,0,0,none,"normal, neutral, or supportive statement",synthetic_tanglish
TCB5039,dei dei poda message la macha,Tanglish,1,individual,1,0,0,0,0,0,1,low,profane or abusive wording,synthetic_tanglish
TCB5040,seri nice explanation bro,Tanglish,0,none,0,0,0,0,0,0,0,none,"normal, neutral, or supportive statement",synthetic_tanglish
TCB5041,ava unakku consequences irukkum inga ippo,Tanglish,1,individual,0,1,0,0,0,0,0,medium,threatening language,synthetic_tanglish
TCB5042,ava dei summa iru social media la nu,Tanglish,1,other,0,0,0,0,0,0,1,medium,profane or abusive wording,synthetic_tanglish
TCB5043,actually nee nalla work pannita 👍,Tanglish,0,none,0,0,0,0,0,0,0,none,"normal, neutral, or supportive statement",synthetic_tanglish
TCB5044,bro class nalla irundhucha honestly,Tanglish,0,none,0,0,0,0,0,0,0,none,"normal, neutral, or supportive statement",synthetic_tanglish
TCB5045,food saptiya da,Tanglish,0,none,0,0,0,0,0,0,0,none,"normal, neutral, or supportive statement",synthetic_tanglish
TCB5046,da inniku session epdi pochu macha,Tanglish,0,none,0,0,0,0,0,0,0,none,"normal, neutral, or supportive statement",synthetic_tanglish
TCB5047,true bro rest eduthuko bro,Tanglish,0,none,0,0,0,0,0,0,0,none,"normal, neutral, or supportive statement",synthetic_tanglish
TCB5048,honestly database update panniten,Tanglish,0,none,0,0,0,0,0,0,0,none,"normal, neutral, or supportive statement",synthetic_tanglish
TCB5049,nee un appearance pathi unwanted comment poda vendam online la macha,Tanglish,1,individual,0,0,0,0,1,0,0,high,unwanted sexualized or appearance-based harassment,synthetic_tanglish
TCB5050,unna adikka varuven daily ah,Tanglish,1,other,0,1,1,0,0,0,0,medium,reference to physical harm,synthetic_tanglish
TCB5051,nee un appearance pathi unwanted comment poda vendam public ah bro,Tanglish,1,individual,0,0,0,0,1,0,0,high,unwanted sexualized or appearance-based harassment,synthetic_tanglish
TCB5052,dei nee dei summa iru public ah macha,Tanglish,1,individual,0,0,0,0,0,0,1,medium,profane or abusive wording,synthetic_tanglish
TCB5053,ivan nee oru muttaal inga ippo,Tanglish,1,individual,1,0,0,0,0,0,1,medium,direct personal insult,synthetic_tanglish
TCB5054,dei nee podi poi ukkaru intha post la poda,Tanglish,1,individual,0,0,0,0,0,0,1,medium,profane or abusive wording,synthetic_tanglish
TCB5055,seriously unakku edhuvume theriyadhu chat la bro,Tanglish,1,individual,1,0,0,0,0,0,0,low,direct personal insult,synthetic_tanglish
TCB5056,yes nee nalla work pannita macha,Tanglish,0,none,0,0,0,0,0,0,0,none,"normal, neutral, or supportive statement",synthetic_tanglish
TCB5057,nee nee stop pannalana problem aagum public ah ippo,Tanglish,1,other,0,1,1,0,0,0,0,high,threatening language,synthetic_tanglish
TCB5058,honestly seri paakalam bro,Tanglish,0,none,0,0,0,0,0,0,0,none,"normal, neutral, or supportive statement",synthetic_tanglish
TCB5059,code check pannitu sollu 👍,Tanglish,0,none,0,0,0,0,0,0,0,none,"normal, neutral, or supportive statement",synthetic_tanglish
TCB5060,poda waste comment section la da,Tanglish,1,individual,0,0,0,0,0,0,1,medium,profane or abusive wording,synthetic_tanglish
TCB5061,macha andha group people ellam mosam chat la da,Tanglish,1,group,0,0,0,1,0,0,0,medium,group-targeted hateful language,synthetic_tanglish
TCB5062,bro nice explanation bro,Tanglish,0,none,0,0,0,0,0,0,0,none,"normal, neutral, or supportive statement",synthetic_tanglish
TCB5063,macha fight panna vandha paathukalam comment section la podi,Tanglish,1,individual,0,1,1,0,0,0,0,medium,reference to physical harm,synthetic_tanglish
TCB5064,yes seri paakalam 👍,Tanglish,0,none,0,0,0,0,0,0,0,none,"normal, neutral, or supportive statement",synthetic_tanglish
TCB5065,honestly team work nalla pannenga,Tanglish,0,none,0,0,0,0,0,0,0,none,"normal, neutral, or supportive statement",synthetic_tanglish
TCB5066,macha fight panna vandha paathukalam inga la,Tanglish,1,individual,0,0,1,0,0,0,0,medium,reference to physical harm,synthetic_tanglish
TCB5067,actually good job bro nu,Tanglish,0,none,0,0,0,0,0,0,0,none,"normal, neutral, or supportive statement",synthetic_tanglish
TCB5068,actually food saptiya honestly,Tanglish,0,none,0,0,0,0,0,0,0,none,"normal, neutral, or supportive statement",synthetic_tanglish
TCB5069,seriously poda waste comment section la ippo,Tanglish,1,individual,0,0,0,0,0,0,1,medium,profane or abusive wording,synthetic_tanglish
TCB5070,nice ah indha idea useful ah irukku 👍,Tanglish,0,none,0,0,0,0,0,0,0,none,"normal, neutral, or supportive statement",synthetic_tanglish
TCB5071,project nalla develop aaguthu honestly,Tanglish,0,none,0,0,0,0,0,0,0,none,"normal, neutral, or supportive statement",synthetic_tanglish
TCB5072,bro nee oru useless fellow daily la,Tanglish,1,individual,1,0,0,0,0,0,0,medium,direct personal insult,synthetic_tanglish
TCB5073,dei poda comment section la podi,Tanglish,1,individual,1,0,0,0,0,0,1,medium,profane or abusive wording,synthetic_tanglish
TCB5074,actually super ah panniruka macha,Tanglish,0,none,0,0,0,0,0,0,0,none,"normal, neutral, or supportive statement",synthetic_tanglish
TCB5075,honestly indha idea useful ah irukku macha,Tanglish,0,none,0,0,0,0,0,0,0,none,"normal, neutral, or supportive statement",synthetic_tanglish
TCB5076,bro un performance romba kevalam social media la nu,Tanglish,1,individual,1,0,0,0,0,0,0,medium,direct personal insult,synthetic_tanglish
TCB5077,nee nalla work pannita da,Tanglish,0,none,0,0,0,0,0,0,0,none,"normal, neutral, or supportive statement",synthetic_tanglish
TCB5078,actually later discuss pannalam nu,Tanglish,0,none,0,0,0,0,0,0,0,none,"normal, neutral, or supportive statement",synthetic_tanglish
TCB5079,nee nee oru joker podi,Tanglish,1,individual,1,0,0,0,0,0,0,low,direct personal insult,synthetic_tanglish
TCB5080,nice ah all the best da macha,Tanglish,0,none,0,0,0,0,0,0,0,none,"normal, neutral, or supportive statement",synthetic_tanglish
TCB5081,seriously un appearance pathi unwanted comment poda vendam intha post la,Tanglish,1,individual,0,0,0,0,1,0,0,high,unwanted sexualized or appearance-based harassment,synthetic_tanglish
TCB5082,yes database update panniten la,Tanglish,0,none,0,0,0,0,0,0,0,none,"normal, neutral, or supportive statement",synthetic_tanglish
TCB5083,da project nalla develop aaguthu la,Tanglish,0,none,0,0,0,0,0,0,0,none,"normal, neutral, or supportive statement",synthetic_tanglish
TCB5084,seri inniku session epdi pochu inniku,Tanglish,0,none,0,0,0,0,0,0,0,none,"normal, neutral, or supportive statement",synthetic_tanglish
TCB5085,yes nice explanation today,Tanglish,0,none,0,0,0,0,0,0,0,none,"normal, neutral, or supportive statement",synthetic_tanglish
TCB5086,ivan naan unna confront panren inga la,Tanglish,1,individual,0,1,0,0,0,0,0,medium,threatening language,synthetic_tanglish
TCB5087,bro nee nalla work pannita macha,Tanglish,0,none,0,0,0,0,0,0,0,none,"normal, neutral, or supportive statement",synthetic_tanglish
TCB5088,listen unna vida maaten nu nenachuko bro,Tanglish,1,individual,0,1,1,0,0,0,0,high,threatening language,synthetic_tanglish
TCB5089,bro correct ah sonna macha,Tanglish,0,none,0,0,0,0,0,0,0,none,"normal, neutral, or supportive statement",synthetic_tanglish
TCB5090,bro team work nalla pannenga inniku,Tanglish,0,none,0,0,0,0,0,0,0,none,"normal, neutral, or supportive statement",synthetic_tanglish
TCB5091,seriously nee romba stupid comment section la podi,Tanglish,1,individual,1,0,0,0,0,0,0,medium,direct personal insult,synthetic_tanglish
TCB5092,macha andha people ellam problem message la ippo,Tanglish,1,group,0,0,0,1,0,0,0,high,group-targeted hateful language,synthetic_tanglish
TCB5093,inniku session epdi pochu bro,Tanglish,0,none,0,0,0,0,0,0,0,none,"normal, neutral, or supportive statement",synthetic_tanglish
TCB5094,dei sexual pressure kudukka koodadhu intha post la la,Tanglish,1,individual,0,0,0,0,0,1,0,medium,unwanted sexual pressure or abusive sexual request,synthetic_tanglish
TCB5095,correct ah sonna today,Tanglish,0,none,0,0,0,0,0,0,0,none,"normal, neutral, or supportive statement",synthetic_tanglish
TCB5096,seri later discuss pannalam,Tanglish,0,none,0,0,0,0,0,0,0,none,"normal, neutral, or supportive statement",synthetic_tanglish
TCB5097,true bro assignment submit pannitiya bro,Tanglish,0,none,0,0,0,0,0,0,0,none,"normal, neutral, or supportive statement",synthetic_tanglish
TCB5098,nice ah super ah panniruka,Tanglish,0,none,0,0,0,0,0,0,0,none,"normal, neutral, or supportive statement",synthetic_tanglish
TCB5099,macha un appearance pathi unwanted comment poda vendam comment section la,Tanglish,1,individual,0,0,0,0,1,0,0,medium,unwanted sexualized or appearance-based harassment,synthetic_tanglish
TCB5100,true bro good job bro 👍,Tanglish,0,none,0,0,0,0,0,0,0,none,"normal, neutral, or supportive statement",synthetic_tanglish
TCB5101,dei nee andha community people romba kevalam chat la da,Tanglish,1,group,0,0,0,1,0,0,0,high,group-targeted hateful language,synthetic_tanglish
TCB5102,honestly meeting five mani ku irukku nu,Tanglish,0,none,0,0,0,0,0,0,0,none,"normal, neutral, or supportive statement",synthetic_tanglish
TCB5103,nice ah project nalla develop aaguthu,Tanglish,0,none,0,0,0,0,0,0,0,none,"normal, neutral, or supportive statement",synthetic_tanglish
TCB5104,ava andha group people ellam mosam public ah da,Tanglish,1,group,0,0,0,1,0,0,0,medium,group-targeted hateful language,synthetic_tanglish
TCB5105,dei nee po da inga irundhu comment section la poda,Tanglish,1,other,0,0,0,0,0,0,1,medium,profane or abusive wording,synthetic_tanglish
TCB5106,seri movie epdi irundhuchu honestly,Tanglish,0,none,0,0,0,0,0,0,0,none,"normal, neutral, or supportive statement",synthetic_tanglish
TCB5107,nee unna beat panniduven podi,Tanglish,1,individual,0,0,1,0,0,0,0,medium,reference to physical harm,synthetic_tanglish
TCB5108,ivan fight panna vandha paathukalam public ah,Tanglish,1,other,0,0,1,0,0,0,0,medium,reference to physical harm,synthetic_tanglish
TCB5109,dei dei summa iru comment section la macha,Tanglish,1,individual,1,0,0,0,0,0,1,medium,profane or abusive wording,synthetic_tanglish
TCB5110,ivan sandaila unna adikka thonudhu social media la ah,Tanglish,1,other,0,0,1,0,0,0,0,medium,reference to physical harm,synthetic_tanglish
TCB5111,ivan un body pathi public ah pesa vendam chat la macha,Tanglish,1,other,0,0,0,0,1,0,0,high,unwanted sexualized or appearance-based harassment,synthetic_tanglish
TCB5112,bro food saptiya la,Tanglish,0,none,0,0,0,0,0,0,0,none,"normal, neutral, or supportive statement",synthetic_tanglish
TCB5113,true bro later discuss pannalam la,Tanglish,0,none,0,0,0,0,0,0,0,none,"normal, neutral, or supportive statement",synthetic_tanglish
TCB5114,ivan unna physical ah attack panniduven chat la da,Tanglish,1,individual,0,1,1,0,0,0,0,medium,reference to physical harm,synthetic_tanglish
TCB5115,actually presentation clear ah irundhuchu la,Tanglish,0,none,0,0,0,0,0,0,0,none,"normal, neutral, or supportive statement",synthetic_tanglish
TCB5116,ava unna damage panniduven online la macha,Tanglish,1,other,0,1,1,0,0,0,0,high,reference to physical harm,synthetic_tanglish
TCB5117,dei naan unna confront panren comment section la da,Tanglish,1,other,0,1,0,0,0,0,0,medium,threatening language,synthetic_tanglish
TCB5118,seriously avanga ellarum same madhiri online la ah,Tanglish,1,group,0,0,0,1,0,0,0,high,group-targeted hateful language,synthetic_tanglish
TCB5119,all the best da,Tanglish,0,none,0,0,0,0,0,0,0,none,"normal, neutral, or supportive statement",synthetic_tanglish
TCB5120,bro poda da daily macha,Tanglish,1,individual,0,0,0,0,0,0,1,medium,profane or abusive wording,synthetic_tanglish
TCB5121,macha unakku common sense illa inga podi,Tanglish,1,individual,1,0,0,0,0,0,1,low,direct personal insult,synthetic_tanglish
TCB5122,honestly un effort romba nalla irukku 👍,Tanglish,0,none,0,0,0,0,0,0,0,none,"normal, neutral, or supportive statement",synthetic_tanglish
TCB5123,ava sexual pressure kudukka koodadhu nu,Tanglish,1,individual,0,0,0,0,0,1,0,medium,unwanted sexual pressure or abusive sexual request,synthetic_tanglish
TCB5124,nice ah semma performance 👍,Tanglish,0,none,0,0,0,0,0,0,0,none,"normal, neutral, or supportive statement",synthetic_tanglish
TCB5125,true bro team work nalla pannenga macha,Tanglish,0,none,0,0,0,0,0,0,0,none,"normal, neutral, or supportive statement",synthetic_tanglish
TCB5126,bro food saptiya bro,Tanglish,0,none,0,0,0,0,0,0,0,none,"normal, neutral, or supportive statement",synthetic_tanglish
TCB5127,actually correct ah sonna inniku,Tanglish,0,none,0,0,0,0,0,0,0,none,"normal, neutral, or supportive statement",synthetic_tanglish
TCB5128,seri presentation clear ah irundhuchu 👍,Tanglish,0,none,0,0,0,0,0,0,0,none,"normal, neutral, or supportive statement",synthetic_tanglish
TCB5129,dei nee andha people ellam problem la,Tanglish,1,group,0,0,0,1,0,0,0,high,group-targeted hateful language,synthetic_tanglish
TCB5130,macha later discuss pannalam,Tanglish,0,none,0,0,0,0,0,0,0,none,"normal, neutral, or supportive statement",synthetic_tanglish
TCB5131,dei fight panna vandha paathukalam intha post la,Tanglish,1,other,0,0,1,0,0,0,0,high,reference to physical harm,synthetic_tanglish
TCB5132,bro inniku session epdi pochu nu,Tanglish,0,none,0,0,0,0,0,0,0,none,"normal, neutral, or supportive statement",synthetic_tanglish
TCB5133,macha movie epdi irundhuchu today,Tanglish,0,none,0,0,0,0,0,0,0,none,"normal, neutral, or supportive statement",synthetic_tanglish
TCB5134,true bro project nalla develop aaguthu nu,Tanglish,0,none,0,0,0,0,0,0,0,none,"normal, neutral, or supportive statement",synthetic_tanglish
TCB5135,bro inniku session epdi pochu inniku,Tanglish,0,none,0,0,0,0,0,0,0,none,"normal, neutral, or supportive statement",synthetic_tanglish
TCB5136,nee andha community people romba kevalam comment section la ippo,Tanglish,1,group,0,0,0,1,0,0,0,high,group-targeted hateful language,synthetic_tanglish
TCB5137,seriously unna damage panniduven social media la,Tanglish,1,individual,0,0,1,0,0,0,0,high,reference to physical harm,synthetic_tanglish
TCB5138,bro unakku common sense illa daily macha,Tanglish,1,individual,1,0,0,0,0,0,1,medium,direct personal insult,synthetic_tanglish
TCB5139,ivan unakku consequences irukkum intha post la la,Tanglish,1,individual,0,1,0,0,0,0,0,high,threatening language,synthetic_tanglish
TCB5140,da thanks for helping me nu,Tanglish,0,none,0,0,0,0,0,0,0,none,"normal, neutral, or supportive statement",synthetic_tanglish
TCB5141,listen unakku common sense illa daily podi,Tanglish,1,other,1,0,0,0,0,0,1,low,direct personal insult,synthetic_tanglish
TCB5142,seriously avanga ellarum same madhiri public ah nu,Tanglish,1,group,0,0,0,1,0,0,0,medium,group-targeted hateful language,synthetic_tanglish
TCB5143,ivan poda dei message la nu,Tanglish,1,individual,1,0,0,0,0,0,1,medium,profane or abusive wording,synthetic_tanglish
TCB5144,all the best da honestly,Tanglish,0,none,0,0,0,0,0,0,0,none,"normal, neutral, or supportive statement",synthetic_tanglish
TCB5145,dei nee dei summa iru comment section la ippo,Tanglish,1,individual,1,0,0,0,0,0,1,low,profane or abusive wording,synthetic_tanglish
TCB5146,ava po da inga irundhu online la bro,Tanglish,1,other,0,0,0,0,0,0,1,low,profane or abusive wording,synthetic_tanglish
TCB5147,bro poda poi velaiya paaru social media la da,Tanglish,1,individual,0,0,0,0,0,0,1,low,profane or abusive wording,synthetic_tanglish
TCB5148,ivan unna physical ah attack panniduven ippo,Tanglish,1,other,0,1,1,0,0,0,0,medium,reference to physical harm,synthetic_tanglish
TCB5149,seri rest eduthuko 👍,Tanglish,0,none,0,0,0,0,0,0,0,none,"normal, neutral, or supportive statement",synthetic_tanglish
TCB5150,da nee daily improve aagite irukka bro,Tanglish,0,none,0,0,0,0,0,0,0,none,"normal, neutral, or supportive statement",synthetic_tanglish
TCB5151,bro unnoda actions ku answer kudukkanum intha post la ippo,Tanglish,1,individual,0,1,0,0,0,0,0,high,threatening language,synthetic_tanglish
TCB5152,actually indha idea useful ah irukku inniku,Tanglish,0,none,0,0,0,0,0,0,0,none,"normal, neutral, or supportive statement",synthetic_tanglish
TCB5153,macha movie epdi irundhuchu bro,Tanglish,0,none,0,0,0,0,0,0,0,none,"normal, neutral, or supportive statement",synthetic_tanglish
TCB5154,nee un photo paathu sexual comments podradhu wrong message la macha,Tanglish,1,individual,0,0,0,0,1,0,0,medium,unwanted sexualized or appearance-based harassment,synthetic_tanglish
TCB5155,ivan un brain enga pochu chat la da,Tanglish,1,individual,1,0,0,0,0,0,1,medium,direct personal insult,synthetic_tanglish
TCB5156,macha podi loosu online la macha,Tanglish,1,individual,1,0,0,0,0,0,1,medium,profane or abusive wording,synthetic_tanglish
TCB5157,yes solution useful ah irukku bro,Tanglish,0,none,0,0,0,0,0,0,0,none,"normal, neutral, or supportive statement",synthetic_tanglish
TCB5158,seri nee nalla work pannita today,Tanglish,0,none,0,0,0,0,0,0,0,none,"normal, neutral, or supportive statement",synthetic_tanglish
TCB5159,da database update panniten honestly,Tanglish,0,none,0,0,0,0,0,0,0,none,"normal, neutral, or supportive statement",synthetic_tanglish
TCB5160,nee romba stupid daily macha,Tanglish,1,other,1,0,0,0,0,0,0,medium,direct personal insult,synthetic_tanglish
TCB5161,bro unakku consequences irukkum daily,Tanglish,1,other,0,1,1,0,0,0,0,medium,threatening language,synthetic_tanglish
TCB5162,dei nee nee oru waste fellow daily ippo,Tanglish,1,individual,1,0,0,0,0,0,0,medium,direct personal insult,synthetic_tanglish
TCB5163,dei personal appearance ah target panni tease pannadha comment section la macha,Tanglish,1,individual,0,0,0,0,1,0,0,medium,unwanted sexualized or appearance-based harassment,synthetic_tanglish
TCB5164,dei nee nee careful ah iru message la bro,Tanglish,1,other,0,1,0,0,0,0,0,high,threatening language,synthetic_tanglish
TCB5165,yes super ah panniruka la,Tanglish,0,none,0,0,0,0,0,0,0,none,"normal, neutral, or supportive statement",synthetic_tanglish
TCB5166,ava nee oru loosu inga da,Tanglish,1,other,1,0,0,0,0,0,0,low,direct personal insult,synthetic_tanglish
TCB5167,dei private content force panna vendam daily poda,Tanglish,1,individual,0,0,0,0,1,1,0,high,unwanted sexual pressure or abusive sexual request,synthetic_tanglish
TCB5168,da later discuss pannalam da,Tanglish,0,none,0,0,0,0,0,0,0,none,"normal, neutral, or supportive statement",synthetic_tanglish
TCB5169,listen podi loosu message la bro,Tanglish,1,individual,0,0,0,0,0,0,1,low,profane or abusive wording,synthetic_tanglish
TCB5170,ava avanga group ah support panna koodadhu inga nu,Tanglish,1,group,0,0,0,1,0,0,0,high,group-targeted hateful language,synthetic_tanglish
TCB5171,listen sexual content anuppi disturb panna koodadhu daily ah,Tanglish,1,other,0,0,0,0,0,1,0,high,unwanted sexual pressure or abusive sexual request,synthetic_tanglish
TCB5172,true bro team work nalla pannenga honestly,Tanglish,0,none,0,0,0,0,0,0,0,none,"normal, neutral, or supportive statement",synthetic_tanglish
TCB5173,dei poda message la bro,Tanglish,1,individual,1,0,0,0,0,0,1,low,profane or abusive wording,synthetic_tanglish
TCB5174,ava poda waste intha post la la,Tanglish,1,individual,1,0,0,0,0,0,1,medium,profane or abusive wording,synthetic_tanglish
TCB5175,actually un effort romba nalla irukku macha,Tanglish,0,none,0,0,0,0,0,0,0,none,"normal, neutral, or supportive statement",synthetic_tanglish
TCB5176,true bro project nalla develop aaguthu,Tanglish,0,none,0,0,0,0,0,0,0,none,"normal, neutral, or supportive statement",synthetic_tanglish
TCB5177,listen unakku nalla warning idhu chat la ah,Tanglish,1,other,0,1,0,0,0,0,0,medium,threatening language,synthetic_tanglish
TCB5178,honestly assignment submit pannitiya da,Tanglish,0,none,0,0,0,0,0,0,0,none,"normal, neutral, or supportive statement",synthetic_tanglish
TCB5179,dei nee inga vandha unakku problem intha post la,Tanglish,1,other,0,1,1,0,0,0,0,high,threatening language,synthetic_tanglish
TCB5180,bro naan unakku support panren bro,Tanglish,0,none,0,0,0,0,0,0,0,none,"normal, neutral, or supportive statement",synthetic_tanglish
TCB5181,nee oru failure public ah,Tanglish,1,other,1,0,0,0,0,0,0,low,direct personal insult,synthetic_tanglish
TCB5182,ava unnoda actions ku answer kudukkanum message la ah,Tanglish,1,individual,0,1,0,0,0,0,0,high,threatening language,synthetic_tanglish
TCB5183,ivan andha group people ellam mosam inga podi,Tanglish,1,group,0,0,0,1,0,0,0,medium,group-targeted hateful language,synthetic_tanglish
TCB5184,poda dei comment section la poda,Tanglish,1,individual,1,0,0,0,0,0,1,medium,profane or abusive wording,synthetic_tanglish
TCB5185,honestly indha idea useful ah irukku 👍,Tanglish,0,none,0,0,0,0,0,0,0,none,"normal, neutral, or supportive statement",synthetic_tanglish
TCB5186,macha fight panna vandha paathukalam inga nu,Tanglish,1,individual,0,0,1,0,0,0,0,high,reference to physical harm,synthetic_tanglish
TCB5187,indha idea useful ah irukku da,Tanglish,0,none,0,0,0,0,0,0,0,none,"normal, neutral, or supportive statement",synthetic_tanglish
TCB5188,actually rest eduthuko bro,Tanglish,0,none,0,0,0,0,0,0,0,none,"normal, neutral, or supportive statement",synthetic_tanglish
TCB5189,true bro class nalla irundhucha,Tanglish,0,none,0,0,0,0,0,0,0,none,"normal, neutral, or supportive statement",synthetic_tanglish
TCB5190,seriously podi da public ah da,Tanglish,1,individual,0,0,0,0,0,0,1,medium,profane or abusive wording,synthetic_tanglish
TCB5191,honestly super ah panniruka da,Tanglish,0,none,0,0,0,0,0,0,0,none,"normal, neutral, or supportive statement",synthetic_tanglish
TCB5192,listen nee enna pannalum naan respond panren public ah poda,Tanglish,1,individual,0,1,0,0,0,0,0,medium,threatening language,synthetic_tanglish
TCB5193,ivan andha group people ellam mosam daily ippo,Tanglish,1,group,0,0,0,1,0,0,0,medium,group-targeted hateful language,synthetic_tanglish
TCB5194,bro dei mokka chat la,Tanglish,1,individual,0,0,0,0,0,0,1,medium,profane or abusive wording,synthetic_tanglish
TCB5195,nee romba stupid message la da,Tanglish,1,individual,1,0,0,0,0,0,0,low,direct personal insult,synthetic_tanglish
TCB5196,seriously podi loosu intha post la da,Tanglish,1,other,0,0,0,0,0,0,1,low,profane or abusive wording,synthetic_tanglish
TCB5197,listen andha community people romba kevalam intha post la poda,Tanglish,1,group,0,0,0,1,0,0,0,high,group-targeted hateful language,synthetic_tanglish
TCB5198,ava mela unwanted comments podradhu harassment comment section la poda,Tanglish,1,individual,0,0,0,0,1,0,0,medium,unwanted sexualized or appearance-based harassment,synthetic_tanglish
TCB5199,ivan enna paaru naan unna paathukuren public ah,Tanglish,1,individual,0,1,0,0,0,0,0,medium,threatening language,synthetic_tanglish
TCB5200,da all the best da da,Tanglish,0,none,0,0,0,0,0,0,0,none,"normal, neutral, or supportive statement",synthetic_tanglish
TCB5201,dei andha community people romba kevalam chat la la,Tanglish,1,group,0,0,0,1,0,0,0,high,group-targeted hateful language,synthetic_tanglish
TCB5202,nice ah indha idea useful ah irukku inniku,Tanglish,0,none,0,0,0,0,0,0,0,none,"normal, neutral, or supportive statement",synthetic_tanglish
TCB5203,nee innoru message anuppina paathuko online la,Tanglish,1,individual,0,1,1,0,0,0,0,medium,threatening language,synthetic_tanglish
TCB5204,seriously andha community ah nambave mudiyadhu intha post la da,Tanglish,1,group,0,0,0,1,0,0,0,high,group-targeted hateful language,synthetic_tanglish
TCB5205,nice ah food saptiya inniku,Tanglish,0,none,0,0,0,0,0,0,0,none,"normal, neutral, or supportive statement",synthetic_tanglish
TCB5206,seri indha idea useful ah irukku,Tanglish,0,none,0,0,0,0,0,0,0,none,"normal, neutral, or supportive statement",synthetic_tanglish
TCB5207,nee sandaila unna adikka thonudhu inga ippo,Tanglish,1,individual,0,0,1,0,0,0,0,high,reference to physical harm,synthetic_tanglish
TCB5208,dei ava mela unwanted comments podradhu harassment daily bro,Tanglish,1,individual,0,0,0,0,1,0,0,high,unwanted sexualized or appearance-based harassment,synthetic_tanglish
TCB5209,nee consent illama private photo kekkadha daily bro,Tanglish,1,other,0,0,0,0,0,1,0,medium,unwanted sexual pressure or abusive sexual request,synthetic_tanglish
TCB5210,dei un photo ku sexual comment podradhu wrong inga,Tanglish,1,individual,0,0,0,0,1,0,0,medium,unwanted sexualized or appearance-based harassment,synthetic_tanglish
TCB5211,dei nee nee total dummy chat la ippo,Tanglish,1,individual,1,0,0,0,0,0,1,low,direct personal insult,synthetic_tanglish
TCB5212,da movie epdi irundhuchu la,Tanglish,0,none,0,0,0,0,0,0,0,none,"normal, neutral, or supportive statement",synthetic_tanglish
TCB5213,un effort romba nalla irukku la,Tanglish,0,none,0,0,0,0,0,0,0,none,"normal, neutral, or supportive statement",synthetic_tanglish
TCB5214,nee sexual content anuppi disturb panna koodadhu social media la la,Tanglish,1,individual,0,0,0,0,0,1,0,medium,unwanted sexual pressure or abusive sexual request,synthetic_tanglish
TCB5215,nee avanga ellarum same madhiri comment section la ippo,Tanglish,1,group,0,0,0,1,0,0,0,high,group-targeted hateful language,synthetic_tanglish
TCB5216,ava un body pathi public ah pesa vendam social media la da,Tanglish,1,individual,0,0,0,0,1,0,0,medium,unwanted sexualized or appearance-based harassment,synthetic_tanglish
TCB5217,macha nee oru joker message la ippo,Tanglish,1,individual,1,0,0,0,0,0,1,medium,direct personal insult,synthetic_tanglish
TCB5218,private photo share panna force pannadha public ah podi,Tanglish,1,individual,0,0,0,0,0,1,0,high,unwanted sexual pressure or abusive sexual request,synthetic_tanglish
TCB5219,nee private content force panna vendam online la poda,Tanglish,1,other,0,0,0,0,0,1,0,medium,unwanted sexual pressure or abusive sexual request,synthetic_tanglish
TCB5220,dei mokka message la poda,Tanglish,1,individual,0,0,0,0,0,0,1,medium,profane or abusive wording,synthetic_tanglish
TCB5221,true bro team work nalla pannenga nu,Tanglish,0,none,0,0,0,0,0,0,0,none,"normal, neutral, or supportive statement",synthetic_tanglish
TCB5222,seriously consent illama private photo kekkadha inga ah,Tanglish,1,individual,0,0,0,0,1,1,0,medium,unwanted sexual pressure or abusive sexual request,synthetic_tanglish
TCB5223,da food saptiya 👍,Tanglish,0,none,0,0,0,0,0,0,0,none,"normal, neutral, or supportive statement",synthetic_tanglish
TCB5224,ivan nee oru joker intha post la macha,Tanglish,1,other,1,0,0,0,0,0,1,low,direct personal insult,synthetic_tanglish
TCB5225,yes movie epdi irundhuchu honestly,Tanglish,0,none,0,0,0,0,0,0,0,none,"normal, neutral, or supportive statement",synthetic_tanglish
TCB5226,da all the best da la,Tanglish,0,none,0,0,0,0,0,0,0,none,"normal, neutral, or supportive statement",synthetic_tanglish
TCB5227,true bro database update panniten la,Tanglish,0,none,0,0,0,0,0,0,0,none,"normal, neutral, or supportive statement",synthetic_tanglish
TCB5228,honestly super ah panniruka la,Tanglish,0,none,0,0,0,0,0,0,0,none,"normal, neutral, or supportive statement",synthetic_tanglish
TCB5229,nice ah good job bro bro,Tanglish,0,none,0,0,0,0,0,0,0,none,"normal, neutral, or supportive statement",synthetic_tanglish
TCB5230,ava private content force panna vendam online la da,Tanglish,1,individual,0,0,0,0,1,1,0,medium,unwanted sexual pressure or abusive sexual request,synthetic_tanglish
TCB5231,actually inniku session epdi pochu macha,Tanglish,0,none,0,0,0,0,0,0,0,none,"normal, neutral, or supportive statement",synthetic_tanglish
TCB5232,bro correct ah sonna la,Tanglish,0,none,0,0,0,0,0,0,0,none,"normal, neutral, or supportive statement",synthetic_tanglish
TCB5233,ivan poda loosu online la podi,Tanglish,1,individual,1,0,0,0,0,0,1,low,profane or abusive wording,synthetic_tanglish
TCB5234,macha online la unwanted sexual attention kudukkadha comment section la,Tanglish,1,individual,0,0,0,0,1,0,0,high,unwanted sexualized or appearance-based harassment,synthetic_tanglish
TCB5235,true bro solution useful ah irukku honestly,Tanglish,0,none,0,0,0,0,0,0,0,none,"normal, neutral, or supportive statement",synthetic_tanglish
TCB5236,dei nee dei poda inga online la ippo,Tanglish,1,individual,0,0,0,0,0,0,1,medium,profane or abusive wording,synthetic_tanglish
TCB5237,personal appearance ah target panni tease pannadha nu,Tanglish,1,individual,0,0,0,0,1,0,0,high,unwanted sexualized or appearance-based harassment,synthetic_tanglish
TCB5238,macha nee oru useless fellow online la podi,Tanglish,1,individual,1,0,0,0,0,0,1,low,direct personal insult,synthetic_tanglish
TCB5239,dei nee sexual content anuppi disturb panna koodadhu online la nu,Tanglish,1,other,0,0,0,0,0,1,0,medium,unwanted sexual pressure or abusive sexual request,synthetic_tanglish
TCB5240,nice explanation honestly,Tanglish,0,none,0,0,0,0,0,0,0,none,"normal, neutral, or supportive statement",synthetic_tanglish
TCB5241,macha un photo ku sexual comment podradhu wrong inga poda,Tanglish,1,other,0,0,0,0,1,0,0,high,unwanted sexualized or appearance-based harassment,synthetic_tanglish
TCB5242,listen andha community ah nambave mudiyadhu daily bro,Tanglish,1,group,0,0,0,1,0,0,0,medium,group-targeted hateful language,synthetic_tanglish
TCB5243,macha sexual pressure kudukka koodadhu public ah ah,Tanglish,1,individual,0,0,0,0,0,1,0,high,unwanted sexual pressure or abusive sexual request,synthetic_tanglish
TCB5244,nee nee oru waste fellow online la podi,Tanglish,1,individual,1,0,0,0,0,0,0,medium,direct personal insult,synthetic_tanglish
TCB5245,bro correct ah sonna inniku,Tanglish,0,none,0,0,0,0,0,0,0,none,"normal, neutral, or supportive statement",synthetic_tanglish
TCB5246,nice ah movie epdi irundhuchu da,Tanglish,0,none,0,0,0,0,0,0,0,none,"normal, neutral, or supportive statement",synthetic_tanglish
TCB5247,dei avanai poi adichidu nu,Tanglish,1,other,0,0,1,0,0,0,0,high,reference to physical harm,synthetic_tanglish
TCB5248,seri happy for your progress,Tanglish,0,none,0,0,0,0,0,0,0,none,"normal, neutral, or supportive statement",synthetic_tanglish
TCB5249,nice ah class nalla irundhucha,Tanglish,0,none,0,0,0,0,0,0,0,none,"normal, neutral, or supportive statement",synthetic_tanglish
TCB5250,ivan andha group people ellam mosam inga da,Tanglish,1,group,0,0,0,1,0,0,0,medium,group-targeted hateful language,synthetic_tanglish
TCB5251,ava poda dei chat la macha,Tanglish,1,individual,1,0,0,0,0,0,1,medium,profane or abusive wording,synthetic_tanglish
TCB5252,macha later discuss pannalam inniku,Tanglish,0,none,0,0,0,0,0,0,0,none,"normal, neutral, or supportive statement",synthetic_tanglish
TCB5253,macha un appearance pathi unwanted comment poda vendam la,Tanglish,1,other,0,0,0,0,1,0,0,medium,unwanted sexualized or appearance-based harassment,synthetic_tanglish
TCB5254,seriously sexual pressure kudukka koodadhu message la macha,Tanglish,1,individual,0,0,0,0,0,1,0,high,unwanted sexual pressure or abusive sexual request,synthetic_tanglish
TCB5255,honestly good job bro today,Tanglish,0,none,0,0,0,0,0,0,0,none,"normal, neutral, or supportive statement",synthetic_tanglish
TCB5256,macha sandaila unna adikka thonudhu comment section la bro,Tanglish,1,other,0,0,1,0,0,0,0,high,reference to physical harm,synthetic_tanglish
TCB5257,yes project nalla develop aaguthu honestly,Tanglish,0,none,0,0,0,0,0,0,0,none,"normal, neutral, or supportive statement",synthetic_tanglish
TCB5258,macha solution useful ah irukku today,Tanglish,0,none,0,0,0,0,0,0,0,none,"normal, neutral, or supportive statement",synthetic_tanglish
TCB5259,honestly presentation clear ah irundhuchu nu,Tanglish,0,none,0,0,0,0,0,0,0,none,"normal, neutral, or supportive statement",synthetic_tanglish
TCB5260,honestly rest eduthuko bro,Tanglish,0,none,0,0,0,0,0,0,0,none,"normal, neutral, or supportive statement",synthetic_tanglish
TCB5261,macha nee onnum purinjikala social media la bro,Tanglish,1,individual,1,0,0,0,0,0,0,medium,direct personal insult,synthetic_tanglish
TCB5262,ivan poda waste chat la podi,Tanglish,1,other,0,0,0,0,0,0,1,low,profane or abusive wording,synthetic_tanglish
TCB5263,yes un effort romba nalla irukku honestly,Tanglish,0,none,0,0,0,0,0,0,0,none,"normal, neutral, or supportive statement",synthetic_tanglish
TCB5264,macha naan unakku support panren honestly,Tanglish,0,none,0,0,0,0,0,0,0,none,"normal, neutral, or supportive statement",synthetic_tanglish
TCB5265,nice ah correct ah sonna nu,Tanglish,0,none,0,0,0,0,0,0,0,none,"normal, neutral, or supportive statement",synthetic_tanglish
TCB5266,yes semma performance 👍,Tanglish,0,none,0,0,0,0,0,0,0,none,"normal, neutral, or supportive statement",synthetic_tanglish
TCB5267,macha unwanted sexual message anuppadha daily ippo,Tanglish,1,other,0,0,0,0,0,1,0,high,unwanted sexual pressure or abusive sexual request,synthetic_tanglish
TCB5268,bro unakku physical harm panniduven online la,Tanglish,1,other,0,1,1,0,0,0,0,high,reference to physical harm,synthetic_tanglish
TCB5269,ava fight panna vandha paathukalam social media la podi,Tanglish,1,individual,0,1,1,0,0,0,0,medium,reference to physical harm,synthetic_tanglish
TCB5270,nice ah database update panniten today,Tanglish,0,none,0,0,0,0,0,0,0,none,"normal, neutral, or supportive statement",synthetic_tanglish
TCB5271,bro private photo share panna force pannadha social media la nu,Tanglish,1,individual,0,0,0,0,0,1,0,high,unwanted sexual pressure or abusive sexual request,synthetic_tanglish
TCB5272,dei nee andha community people romba kevalam comment section la la,Tanglish,1,group,0,0,0,1,0,0,0,high,group-targeted hateful language,synthetic_tanglish
TCB5273,nice ah un effort romba nalla irukku da,Tanglish,0,none,0,0,0,0,0,0,0,none,"normal, neutral, or supportive statement",synthetic_tanglish
TCB5274,macha fight panna vandha paathukalam social media la poda,Tanglish,1,other,0,1,1,0,0,0,0,medium,reference to physical harm,synthetic_tanglish
TCB5275,macha thanks for helping me la,Tanglish,0,none,0,0,0,0,0,0,0,none,"normal, neutral, or supportive statement",synthetic_tanglish
TCB5276,macha dei summa iru social media la bro,Tanglish,1,other,0,0,0,0,0,0,1,medium,profane or abusive wording,synthetic_tanglish
TCB5277,seriously poda da chat la podi,Tanglish,1,individual,0,0,0,0,0,0,1,low,profane or abusive wording,synthetic_tanglish
TCB5278,honestly thanks for helping me,Tanglish,0,none,0,0,0,0,0,0,0,none,"normal, neutral, or supportive statement",synthetic_tanglish
TCB5279,macha innoru thadava ippadi pesina serious ah irukkum online la la,Tanglish,1,individual,0,1,1,0,0,0,0,medium,threatening language,synthetic_tanglish
TCB5280,super ah panniruka nu,Tanglish,0,none,0,0,0,0,0,0,0,none,"normal, neutral, or supportive statement",synthetic_tanglish
TCB5281,yes meeting five mani ku irukku la,Tanglish,0,none,0,0,0,0,0,0,0,none,"normal, neutral, or supportive statement",synthetic_tanglish
TCB5282,yes happy for your progress bro,Tanglish,0,none,0,0,0,0,0,0,0,none,"normal, neutral, or supportive statement",synthetic_tanglish
TCB5283,nice ah assignment submit pannitiya honestly,Tanglish,0,none,0,0,0,0,0,0,0,none,"normal, neutral, or supportive statement",synthetic_tanglish
TCB5284,dei nee avanga ellarum same madhiri public ah la,Tanglish,1,group,0,0,0,1,0,0,0,medium,group-targeted hateful language,synthetic_tanglish
TCB5285,da nee nalla work pannita macha,Tanglish,0,none,0,0,0,0,0,0,0,none,"normal, neutral, or supportive statement",synthetic_tanglish
TCB5286,seri semma performance,Tanglish,0,none,0,0,0,0,0,0,0,none,"normal, neutral, or supportive statement",synthetic_tanglish
TCB5287,seri super ah panniruka 👍,Tanglish,0,none,0,0,0,0,0,0,0,none,"normal, neutral, or supportive statement",synthetic_tanglish
TCB5288,sexual pressure kudukka koodadhu social media la ah,Tanglish,1,individual,0,0,0,0,1,1,0,high,unwanted sexual pressure or abusive sexual request,synthetic_tanglish
TCB5289,macha nee oru failure chat la da,Tanglish,1,individual,1,0,0,0,0,0,0,medium,direct personal insult,synthetic_tanglish
TCB5290,dei nee dei poda comment section la ippo,Tanglish,1,other,1,0,0,0,0,0,1,medium,profane or abusive wording,synthetic_tanglish
TCB5291,nice ah nice explanation da,Tanglish,0,none,0,0,0,0,0,0,0,none,"normal, neutral, or supportive statement",synthetic_tanglish
TCB5292,true bro nee daily improve aagite irukka,Tanglish,0,none,0,0,0,0,0,0,0,none,"normal, neutral, or supportive statement",synthetic_tanglish
TCB5293,solution useful ah irukku 👍,Tanglish,0,none,0,0,0,0,0,0,0,none,"normal, neutral, or supportive statement",synthetic_tanglish
TCB5294,nice ah meeting five mani ku irukku da,Tanglish,0,none,0,0,0,0,0,0,0,none,"normal, neutral, or supportive statement",synthetic_tanglish
TCB5295,da keep going bro da,Tanglish,0,none,0,0,0,0,0,0,0,none,"normal, neutral, or supportive statement",synthetic_tanglish
TCB5296,true bro happy for your progress bro,Tanglish,0,none,0,0,0,0,0,0,0,none,"normal, neutral, or supportive statement",synthetic_tanglish
TCB5297,actually project nalla develop aaguthu honestly,Tanglish,0,none,0,0,0,0,0,0,0,none,"normal, neutral, or supportive statement",synthetic_tanglish
TCB5298,dei nee naan unna confront panren inga,Tanglish,1,other,0,1,0,0,0,0,0,high,threatening language,synthetic_tanglish
TCB5299,dei dei mokka daily nu,Tanglish,1,individual,0,0,0,0,0,0,1,medium,profane or abusive wording,synthetic_tanglish
TCB5300,yes indha idea useful ah irukku today,Tanglish,0,none,0,0,0,0,0,0,0,none,"normal, neutral, or supportive statement",synthetic_tanglish
TCB5301,nice ah naan unakku support panren 👍,Tanglish,0,none,0,0,0,0,0,0,0,none,"normal, neutral, or supportive statement",synthetic_tanglish
TCB5302,bro inniku session epdi pochu la,Tanglish,0,none,0,0,0,0,0,0,0,none,"normal, neutral, or supportive statement",synthetic_tanglish
TCB5303,nice ah project nalla develop aaguthu nu,Tanglish,0,none,0,0,0,0,0,0,0,none,"normal, neutral, or supportive statement",synthetic_tanglish
TCB5304,listen unna physical ah attack panniduven comment section la,Tanglish,1,individual,0,0,1,0,0,0,0,high,reference to physical harm,synthetic_tanglish
TCB5305,honestly indha idea useful ah irukku da,Tanglish,0,none,0,0,0,0,0,0,0,none,"normal, neutral, or supportive statement",synthetic_tanglish
TCB5306,seri seri paakalam honestly,Tanglish,0,none,0,0,0,0,0,0,0,none,"normal, neutral, or supportive statement",synthetic_tanglish
TCB5307,naan unakku support panren inniku,Tanglish,0,none,0,0,0,0,0,0,0,none,"normal, neutral, or supportive statement",synthetic_tanglish
TCB5308,true bro naalaikku continue pannalam inniku,Tanglish,0,none,0,0,0,0,0,0,0,none,"normal, neutral, or supportive statement",synthetic_tanglish
TCB5309,podi dei online la ah,Tanglish,1,other,0,0,0,0,0,0,1,low,profane or abusive wording,synthetic_tanglish
TCB5310,dei andha community people romba kevalam intha post la macha,Tanglish,1,group,0,0,0,1,0,0,0,medium,group-targeted hateful language,synthetic_tanglish
TCB5311,nee avanga group ah support panna koodadhu online la da,Tanglish,1,group,0,0,0,1,0,0,0,medium,group-targeted hateful language,synthetic_tanglish
TCB5312,macha nee careful ah iru social media la bro,Tanglish,1,other,0,1,1,0,0,0,0,medium,threatening language,synthetic_tanglish
TCB5313,macha solution useful ah irukku inniku,Tanglish,0,none,0,0,0,0,0,0,0,none,"normal, neutral, or supportive statement",synthetic_tanglish
TCB5314,da indha idea useful ah irukku inniku,Tanglish,0,none,0,0,0,0,0,0,0,none,"normal, neutral, or supportive statement",synthetic_tanglish
TCB5315,dei unwanted sexual message anuppadha message la podi,Tanglish,1,individual,0,0,0,0,0,1,0,high,unwanted sexual pressure or abusive sexual request,synthetic_tanglish
TCB5316,ava innoru thadava ippadi pesina serious ah irukkum inga ah,Tanglish,1,other,0,1,0,0,0,0,0,medium,threatening language,synthetic_tanglish
TCB5317,macha naalaikku continue pannalam da,Tanglish,0,none,0,0,0,0,0,0,0,none,"normal, neutral, or supportive statement",synthetic_tanglish
TCB5318,bro dei mokka social media la ippo,Tanglish,1,individual,0,0,0,0,0,0,1,low,profane or abusive wording,synthetic_tanglish
TCB5319,macha enna paaru naan unna paathukuren online la la,Tanglish,1,other,0,1,1,0,0,0,0,high,threatening language,synthetic_tanglish
TCB5320,seriously innoru thadava ippadi pesina serious ah irukkum comment section la,Tanglish,1,individual,0,1,1,0,0,0,0,medium,threatening language,synthetic_tanglish
TCB5321,unakku basic knowledge kooda illa inga bro,Tanglish,1,other,1,0,0,0,0,0,1,medium,direct personal insult,synthetic_tanglish
TCB5322,macha semma performance,Tanglish,0,none,0,0,0,0,0,0,0,none,"normal, neutral, or supportive statement",synthetic_tanglish
TCB5323,yes team work nalla pannenga honestly,Tanglish,0,none,0,0,0,0,0,0,0,none,"normal, neutral, or supportive statement",synthetic_tanglish
TCB5324,seri solution useful ah irukku bro,Tanglish,0,none,0,0,0,0,0,0,0,none,"normal, neutral, or supportive statement",synthetic_tanglish
TCB5325,bro super ah panniruka today,Tanglish,0,none,0,0,0,0,0,0,0,none,"normal, neutral, or supportive statement",synthetic_tanglish
TCB5326,actually meeting five mani ku irukku bro,Tanglish,0,none,0,0,0,0,0,0,0,none,"normal, neutral, or supportive statement",synthetic_tanglish
TCB5327,listen unna physical ah attack panniduven chat la poda,Tanglish,1,individual,0,1,1,0,0,0,0,high,reference to physical harm,synthetic_tanglish
TCB5328,ava po da inga irundhu intha post la poda,Tanglish,1,other,0,0,0,0,0,0,1,medium,profane or abusive wording,synthetic_tanglish
TCB5329,actually super ah panniruka,Tanglish,0,none,0,0,0,0,0,0,0,none,"normal, neutral, or supportive statement",synthetic_tanglish
TCB5330,da seri paakalam today,Tanglish,0,none,0,0,0,0,0,0,0,none,"normal, neutral, or supportive statement",synthetic_tanglish
TCB5331,ivan unakku physical harm panniduven da,Tanglish,1,other,0,1,1,0,0,0,0,high,reference to physical harm,synthetic_tanglish
TCB5332,macha nee nalla work pannita honestly,Tanglish,0,none,0,0,0,0,0,0,0,none,"normal, neutral, or supportive statement",synthetic_tanglish
TCB5333,private photo share panna force pannadha inga,Tanglish,1,other,0,0,0,0,1,1,0,high,unwanted sexual pressure or abusive sexual request,synthetic_tanglish
TCB5334,bro indha idea useful ah irukku nu,Tanglish,0,none,0,0,0,0,0,0,0,none,"normal, neutral, or supportive statement",synthetic_tanglish
TCB5335,ivan un brain enga pochu chat la macha,Tanglish,1,other,1,0,0,0,0,0,0,medium,direct personal insult,synthetic_tanglish
TCB5336,macha assignment submit pannitiya macha,Tanglish,0,none,0,0,0,0,0,0,0,none,"normal, neutral, or supportive statement",synthetic_tanglish
TCB5337,sexual pressure kudukka koodadhu social media la bro,Tanglish,1,individual,0,0,0,0,0,1,0,high,unwanted sexual pressure or abusive sexual request,synthetic_tanglish
TCB5338,nee podi poi ukkaru comment section la ah,Tanglish,1,individual,1,0,0,0,0,0,1,low,profane or abusive wording,synthetic_tanglish
TCB5339,honestly later discuss pannalam inniku,Tanglish,0,none,0,0,0,0,0,0,0,none,"normal, neutral, or supportive statement",synthetic_tanglish
TCB5340,da food saptiya la,Tanglish,0,none,0,0,0,0,0,0,0,none,"normal, neutral, or supportive statement",synthetic_tanglish
TCB5341,seri movie epdi irundhuchu 👍,Tanglish,0,none,0,0,0,0,0,0,0,none,"normal, neutral, or supportive statement",synthetic_tanglish
TCB5342,listen un body pathi public ah pesa vendam ippo,Tanglish,1,individual,0,0,0,0,1,0,0,high,unwanted sexualized or appearance-based harassment,synthetic_tanglish
TCB5343,honestly naalaikku continue pannalam honestly,Tanglish,0,none,0,0,0,0,0,0,0,none,"normal, neutral, or supportive statement",synthetic_tanglish
TCB5344,macha sexual pressure kudukka koodadhu intha post la da,Tanglish,1,individual,0,0,0,0,0,1,0,medium,unwanted sexual pressure or abusive sexual request,synthetic_tanglish
TCB5345,nice ah class nalla irundhucha today,Tanglish,0,none,0,0,0,0,0,0,0,none,"normal, neutral, or supportive statement",synthetic_tanglish
TCB5346,honestly presentation clear ah irundhuchu honestly,Tanglish,0,none,0,0,0,0,0,0,0,none,"normal, neutral, or supportive statement",synthetic_tanglish
TCB5347,da nee daily improve aagite irukka nu,Tanglish,0,none,0,0,0,0,0,0,0,none,"normal, neutral, or supportive statement",synthetic_tanglish
TCB5348,true bro nice explanation honestly,Tanglish,0,none,0,0,0,0,0,0,0,none,"normal, neutral, or supportive statement",synthetic_tanglish
TCB5349,nice ah presentation clear ah irundhuchu da,Tanglish,0,none,0,0,0,0,0,0,0,none,"normal, neutral, or supportive statement",synthetic_tanglish
TCB5350,dei nee enna pannalum naan respond panren intha post la la,Tanglish,1,individual,0,1,1,0,0,0,0,high,threatening language,synthetic_tanglish
TCB5351,macha andha people ellam problem chat la poda,Tanglish,1,group,0,0,0,1,0,0,0,high,group-targeted hateful language,synthetic_tanglish
TCB5352,bro po da inga irundhu comment section la podi,Tanglish,1,individual,1,0,0,0,0,0,1,low,profane or abusive wording,synthetic_tanglish
TCB5353,seri nee nalla work pannita inniku,Tanglish,0,none,0,0,0,0,0,0,0,none,"normal, neutral, or supportive statement",synthetic_tanglish
TCB5354,nee sexual pressure kudukka koodadhu intha post la ah,Tanglish,1,individual,0,0,0,0,0,1,0,high,unwanted sexual pressure or abusive sexual request,synthetic_tanglish
TCB5355,honestly solution useful ah irukku 👍,Tanglish,0,none,0,0,0,0,0,0,0,none,"normal, neutral, or supportive statement",synthetic_tanglish
TCB5356,macha podi poi ukkaru da,Tanglish,1,individual,1,0,0,0,0,0,1,medium,profane or abusive wording,synthetic_tanglish
TCB5357,seri nee daily improve aagite irukka bro,Tanglish,0,none,0,0,0,0,0,0,0,none,"normal, neutral, or supportive statement",synthetic_tanglish
TCB5358,honestly assignment submit pannitiya today,Tanglish,0,none,0,0,0,0,0,0,0,none,"normal, neutral, or supportive statement",synthetic_tanglish
TCB5359,true bro naan unakku support panren inniku,Tanglish,0,none,0,0,0,0,0,0,0,none,"normal, neutral, or supportive statement",synthetic_tanglish
TCB5360,bro all the best da bro,Tanglish,0,none,0,0,0,0,0,0,0,none,"normal, neutral, or supportive statement",synthetic_tanglish
TCB5361,da solution useful ah irukku macha,Tanglish,0,none,0,0,0,0,0,0,0,none,"normal, neutral, or supportive statement",synthetic_tanglish
TCB5362,true bro assignment submit pannitiya,Tanglish,0,none,0,0,0,0,0,0,0,none,"normal, neutral, or supportive statement",synthetic_tanglish
TCB5363,ava naan unna confront panren public ah ippo,Tanglish,1,individual,0,1,0,0,0,0,0,medium,threatening language,synthetic_tanglish
TCB5364,seri seri paakalam 👍,Tanglish,0,none,0,0,0,0,0,0,0,none,"normal, neutral, or supportive statement",synthetic_tanglish
TCB5365,correct ah sonna da,Tanglish,0,none,0,0,0,0,0,0,0,none,"normal, neutral, or supportive statement",synthetic_tanglish
TCB5366,nee nee oru waste fellow message la macha,Tanglish,1,other,1,0,0,0,0,0,0,medium,direct personal insult,synthetic_tanglish
TCB5367,dei nee inga vandha unakku problem intha post la bro,Tanglish,1,individual,0,1,0,0,0,0,0,medium,threatening language,synthetic_tanglish
TCB5368,dei poda mental message la ah,Tanglish,1,other,0,0,0,0,0,0,1,low,profane or abusive wording,synthetic_tanglish
TCB5369,da later discuss pannalam bro,Tanglish,0,none,0,0,0,0,0,0,0,none,"normal, neutral, or supportive statement",synthetic_tanglish
TCB5370,dei nee andha group people ellam mosam intha post la nu,Tanglish,1,group,0,0,0,1,0,0,0,medium,group-targeted hateful language,synthetic_tanglish
TCB5371,nee unakku edhuvume theriyadhu daily,Tanglish,1,individual,1,0,0,0,0,0,1,low,direct personal insult,synthetic_tanglish
TCB5372,ivan dei poda online la ippo,Tanglish,1,other,0,0,0,0,0,0,1,medium,profane or abusive wording,synthetic_tanglish
TCB5373,yes naalaikku continue pannalam bro,Tanglish,0,none,0,0,0,0,0,0,0,none,"normal, neutral, or supportive statement",synthetic_tanglish
TCB5374,dei nee innoru message anuppina paathuko nu,Tanglish,1,individual,0,1,0,0,0,0,0,high,threatening language,synthetic_tanglish
TCB5375,ivan sexual pressure kudukka koodadhu online la poda,Tanglish,1,individual,0,0,0,0,1,1,0,high,unwanted sexual pressure or abusive sexual request,synthetic_tanglish
TCB5376,nice ah nee nalla work pannita la,Tanglish,0,none,0,0,0,0,0,0,0,none,"normal, neutral, or supportive statement",synthetic_tanglish
TCB5377,actually happy for your progress la,Tanglish,0,none,0,0,0,0,0,0,0,none,"normal, neutral, or supportive statement",synthetic_tanglish
TCB5378,da good job bro honestly,Tanglish,0,none,0,0,0,0,0,0,0,none,"normal, neutral, or supportive statement",synthetic_tanglish
TCB5379,listen sexual content anuppi disturb panna koodadhu daily podi,Tanglish,1,individual,0,0,0,0,0,1,0,medium,unwanted sexual pressure or abusive sexual request,synthetic_tanglish
TCB5380,podi poi ukkaru online la ah,Tanglish,1,other,0,0,0,0,0,0,1,medium,profane or abusive wording,synthetic_tanglish
TCB5381,dei nee sexual pressure kudukka koodadhu social media la macha,Tanglish,1,individual,0,0,0,0,1,1,0,medium,unwanted sexual pressure or abusive sexual request,synthetic_tanglish
TCB5382,ivan avanga ellarum same madhiri public ah la,Tanglish,1,group,0,0,0,1,0,0,0,medium,group-targeted hateful language,synthetic_tanglish
TCB5383,nee nee careful ah iru comment section la ah,Tanglish,1,other,0,1,1,0,0,0,0,high,threatening language,synthetic_tanglish
TCB5384,macha movie epdi irundhuchu honestly,Tanglish,0,none,0,0,0,0,0,0,0,none,"normal, neutral, or supportive statement",synthetic_tanglish
TCB5385,true bro presentation clear ah irundhuchu honestly,Tanglish,0,none,0,0,0,0,0,0,0,none,"normal, neutral, or supportive statement",synthetic_tanglish
TCB5386,dei nee avanga madhiri people inga vendaam social media la podi,Tanglish,1,group,0,0,0,1,0,0,0,high,group-targeted hateful language,synthetic_tanglish
TCB5387,macha movie epdi irundhuchu la,Tanglish,0,none,0,0,0,0,0,0,0,none,"normal, neutral, or supportive statement",synthetic_tanglish
TCB5388,unakku nalla warning idhu comment section la da,Tanglish,1,individual,0,1,0,0,0,0,0,medium,threatening language,synthetic_tanglish
TCB5389,listen avanai poi adichidu daily da,Tanglish,1,individual,0,0,1,0,0,0,0,medium,reference to physical harm,synthetic_tanglish
TCB5390,true bro seri paakalam bro,Tanglish,0,none,0,0,0,0,0,0,0,none,"normal, neutral, or supportive statement",synthetic_tanglish
TCB5391,yes food saptiya bro,Tanglish,0,none,0,0,0,0,0,0,0,none,"normal, neutral, or supportive statement",synthetic_tanglish
TCB5392,macha un effort romba nalla irukku macha,Tanglish,0,none,0,0,0,0,0,0,0,none,"normal, neutral, or supportive statement",synthetic_tanglish
TCB5393,actually naalaikku continue pannalam 👍,Tanglish,0,none,0,0,0,0,0,0,0,none,"normal, neutral, or supportive statement",synthetic_tanglish
TCB5394,da later discuss pannalam nu,Tanglish,0,none,0,0,0,0,0,0,0,none,"normal, neutral, or supportive statement",synthetic_tanglish
TCB5395,seriously unakku consequences irukkum message la la,Tanglish,1,other,0,1,0,0,0,0,0,medium,threatening language,synthetic_tanglish
TCB5396,honestly correct ah sonna da,Tanglish,0,none,0,0,0,0,0,0,0,none,"normal, neutral, or supportive statement",synthetic_tanglish
TCB5397,listen unna adichiduven ippo,Tanglish,1,individual,0,1,1,0,0,0,0,medium,reference to physical harm,synthetic_tanglish
TCB5398,dei nee nee pesuradhellam mokka message la,Tanglish,1,other,1,0,0,0,0,0,0,low,direct personal insult,synthetic_tanglish
TCB5399,dei nee naan unna confront panren public ah macha,Tanglish,1,individual,0,1,0,0,0,0,0,medium,threatening language,synthetic_tanglish
TCB5400,seriously nee onnum purinjikala social media la la,Tanglish,1,individual,1,0,0,0,0,0,0,medium,direct personal insult,synthetic_tanglish
TCB5401,macha sexual pressure kudukka koodadhu intha post la podi,Tanglish,1,individual,0,0,0,0,0,1,0,high,unwanted sexual pressure or abusive sexual request,synthetic_tanglish
TCB5402,da presentation clear ah irundhuchu today,Tanglish,0,none,0,0,0,0,0,0,0,none,"normal, neutral, or supportive statement",synthetic_tanglish
TCB5403,dei nee andha community people romba kevalam ippo,Tanglish,1,group,0,0,0,1,0,0,0,high,group-targeted hateful language,synthetic_tanglish
TCB5404,honestly all the best da la,Tanglish,0,none,0,0,0,0,0,0,0,none,"normal, neutral, or supportive statement",synthetic_tanglish
TCB5405,ava sexual pressure kudukka koodadhu social media la podi,Tanglish,1,individual,0,0,0,0,1,1,0,high,unwanted sexual pressure or abusive sexual request,synthetic_tanglish
TCB5406,ivan private photo share panna force pannadha ippo,Tanglish,1,individual,0,0,0,0,0,1,0,medium,unwanted sexual pressure or abusive sexual request,synthetic_tanglish
TCB5407,seri meeting five mani ku irukku bro,Tanglish,0,none,0,0,0,0,0,0,0,none,"normal, neutral, or supportive statement",synthetic_tanglish
TCB5408,seri database update panniten nu,Tanglish,0,none,0,0,0,0,0,0,0,none,"normal, neutral, or supportive statement",synthetic_tanglish
TCB5409,nice ah inniku session epdi pochu da,Tanglish,0,none,0,0,0,0,0,0,0,none,"normal, neutral, or supportive statement",synthetic_tanglish
TCB5410,bro sexual pressure kudukka koodadhu intha post la la,Tanglish,1,other,0,0,0,0,0,1,0,medium,unwanted sexual pressure or abusive sexual request,synthetic_tanglish
TCB5411,macha keep going bro macha,Tanglish,0,none,0,0,0,0,0,0,0,none,"normal, neutral, or supportive statement",synthetic_tanglish
TCB5412,bro avanga ellarum same madhiri message la nu,Tanglish,1,group,0,0,0,1,0,0,0,medium,group-targeted hateful language,synthetic_tanglish
TCB5413,nice ah nice explanation inniku,Tanglish,0,none,0,0,0,0,0,0,0,none,"normal, neutral, or supportive statement",synthetic_tanglish
TCB5414,ava enna oru mokka person message la ippo,Tanglish,1,individual,1,0,0,0,0,0,0,medium,direct personal insult,synthetic_tanglish
TCB5415,ava private photo share panna force pannadha social media la da,Tanglish,1,individual,0,0,0,0,0,1,0,high,unwanted sexual pressure or abusive sexual request,synthetic_tanglish
TCB5416,da team work nalla pannenga nu,Tanglish,0,none,0,0,0,0,0,0,0,none,"normal, neutral, or supportive statement",synthetic_tanglish
TCB5417,listen nee pesuradhellam mokka comment section la da,Tanglish,1,individual,1,0,0,0,0,0,1,low,direct personal insult,synthetic_tanglish
TCB5418,nice ah un effort romba nalla irukku la,Tanglish,0,none,0,0,0,0,0,0,0,none,"normal, neutral, or supportive statement",synthetic_tanglish
TCB5419,true bro inniku session epdi pochu inniku,Tanglish,0,none,0,0,0,0,0,0,0,none,"normal, neutral, or supportive statement",synthetic_tanglish
TCB5420,seri database update panniten macha,Tanglish,0,none,0,0,0,0,0,0,0,none,"normal, neutral, or supportive statement",synthetic_tanglish
TCB5421,seriously online la unwanted sexual attention kudukkadha ah,Tanglish,1,other,0,0,0,0,1,0,0,high,unwanted sexualized or appearance-based harassment,synthetic_tanglish
TCB5422,listen andha community ah nambave mudiyadhu message la la,Tanglish,1,group,0,0,0,1,0,0,0,medium,group-targeted hateful language,synthetic_tanglish
TCB5423,dei nee nee total dummy chat la la,Tanglish,1,individual,1,0,0,0,0,0,1,low,direct personal insult,synthetic_tanglish
TCB5424,bro assignment submit pannitiya macha,Tanglish,0,none,0,0,0,0,0,0,0,none,"normal, neutral, or supportive statement",synthetic_tanglish
TCB5425,bro presentation clear ah irundhuchu da,Tanglish,0,none,0,0,0,0,0,0,0,none,"normal, neutral, or supportive statement",synthetic_tanglish
TCB5426,bro meeting five mani ku irukku bro,Tanglish,0,none,0,0,0,0,0,0,0,none,"normal, neutral, or supportive statement",synthetic_tanglish
TCB5427,nee sandaila unna adikka thonudhu message la bro,Tanglish,1,individual,0,0,1,0,0,0,0,high,reference to physical harm,synthetic_tanglish
TCB5428,seri semma performance 👍,Tanglish,0,none,0,0,0,0,0,0,0,none,"normal, neutral, or supportive statement",synthetic_tanglish
TCB5429,seri assignment submit pannitiya honestly,Tanglish,0,none,0,0,0,0,0,0,0,none,"normal, neutral, or supportive statement",synthetic_tanglish
TCB5430,avanga madhiri people inga vendaam inga ippo,Tanglish,1,group,0,0,0,1,0,0,0,high,group-targeted hateful language,synthetic_tanglish
TCB5431,da all the best da nu,Tanglish,0,none,0,0,0,0,0,0,0,none,"normal, neutral, or supportive statement",synthetic_tanglish
TCB5432,dei nee unna adichiduven online la,Tanglish,1,individual,0,1,1,0,0,0,0,high,reference to physical harm,synthetic_tanglish
TCB5433,da later discuss pannalam inniku,Tanglish,0,none,0,0,0,0,0,0,0,none,"normal, neutral, or supportive statement",synthetic_tanglish
TCB5434,listen podi da intha post la la,Tanglish,1,individual,1,0,0,0,0,0,1,low,profane or abusive wording,synthetic_tanglish
TCB5435,actually seri paakalam nu,Tanglish,0,none,0,0,0,0,0,0,0,none,"normal, neutral, or supportive statement",synthetic_tanglish
TCB5436,seri all the best da honestly,Tanglish,0,none,0,0,0,0,0,0,0,none,"normal, neutral, or supportive statement",synthetic_tanglish
TCB5437,listen unakku consequences irukkum daily poda,Tanglish,1,individual,0,1,1,0,0,0,0,high,threatening language,synthetic_tanglish
TCB5438,ava mela unwanted comments podradhu harassment chat la ah,Tanglish,1,individual,0,0,0,0,1,0,0,high,unwanted sexualized or appearance-based harassment,synthetic_tanglish
TCB5439,nice ah assignment submit pannitiya macha,Tanglish,0,none,0,0,0,0,0,0,0,none,"normal, neutral, or supportive statement",synthetic_tanglish
TCB5440,dei sexual pressure kudukka koodadhu macha,Tanglish,1,other,0,0,0,0,0,1,0,high,unwanted sexual pressure or abusive sexual request,synthetic_tanglish
TCB5441,listen nee oru useless fellow public ah ippo,Tanglish,1,individual,1,0,0,0,0,0,0,low,direct personal insult,synthetic_tanglish
TCB5442,ava nee oru failure da,Tanglish,1,individual,1,0,0,0,0,0,1,medium,direct personal insult,synthetic_tanglish
TCB5443,bro un photo ku sexual comment podradhu wrong public ah ah,Tanglish,1,individual,0,0,0,0,1,0,0,high,unwanted sexualized or appearance-based harassment,synthetic_tanglish
TCB5444,seriously podi poi ukkaru public ah macha,Tanglish,1,individual,1,0,0,0,0,0,1,medium,profane or abusive wording,synthetic_tanglish
TCB5445,seri database update panniten da,Tanglish,0,none,0,0,0,0,0,0,0,none,"normal, neutral, or supportive statement",synthetic_tanglish
TCB5446,un appearance pathi unwanted comment poda vendam message la,Tanglish,1,other,0,0,0,0,1,0,0,medium,unwanted sexualized or appearance-based harassment,synthetic_tanglish
TCB5447,actually happy for your progress nu,Tanglish,0,none,0,0,0,0,0,0,0,none,"normal, neutral, or supportive statement",synthetic_tanglish
TCB5448,macha unna damage panniduven chat la nu,Tanglish,1,other,0,1,1,0,0,0,0,high,reference to physical harm,synthetic_tanglish
TCB5449,bro nee romba pathetic comment section la ah,Tanglish,1,individual,1,0,0,0,0,0,0,low,direct personal insult,synthetic_tanglish
TCB5450,nice ah presentation clear ah irundhuchu inniku,Tanglish,0,none,0,0,0,0,0,0,0,none,"normal, neutral, or supportive statement",synthetic_tanglish
TCB5451,macha un body ah comment panni disturb pannadha online la nu,Tanglish,1,other,0,0,0,0,1,0,0,medium,unwanted sexualized or appearance-based harassment,synthetic_tanglish
TCB5452,dei unna vida maaten nu nenachuko message la ippo,Tanglish,1,individual,0,1,1,0,0,0,0,high,threatening language,synthetic_tanglish
TCB5453,macha unna beat panniduven chat la podi,Tanglish,1,individual,0,1,1,0,0,0,0,medium,reference to physical harm,synthetic_tanglish
TCB5454,true bro keep going bro macha,Tanglish,0,none,0,0,0,0,0,0,0,none,"normal, neutral, or supportive statement",synthetic_tanglish
TCB5455,macha team work nalla pannenga macha,Tanglish,0,none,0,0,0,0,0,0,0,none,"normal, neutral, or supportive statement",synthetic_tanglish
TCB5456,macha nee oru joker inga bro,Tanglish,1,individual,1,0,0,0,0,0,0,low,direct personal insult,synthetic_tanglish
TCB5457,un body ah comment panni disturb pannadha comment section la da,Tanglish,1,individual,0,0,0,0,1,0,0,high,unwanted sexualized or appearance-based harassment,synthetic_tanglish
TCB5458,macha meeting five mani ku irukku honestly,Tanglish,0,none,0,0,0,0,0,0,0,none,"normal, neutral, or supportive statement",synthetic_tanglish
TCB5459,da later discuss pannalam,Tanglish,0,none,0,0,0,0,0,0,0,none,"normal, neutral, or supportive statement",synthetic_tanglish
TCB5460,dei nee sexual pressure kudukka koodadhu podi,Tanglish,1,individual,0,0,0,0,0,1,0,high,unwanted sexual pressure or abusive sexual request,synthetic_tanglish
TCB5461,dei innoru message anuppina paathuko podi,Tanglish,1,individual,0,1,0,0,0,0,0,high,threatening language,synthetic_tanglish
TCB5462,da inniku session epdi pochu honestly,Tanglish,0,none,0,0,0,0,0,0,0,none,"normal, neutral, or supportive statement",synthetic_tanglish
TCB5463,macha nee daily improve aagite irukka inniku,Tanglish,0,none,0,0,0,0,0,0,0,none,"normal, neutral, or supportive statement",synthetic_tanglish
TCB5464,ava unakku nalla warning idhu comment section la bro,Tanglish,1,individual,0,1,1,0,0,0,0,medium,threatening language,synthetic_tanglish
TCB5465,nice ah all the best da la,Tanglish,0,none,0,0,0,0,0,0,0,none,"normal, neutral, or supportive statement",synthetic_tanglish
TCB5466,macha nee nalla work pannita bro,Tanglish,0,none,0,0,0,0,0,0,0,none,"normal, neutral, or supportive statement",synthetic_tanglish
TCB5467,dei un photo paathu sexual comments podradhu wrong public ah macha,Tanglish,1,individual,0,0,0,0,1,0,0,high,unwanted sexualized or appearance-based harassment,synthetic_tanglish
TCB5468,seriously unakku brain work aagala chat la macha,Tanglish,1,individual,1,0,0,0,0,0,0,low,direct personal insult,synthetic_tanglish
TCB5469,naalaikku continue pannalam honestly,Tanglish,0,none,0,0,0,0,0,0,0,none,"normal, neutral, or supportive statement",synthetic_tanglish
TCB5470,actually project nalla develop aaguthu la,Tanglish,0,none,0,0,0,0,0,0,0,none,"normal, neutral, or supportive statement",synthetic_tanglish
TCB5471,all the best da inniku,Tanglish,0,none,0,0,0,0,0,0,0,none,"normal, neutral, or supportive statement",synthetic_tanglish
TCB5472,ivan nee romba stupid social media la la,Tanglish,1,other,1,0,0,0,0,0,1,medium,direct personal insult,synthetic_tanglish
TCB5473,dei nee unnoda actions ku answer kudukkanum intha post la ippo,Tanglish,1,individual,0,1,1,0,0,0,0,medium,threatening language,synthetic_tanglish
TCB5474,macha nee daily improve aagite irukka honestly,Tanglish,0,none,0,0,0,0,0,0,0,none,"normal, neutral, or supportive statement",synthetic_tanglish
TCB5475,ava enna oru mokka person social media la macha,Tanglish,1,individual,1,0,0,0,0,0,0,low,direct personal insult,synthetic_tanglish
TCB5476,bro rest eduthuko today,Tanglish,0,none,0,0,0,0,0,0,0,none,"normal, neutral, or supportive statement",synthetic_tanglish
TCB5477,ivan innoru message anuppina paathuko message la podi,Tanglish,1,individual,0,1,0,0,0,0,0,high,threatening language,synthetic_tanglish
TCB5478,listen sexual content anuppi disturb panna koodadhu social media la ah,Tanglish,1,individual,0,0,0,0,0,1,0,medium,unwanted sexual pressure or abusive sexual request,synthetic_tanglish
TCB5479,true bro team work nalla pannenga la,Tanglish,0,none,0,0,0,0,0,0,0,none,"normal, neutral, or supportive statement",synthetic_tanglish
TCB5480,bro poda mental inga macha,Tanglish,1,other,1,0,0,0,0,0,1,medium,profane or abusive wording,synthetic_tanglish
TCB5481,listen unna vida maaten nu nenachuko public ah da,Tanglish,1,individual,0,1,1,0,0,0,0,high,threatening language,synthetic_tanglish
TCB5482,ava nee oru embarrassment social media la poda,Tanglish,1,other,1,0,0,0,0,0,1,medium,direct personal insult,synthetic_tanglish
TCB5483,dei nee consent illama sexual request pannadha comment section la nu,Tanglish,1,individual,0,0,0,0,1,1,0,medium,unwanted sexual pressure or abusive sexual request,synthetic_tanglish
TCB5484,seri semma performance da,Tanglish,0,none,0,0,0,0,0,0,0,none,"normal, neutral, or supportive statement",synthetic_tanglish
TCB5485,project nalla develop aaguthu today,Tanglish,0,none,0,0,0,0,0,0,0,none,"normal, neutral, or supportive statement",synthetic_tanglish
TCB5486,true bro nee daily improve aagite irukka macha,Tanglish,0,none,0,0,0,0,0,0,0,none,"normal, neutral, or supportive statement",synthetic_tanglish
TCB5487,ivan un body ah comment panni disturb pannadha inga nu,Tanglish,1,other,0,0,0,0,1,0,0,medium,unwanted sexualized or appearance-based harassment,synthetic_tanglish
TCB5488,true bro nee daily improve aagite irukka bro,Tanglish,0,none,0,0,0,0,0,0,0,none,"normal, neutral, or supportive statement",synthetic_tanglish
TCB5489,dei private photo share panna force pannadha message la nu,Tanglish,1,other,0,0,0,0,0,1,0,high,unwanted sexual pressure or abusive sexual request,synthetic_tanglish
TCB5490,da class nalla irundhucha 👍,Tanglish,0,none,0,0,0,0,0,0,0,none,"normal, neutral, or supportive statement",synthetic_tanglish
TCB5491,honestly thanks for helping me da,Tanglish,0,none,0,0,0,0,0,0,0,none,"normal, neutral, or supportive statement",synthetic_tanglish
TCB5492,unakku consequences irukkum social media la la,Tanglish,1,individual,0,1,0,0,0,0,0,high,threatening language,synthetic_tanglish
TCB5493,yes presentation clear ah irundhuchu macha,Tanglish,0,none,0,0,0,0,0,0,0,none,"normal, neutral, or supportive statement",synthetic_tanglish
TCB5494,ivan unna adikka varuven message la la,Tanglish,1,individual,0,0,1,0,0,0,0,medium,reference to physical harm,synthetic_tanglish
TCB5495,da nice explanation da,Tanglish,0,none,0,0,0,0,0,0,0,none,"normal, neutral, or supportive statement",synthetic_tanglish
TCB5496,nice ah naalaikku continue pannalam 👍,Tanglish,0,none,0,0,0,0,0,0,0,none,"normal, neutral, or supportive statement",synthetic_tanglish
TCB5497,honestly correct ah sonna inniku,Tanglish,0,none,0,0,0,0,0,0,0,none,"normal, neutral, or supportive statement",synthetic_tanglish
TCB5498,da project nalla develop aaguthu nu,Tanglish,0,none,0,0,0,0,0,0,0,none,"normal, neutral, or supportive statement",synthetic_tanglish
TCB5499,meeting five mani ku irukku la,Tanglish,0,none,0,0,0,0,0,0,0,none,"normal, neutral, or supportive statement",synthetic_tanglish
TCB5500,seriously unna adikka varuven intha post la da,Tanglish,1,other,0,1,1,0,0,0,0,medium,reference to physical harm,synthetic_tanglish
TCB5501,true bro later discuss pannalam nu,Tanglish,0,none,0,0,0,0,0,0,0,none,"normal, neutral, or supportive statement",synthetic_tanglish
TCB5502,unna beat panniduven intha post la,Tanglish,1,individual,0,0,1,0,0,0,0,medium,reference to physical harm,synthetic_tanglish
TCB5503,dei nee podi dei chat la da,Tanglish,1,individual,1,0,0,0,0,0,1,low,profane or abusive wording,synthetic_tanglish
TCB5504,unakku brain work aagala social media la,Tanglish,1,individual,1,0,0,0,0,0,1,low,direct personal insult,synthetic_tanglish
TCB5505,ava andha community people romba kevalam daily macha,Tanglish,1,group,0,0,0,1,0,0,0,medium,group-targeted hateful language,synthetic_tanglish
TCB5506,true bro naan unakku support panren bro,Tanglish,0,none,0,0,0,0,0,0,0,none,"normal, neutral, or supportive statement",synthetic_tanglish
TCB5507,da nee nalla work pannita da,Tanglish,0,none,0,0,0,0,0,0,0,none,"normal, neutral, or supportive statement",synthetic_tanglish
TCB5508,bro dei poda public ah,Tanglish,1,individual,1,0,0,0,0,0,1,low,profane or abusive wording,synthetic_tanglish
TCB5509,listen andha community people romba kevalam inga ippo,Tanglish,1,group,0,0,0,1,0,0,0,high,group-targeted hateful language,synthetic_tanglish
TCB5510,dei nee avanga group ah support panna koodadhu public ah nu,Tanglish,1,group,0,0,0,1,0,0,0,high,group-targeted hateful language,synthetic_tanglish
TCB5511,bro unwanted sexual message anuppadha daily,Tanglish,1,other,0,0,0,0,0,1,0,medium,unwanted sexual pressure or abusive sexual request,synthetic_tanglish
TCB5512,dei nee poda poi velaiya paaru public ah poda,Tanglish,1,individual,0,0,0,0,0,0,1,medium,profane or abusive wording,synthetic_tanglish
TCB5513,ivan unna beat panniduven message la poda,Tanglish,1,individual,0,0,1,0,0,0,0,medium,reference to physical harm,synthetic_tanglish
TCB5514,seriously andha people ellam problem public ah bro,Tanglish,1,group,0,0,0,1,0,0,0,high,group-targeted hateful language,synthetic_tanglish
TCB5515,actually class nalla irundhucha honestly,Tanglish,0,none,0,0,0,0,0,0,0,none,"normal, neutral, or supportive statement",synthetic_tanglish
TCB5516,honestly keep going bro,Tanglish,0,none,0,0,0,0,0,0,0,none,"normal, neutral, or supportive statement",synthetic_tanglish
TCB5517,da class nalla irundhucha la,Tanglish,0,none,0,0,0,0,0,0,0,none,"normal, neutral, or supportive statement",synthetic_tanglish
TCB5518,nee private photo share panna force pannadha inga la,Tanglish,1,other,0,0,0,0,1,1,0,high,unwanted sexual pressure or abusive sexual request,synthetic_tanglish
TCB5519,andha group people ellam mosam public ah da,Tanglish,1,group,0,0,0,1,0,0,0,high,group-targeted hateful language,synthetic_tanglish
TCB5520,ava mela unwanted comments podradhu harassment inga ah,Tanglish,1,individual,0,0,0,0,1,0,0,high,unwanted sexualized or appearance-based harassment,synthetic_tanglish
TCB5521,seriously nee careful ah iru social media la da,Tanglish,1,other,0,1,1,0,0,0,0,high,threatening language,synthetic_tanglish
TCB5522,bro class nalla irundhucha la,Tanglish,0,none,0,0,0,0,0,0,0,none,"normal, neutral, or supportive statement",synthetic_tanglish
TCB5523,seri code check pannitu sollu da,Tanglish,0,none,0,0,0,0,0,0,0,none,"normal, neutral, or supportive statement",synthetic_tanglish
TCB5524,true bro meeting five mani ku irukku inniku,Tanglish,0,none,0,0,0,0,0,0,0,none,"normal, neutral, or supportive statement",synthetic_tanglish
TCB5525,dei nee un appearance pathi unwanted comment poda vendam daily poda,Tanglish,1,other,0,0,0,0,1,0,0,medium,unwanted sexualized or appearance-based harassment,synthetic_tanglish
TCB5526,nee romba stupid comment section la ippo,Tanglish,1,individual,1,0,0,0,0,0,1,low,direct personal insult,synthetic_tanglish
TCB5527,bro unnoda actions ku answer kudukkanum online la nu,Tanglish,1,individual,0,1,0,0,0,0,0,medium,threatening language,synthetic_tanglish
TCB5528,solution useful ah irukku bro,Tanglish,0,none,0,0,0,0,0,0,0,none,"normal, neutral, or supportive statement",synthetic_tanglish
TCB5529,listen consent illama private photo kekkadha comment section la da,Tanglish,1,individual,0,0,0,0,0,1,0,medium,unwanted sexual pressure or abusive sexual request,synthetic_tanglish
TCB5530,yes correct ah sonna la,Tanglish,0,none,0,0,0,0,0,0,0,none,"normal, neutral, or supportive statement",synthetic_tanglish
TCB5531,true bro nee nalla work pannita la,Tanglish,0,none,0,0,0,0,0,0,0,none,"normal, neutral, or supportive statement",synthetic_tanglish
TCB5532,actually naalaikku continue pannalam inniku,Tanglish,0,none,0,0,0,0,0,0,0,none,"normal, neutral, or supportive statement",synthetic_tanglish
TCB5533,seri inniku session epdi pochu bro,Tanglish,0,none,0,0,0,0,0,0,0,none,"normal, neutral, or supportive statement",synthetic_tanglish
TCB5534,dei un body ah comment panni disturb pannadha intha post la macha,Tanglish,1,individual,0,0,0,0,1,0,0,medium,unwanted sexualized or appearance-based harassment,synthetic_tanglish
TCB5535,ava ava mela unwanted comments podradhu harassment ippo,Tanglish,1,individual,0,0,0,0,1,0,0,medium,unwanted sexualized or appearance-based harassment,synthetic_tanglish
TCB5536,honestly correct ah sonna honestly,Tanglish,0,none,0,0,0,0,0,0,0,none,"normal, neutral, or supportive statement",synthetic_tanglish
TCB5537,honestly project nalla develop aaguthu bro,Tanglish,0,none,0,0,0,0,0,0,0,none,"normal, neutral, or supportive statement",synthetic_tanglish
TCB5538,ava avanga madhiri people inga vendaam message la bro,Tanglish,1,group,0,0,0,1,0,0,0,medium,group-targeted hateful language,synthetic_tanglish
TCB5539,nice ah code check pannitu sollu da,Tanglish,0,none,0,0,0,0,0,0,0,none,"normal, neutral, or supportive statement",synthetic_tanglish
TCB5540,team work nalla pannenga honestly,Tanglish,0,none,0,0,0,0,0,0,0,none,"normal, neutral, or supportive statement",synthetic_tanglish
TCB5541,actually keep going bro 👍,Tanglish,0,none,0,0,0,0,0,0,0,none,"normal, neutral, or supportive statement",synthetic_tanglish
TCB5542,nee avanga ellarum same madhiri inga ippo,Tanglish,1,group,0,0,0,1,0,0,0,high,group-targeted hateful language,synthetic_tanglish
TCB5543,assignment submit pannitiya,Tanglish,0,none,0,0,0,0,0,0,0,none,"normal, neutral, or supportive statement",synthetic_tanglish
TCB5544,seriously avanai poi adichidu public ah la,Tanglish,1,individual,0,0,1,0,0,0,0,medium,reference to physical harm,synthetic_tanglish
TCB5545,dei nee nee oru embarrassment daily podi,Tanglish,1,individual,1,0,0,0,0,0,0,medium,direct personal insult,synthetic_tanglish
TCB5546,ivan unakku brain work aagala poda,Tanglish,1,individual,1,0,0,0,0,0,1,medium,direct personal insult,synthetic_tanglish
TCB5547,dei andha community people romba kevalam da,Tanglish,1,group,0,0,0,1,0,0,0,medium,group-targeted hateful language,synthetic_tanglish
TCB5548,actually happy for your progress 👍,Tanglish,0,none,0,0,0,0,0,0,0,none,"normal, neutral, or supportive statement",synthetic_tanglish
TCB5549,dei podi dei online la macha,Tanglish,1,other,1,0,0,0,0,0,1,low,profane or abusive wording,synthetic_tanglish
TCB5550,dei nee un body pathi public ah pesa vendam chat la la,Tanglish,1,other,0,0,0,0,1,0,0,medium,unwanted sexualized or appearance-based harassment,synthetic_tanglish
TCB5551,ivan sexual pressure kudukka koodadhu comment section la,Tanglish,1,individual,0,0,0,0,0,1,0,medium,unwanted sexual pressure or abusive sexual request,synthetic_tanglish
TCB5552,macha ava mela unwanted comments podradhu harassment intha post la bro,Tanglish,1,individual,0,0,0,0,1,0,0,medium,unwanted sexualized or appearance-based harassment,synthetic_tanglish
TCB5553,yes happy for your progress 👍,Tanglish,0,none,0,0,0,0,0,0,0,none,"normal, neutral, or supportive statement",synthetic_tanglish
TCB5554,seri correct ah sonna nu,Tanglish,0,none,0,0,0,0,0,0,0,none,"normal, neutral, or supportive statement",synthetic_tanglish
TCB5555,seri later discuss pannalam macha,Tanglish,0,none,0,0,0,0,0,0,0,none,"normal, neutral, or supportive statement",synthetic_tanglish
TCB5556,ava poda dei intha post la da,Tanglish,1,individual,0,0,0,0,0,0,1,low,profane or abusive wording,synthetic_tanglish
TCB5557,seri rest eduthuko bro,Tanglish,0,none,0,0,0,0,0,0,0,none,"normal, neutral, or supportive statement",synthetic_tanglish
TCB5558,naalaikku continue pannalam today,Tanglish,0,none,0,0,0,0,0,0,0,none,"normal, neutral, or supportive statement",synthetic_tanglish
TCB5559,actually movie epdi irundhuchu inniku,Tanglish,0,none,0,0,0,0,0,0,0,none,"normal, neutral, or supportive statement",synthetic_tanglish
TCB5560,bro enna paaru naan unna paathukuren intha post la da,Tanglish,1,individual,0,1,1,0,0,0,0,medium,threatening language,synthetic_tanglish
TCB5561,nice ah naalaikku continue pannalam inniku,Tanglish,0,none,0,0,0,0,0,0,0,none,"normal, neutral, or supportive statement",synthetic_tanglish
TCB5562,seriously podi poi ukkaru chat la bro,Tanglish,1,individual,1,0,0,0,0,0,1,medium,profane or abusive wording,synthetic_tanglish
TCB5563,podi dei comment section la podi,Tanglish,1,individual,0,0,0,0,0,0,1,medium,profane or abusive wording,synthetic_tanglish
TCB5564,assignment submit pannitiya inniku,Tanglish,0,none,0,0,0,0,0,0,0,none,"normal, neutral, or supportive statement",synthetic_tanglish
TCB5565,dei private photo share panna force pannadha social media la da,Tanglish,1,individual,0,0,0,0,1,1,0,high,unwanted sexual pressure or abusive sexual request,synthetic_tanglish
TCB5566,nice ah movie epdi irundhuchu la,Tanglish,0,none,0,0,0,0,0,0,0,none,"normal, neutral, or supportive statement",synthetic_tanglish
TCB5567,honestly all the best da inniku,Tanglish,0,none,0,0,0,0,0,0,0,none,"normal, neutral, or supportive statement",synthetic_tanglish
TCB5568,yes meeting five mani ku irukku 👍,Tanglish,0,none,0,0,0,0,0,0,0,none,"normal, neutral, or supportive statement",synthetic_tanglish
TCB5569,macha thanks for helping me honestly,Tanglish,0,none,0,0,0,0,0,0,0,none,"normal, neutral, or supportive statement",synthetic_tanglish
TCB5570,macha dei summa iru message la,Tanglish,1,individual,1,0,0,0,0,0,1,medium,profane or abusive wording,synthetic_tanglish
TCB5571,actually inniku session epdi pochu,Tanglish,0,none,0,0,0,0,0,0,0,none,"normal, neutral, or supportive statement",synthetic_tanglish
TCB5572,true bro nee daily improve aagite irukka 👍,Tanglish,0,none,0,0,0,0,0,0,0,none,"normal, neutral, or supportive statement",synthetic_tanglish
TCB5573,nee nee oru useless fellow message la podi,Tanglish,1,individual,1,0,0,0,0,0,0,medium,direct personal insult,synthetic_tanglish
TCB5574,nice ah naalaikku continue pannalam honestly,Tanglish,0,none,0,0,0,0,0,0,0,none,"normal, neutral, or supportive statement",synthetic_tanglish
TCB5575,true bro thanks for helping me 👍,Tanglish,0,none,0,0,0,0,0,0,0,none,"normal, neutral, or supportive statement",synthetic_tanglish
TCB5576,nice ah all the best da,Tanglish,0,none,0,0,0,0,0,0,0,none,"normal, neutral, or supportive statement",synthetic_tanglish
TCB5577,dei nee unna adikka varuven message la ippo,Tanglish,1,individual,0,0,1,0,0,0,0,high,reference to physical harm,synthetic_tanglish
TCB5578,ava nee romba stupid online la podi,Tanglish,1,individual,1,0,0,0,0,0,1,medium,direct personal insult,synthetic_tanglish
TCB5579,listen consent illama sexual request pannadha online la la,Tanglish,1,individual,0,0,0,0,1,1,0,high,unwanted sexual pressure or abusive sexual request,synthetic_tanglish
TCB5580,dei nee oru muttaal social media la ippo,Tanglish,1,individual,1,0,0,0,0,0,1,medium,direct personal insult,synthetic_tanglish
TCB5581,ivan nee stop pannalana problem aagum chat la ah,Tanglish,1,other,0,1,1,0,0,0,0,high,threatening language,synthetic_tanglish
TCB5582,seriously unna hurt panniduven social media la podi,Tanglish,1,individual,0,1,1,0,0,0,0,high,reference to physical harm,synthetic_tanglish
TCB5583,ava unakku nalla warning idhu intha post la,Tanglish,1,other,0,1,1,0,0,0,0,medium,threatening language,synthetic_tanglish
TCB5584,listen nee romba pathetic intha post la poda,Tanglish,1,individual,1,0,0,0,0,0,0,low,direct personal insult,synthetic_tanglish
TCB5585,yes indha idea useful ah irukku macha,Tanglish,0,none,0,0,0,0,0,0,0,none,"normal, neutral, or supportive statement",synthetic_tanglish
TCB5586,macha unna physical ah attack panniduven online la ah,Tanglish,1,other,0,1,1,0,0,0,0,medium,reference to physical harm,synthetic_tanglish
TCB5587,listen consent illama sexual request pannadha chat la macha,Tanglish,1,other,0,0,0,0,0,1,0,high,unwanted sexual pressure or abusive sexual request,synthetic_tanglish
TCB5588,dei nee unna beat panniduven intha post la bro,Tanglish,1,individual,0,0,1,0,0,0,0,high,reference to physical harm,synthetic_tanglish
TCB5589,true bro code check pannitu sollu bro,Tanglish,0,none,0,0,0,0,0,0,0,none,"normal, neutral, or supportive statement",synthetic_tanglish
TCB5590,macha happy for your progress la,Tanglish,0,none,0,0,0,0,0,0,0,none,"normal, neutral, or supportive statement",synthetic_tanglish
TCB5591,seri keep going bro today,Tanglish,0,none,0,0,0,0,0,0,0,none,"normal, neutral, or supportive statement",synthetic_tanglish
TCB5592,presentation clear ah irundhuchu bro,Tanglish,0,none,0,0,0,0,0,0,0,none,"normal, neutral, or supportive statement",synthetic_tanglish
TCB5593,da solution useful ah irukku nu,Tanglish,0,none,0,0,0,0,0,0,0,none,"normal, neutral, or supportive statement",synthetic_tanglish
TCB5594,dei nee andha group people ellam mosam intha post la la,Tanglish,1,group,0,0,0,1,0,0,0,high,group-targeted hateful language,synthetic_tanglish
TCB5595,macha naalaikku continue pannalam macha,Tanglish,0,none,0,0,0,0,0,0,0,none,"normal, neutral, or supportive statement",synthetic_tanglish
TCB5596,dei nee innoru message anuppina paathuko message la ah,Tanglish,1,individual,0,1,1,0,0,0,0,medium,threatening language,synthetic_tanglish
TCB5597,nee careful ah iru online la la,Tanglish,1,individual,0,1,0,0,0,0,0,high,threatening language,synthetic_tanglish
TCB5598,seri paakalam,Tanglish,0,none,0,0,0,0,0,0,0,none,"normal, neutral, or supportive statement",synthetic_tanglish
TCB5599,dei nee avanga ellarum same madhiri message la ah,Tanglish,1,group,0,0,0,1,0,0,0,medium,group-targeted hateful language,synthetic_tanglish
TCB5600,honestly naan unakku support panren la,Tanglish,0,none,0,0,0,0,0,0,0,none,"normal, neutral, or supportive statement",synthetic_tanglish
TCB5601,actually correct ah sonna nu,Tanglish,0,none,0,0,0,0,0,0,0,none,"normal, neutral, or supportive statement",synthetic_tanglish
TCB5602,seri solution useful ah irukku da,Tanglish,0,none,0,0,0,0,0,0,0,none,"normal, neutral, or supportive statement",synthetic_tanglish
TCB5603,macha private photo share panna force pannadha intha post la la,Tanglish,1,individual,0,0,0,0,0,1,0,medium,unwanted sexual pressure or abusive sexual request,synthetic_tanglish
TCB5604,da team work nalla pannenga,Tanglish,0,none,0,0,0,0,0,0,0,none,"normal, neutral, or supportive statement",synthetic_tanglish
TCB5605,nee sandaila unna adikka thonudhu comment section la ah,Tanglish,1,individual,0,0,1,0,0,0,0,medium,reference to physical harm,synthetic_tanglish
TCB5606,honestly happy for your progress la,Tanglish,0,none,0,0,0,0,0,0,0,none,"normal, neutral, or supportive statement",synthetic_tanglish
TCB5607,unakku edhuvume theriyadhu intha post la,Tanglish,1,individual,1,0,0,0,0,0,0,medium,direct personal insult,synthetic_tanglish
TCB5608,nice ah assignment submit pannitiya nu,Tanglish,0,none,0,0,0,0,0,0,0,none,"normal, neutral, or supportive statement",synthetic_tanglish
TCB5609,ava andha people ellam problem ah,Tanglish,1,group,0,0,0,1,0,0,0,high,group-targeted hateful language,synthetic_tanglish
TCB5610,ivan nee stop pannalana problem aagum la,Tanglish,1,other,0,1,1,0,0,0,0,medium,threatening language,synthetic_tanglish
TCB5611,dei poda inga intha post la la,Tanglish,1,other,1,0,0,0,0,0,1,low,profane or abusive wording,synthetic_tanglish
TCB5612,nice ah super ah panniruka inniku,Tanglish,0,none,0,0,0,0,0,0,0,none,"normal, neutral, or supportive statement",synthetic_tanglish
TCB5613,true bro seri paakalam macha,Tanglish,0,none,0,0,0,0,0,0,0,none,"normal, neutral, or supportive statement",synthetic_tanglish
TCB5614,ava un appearance pathi unwanted comment poda vendam message la ah,Tanglish,1,individual,0,0,0,0,1,0,0,medium,unwanted sexualized or appearance-based harassment,synthetic_tanglish
TCB5615,ivan poda poi velaiya paaru chat la,Tanglish,1,individual,0,0,0,0,0,0,1,medium,profane or abusive wording,synthetic_tanglish
TCB5616,da movie epdi irundhuchu bro,Tanglish,0,none,0,0,0,0,0,0,0,none,"normal, neutral, or supportive statement",synthetic_tanglish
TCB5617,da team work nalla pannenga inniku,Tanglish,0,none,0,0,0,0,0,0,0,none,"normal, neutral, or supportive statement",synthetic_tanglish
TCB5618,ivan unna hurt panniduven daily,Tanglish,1,individual,0,0,1,0,0,0,0,high,reference to physical harm,synthetic_tanglish
TCB5619,honestly happy for your progress nu,Tanglish,0,none,0,0,0,0,0,0,0,none,"normal, neutral, or supportive statement",synthetic_tanglish
TCB5620,nice ah team work nalla pannenga nu,Tanglish,0,none,0,0,0,0,0,0,0,none,"normal, neutral, or supportive statement",synthetic_tanglish
TCB5621,listen naan unna confront panren comment section la da,Tanglish,1,other,0,1,0,0,0,0,0,medium,threatening language,synthetic_tanglish
TCB5622,un photo paathu sexual comments podradhu wrong daily nu,Tanglish,1,individual,0,0,0,0,1,0,0,medium,unwanted sexualized or appearance-based harassment,synthetic_tanglish
TCB5623,seri keep going bro la,Tanglish,0,none,0,0,0,0,0,0,0,none,"normal, neutral, or supportive statement",synthetic_tanglish
TCB5624,dei online la unwanted sexual attention kudukkadha intha post la podi,Tanglish,1,other,0,0,0,0,1,0,0,high,unwanted sexualized or appearance-based harassment,synthetic_tanglish
TCB5625,actually class nalla irundhucha macha,Tanglish,0,none,0,0,0,0,0,0,0,none,"normal, neutral, or supportive statement",synthetic_tanglish
TCB5626,un effort romba nalla irukku today,Tanglish,0,none,0,0,0,0,0,0,0,none,"normal, neutral, or supportive statement",synthetic_tanglish
TCB5627,actually semma performance macha,Tanglish,0,none,0,0,0,0,0,0,0,none,"normal, neutral, or supportive statement",synthetic_tanglish
TCB5628,honestly nee nalla work pannita,Tanglish,0,none,0,0,0,0,0,0,0,none,"normal, neutral, or supportive statement",synthetic_tanglish
TCB5629,dei nee fight panna vandha paathukalam public ah,Tanglish,1,individual,0,0,1,0,0,0,0,high,reference to physical harm,synthetic_tanglish
TCB5630,nee nalla work pannita la,Tanglish,0,none,0,0,0,0,0,0,0,none,"normal, neutral, or supportive statement",synthetic_tanglish
TCB5631,ivan private photo share panna force pannadha chat la poda,Tanglish,1,other,0,0,0,0,0,1,0,high,unwanted sexual pressure or abusive sexual request,synthetic_tanglish
TCB5632,bro nee oru embarrassment daily nu,Tanglish,1,individual,1,0,0,0,0,0,1,low,direct personal insult,synthetic_tanglish
TCB5633,dei nee un appearance pathi unwanted comment poda vendam public ah ah,Tanglish,1,individual,0,0,0,0,1,0,0,medium,unwanted sexualized or appearance-based harassment,synthetic_tanglish
TCB5634,bro presentation clear ah irundhuchu inniku,Tanglish,0,none,0,0,0,0,0,0,0,none,"normal, neutral, or supportive statement",synthetic_tanglish
TCB5635,ava sexual content anuppi disturb panna koodadhu comment section la nu,Tanglish,1,individual,0,0,0,0,0,1,0,high,unwanted sexual pressure or abusive sexual request,synthetic_tanglish
TCB5636,listen un body pathi public ah pesa vendam chat la podi,Tanglish,1,individual,0,0,0,0,1,0,0,medium,unwanted sexualized or appearance-based harassment,synthetic_tanglish
TCB5637,dei nee nee inga vandha unakku problem online la bro,Tanglish,1,other,0,1,0,0,0,0,0,high,threatening language,synthetic_tanglish
TCB5638,bro un photo paathu sexual comments podradhu wrong message la da,Tanglish,1,individual,0,0,0,0,1,0,0,high,unwanted sexualized or appearance-based harassment,synthetic_tanglish
TCB5639,nice ah super ah panniruka nu,Tanglish,0,none,0,0,0,0,0,0,0,none,"normal, neutral, or supportive statement",synthetic_tanglish
TCB5640,dei online la unwanted sexual attention kudukkadha social media la podi,Tanglish,1,other,0,0,0,0,1,0,0,medium,unwanted sexualized or appearance-based harassment,synthetic_tanglish
TCB5641,honestly database update panniten da,Tanglish,0,none,0,0,0,0,0,0,0,none,"normal, neutral, or supportive statement",synthetic_tanglish
TCB5642,ava poda dei bro,Tanglish,1,other,0,0,0,0,0,0,1,low,profane or abusive wording,synthetic_tanglish
TCB5643,bro rest eduthuko nu,Tanglish,0,none,0,0,0,0,0,0,0,none,"normal, neutral, or supportive statement",synthetic_tanglish
TCB5644,seri all the best da da,Tanglish,0,none,0,0,0,0,0,0,0,none,"normal, neutral, or supportive statement",synthetic_tanglish
TCB5645,bro unna vida maaten nu nenachuko chat la ippo,Tanglish,1,individual,0,1,1,0,0,0,0,high,threatening language,synthetic_tanglish
TCB5646,honestly solution useful ah irukku honestly,Tanglish,0,none,0,0,0,0,0,0,0,none,"normal, neutral, or supportive statement",synthetic_tanglish
TCB5647,seri meeting five mani ku irukku 👍,Tanglish,0,none,0,0,0,0,0,0,0,none,"normal, neutral, or supportive statement",synthetic_tanglish
TCB5648,dei nee nee oru useless fellow intha post la ippo,Tanglish,1,other,1,0,0,0,0,0,0,medium,direct personal insult,synthetic_tanglish
TCB5649,listen ava mela unwanted comments podradhu harassment daily ah,Tanglish,1,individual,0,0,0,0,1,0,0,medium,unwanted sexualized or appearance-based harassment,synthetic_tanglish
TCB5650,andha community ah nambave mudiyadhu intha post la poda,Tanglish,1,group,0,0,0,1,0,0,0,medium,group-targeted hateful language,synthetic_tanglish
TCB5651,bro un appearance pathi unwanted comment poda vendam intha post la poda,Tanglish,1,individual,0,0,0,0,1,0,0,high,unwanted sexualized or appearance-based harassment,synthetic_tanglish
TCB5652,actually un effort romba nalla irukku bro,Tanglish,0,none,0,0,0,0,0,0,0,none,"normal, neutral, or supportive statement",synthetic_tanglish
TCB5653,seriously naan unna confront panren comment section la macha,Tanglish,1,other,0,1,0,0,0,0,0,medium,threatening language,synthetic_tanglish
TCB5654,bro meeting five mani ku irukku macha,Tanglish,0,none,0,0,0,0,0,0,0,none,"normal, neutral, or supportive statement",synthetic_tanglish
TCB5655,yes super ah panniruka today,Tanglish,0,none,0,0,0,0,0,0,0,none,"normal, neutral, or supportive statement",synthetic_tanglish
TCB5656,bro thanks for helping me honestly,Tanglish,0,none,0,0,0,0,0,0,0,none,"normal, neutral, or supportive statement",synthetic_tanglish
TCB5657,later discuss pannalam today,Tanglish,0,none,0,0,0,0,0,0,0,none,"normal, neutral, or supportive statement",synthetic_tanglish
TCB5658,bro project nalla develop aaguthu,Tanglish,0,none,0,0,0,0,0,0,0,none,"normal, neutral, or supportive statement",synthetic_tanglish
TCB5659,bro keep going bro honestly,Tanglish,0,none,0,0,0,0,0,0,0,none,"normal, neutral, or supportive statement",synthetic_tanglish
TCB5660,po da inga irundhu chat la bro,Tanglish,1,other,0,0,0,0,0,0,1,low,profane or abusive wording,synthetic_tanglish
TCB5661,dei nee sexual pressure kudukka koodadhu message la macha,Tanglish,1,individual,0,0,0,0,0,1,0,high,unwanted sexual pressure or abusive sexual request,synthetic_tanglish
TCB5662,da database update panniten,Tanglish,0,none,0,0,0,0,0,0,0,none,"normal, neutral, or supportive statement",synthetic_tanglish
TCB5663,ava unnoda actions ku answer kudukkanum intha post la da,Tanglish,1,individual,0,1,0,0,0,0,0,high,threatening language,synthetic_tanglish
TCB5664,seri naalaikku continue pannalam inniku,Tanglish,0,none,0,0,0,0,0,0,0,none,"normal, neutral, or supportive statement",synthetic_tanglish
TCB5665,seriously poda mental social media la la,Tanglish,1,other,0,0,0,0,0,0,1,medium,profane or abusive wording,synthetic_tanglish
TCB5666,ava andha people ellam problem message la,Tanglish,1,group,0,0,0,1,0,0,0,high,group-targeted hateful language,synthetic_tanglish
TCB5667,ivan unnoda actions ku answer kudukkanum,Tanglish,1,individual,0,1,0,0,0,0,0,medium,threatening language,synthetic_tanglish
TCB5668,da semma performance honestly,Tanglish,0,none,0,0,0,0,0,0,0,none,"normal, neutral, or supportive statement",synthetic_tanglish
TCB5669,da food saptiya bro,Tanglish,0,none,0,0,0,0,0,0,0,none,"normal, neutral, or supportive statement",synthetic_tanglish
TCB5670,ivan andha community ah nambave mudiyadhu public ah,Tanglish,1,group,0,0,0,1,0,0,0,medium,group-targeted hateful language,synthetic_tanglish
TCB5671,bro unna physical ah attack panniduven,Tanglish,1,other,0,1,1,0,0,0,0,medium,reference to physical harm,synthetic_tanglish
TCB5672,yes assignment submit pannitiya 👍,Tanglish,0,none,0,0,0,0,0,0,0,none,"normal, neutral, or supportive statement",synthetic_tanglish
TCB5673,ivan nee oru useless fellow public ah nu,Tanglish,1,other,1,0,0,0,0,0,0,low,direct personal insult,synthetic_tanglish
TCB5674,dei unakku consequences irukkum daily macha,Tanglish,1,individual,0,1,0,0,0,0,0,medium,threatening language,synthetic_tanglish
TCB5675,nee dei mokka message la bro,Tanglish,1,individual,0,0,0,0,0,0,1,medium,profane or abusive wording,synthetic_tanglish
TCB5676,yes code check pannitu sollu nu,Tanglish,0,none,0,0,0,0,0,0,0,none,"normal, neutral, or supportive statement",synthetic_tanglish
TCB5677,bro innoru thadava ippadi pesina serious ah irukkum inga macha,Tanglish,1,other,0,1,1,0,0,0,0,high,threatening language,synthetic_tanglish
TCB5678,honestly thanks for helping me today,Tanglish,0,none,0,0,0,0,0,0,0,none,"normal, neutral, or supportive statement",synthetic_tanglish
TCB5679,yes super ah panniruka da,Tanglish,0,none,0,0,0,0,0,0,0,none,"normal, neutral, or supportive statement",synthetic_tanglish
TCB5680,seriously nee oru waste fellow online la podi,Tanglish,1,individual,1,0,0,0,0,0,0,low,direct personal insult,synthetic_tanglish
TCB5681,da inniku session epdi pochu da,Tanglish,0,none,0,0,0,0,0,0,0,none,"normal, neutral, or supportive statement",synthetic_tanglish
TCB5682,seri team work nalla pannenga inniku,Tanglish,0,none,0,0,0,0,0,0,0,none,"normal, neutral, or supportive statement",synthetic_tanglish
TCB5683,da seri paakalam la,Tanglish,0,none,0,0,0,0,0,0,0,none,"normal, neutral, or supportive statement",synthetic_tanglish
TCB5684,poda mental message la,Tanglish,1,individual,1,0,0,0,0,0,1,medium,profane or abusive wording,synthetic_tanglish
TCB5685,bro food saptiya macha,Tanglish,0,none,0,0,0,0,0,0,0,none,"normal, neutral, or supportive statement",synthetic_tanglish
TCB5686,macha nee nalla work pannita nu,Tanglish,0,none,0,0,0,0,0,0,0,none,"normal, neutral, or supportive statement",synthetic_tanglish
TCB5687,true bro database update panniten,Tanglish,0,none,0,0,0,0,0,0,0,none,"normal, neutral, or supportive statement",synthetic_tanglish
TCB5688,dei nee andha group ellam useless inga nu,Tanglish,1,group,0,0,0,1,0,0,0,medium,group-targeted hateful language,synthetic_tanglish
TCB5689,da semma performance bro,Tanglish,0,none,0,0,0,0,0,0,0,none,"normal, neutral, or supportive statement",synthetic_tanglish
TCB5690,da naalaikku continue pannalam bro,Tanglish,0,none,0,0,0,0,0,0,0,none,"normal, neutral, or supportive statement",synthetic_tanglish
TCB5691,all the best da da,Tanglish,0,none,0,0,0,0,0,0,0,none,"normal, neutral, or supportive statement",synthetic_tanglish
TCB5692,macha private content force panna vendam nu,Tanglish,1,other,0,0,0,0,0,1,0,medium,unwanted sexual pressure or abusive sexual request,synthetic_tanglish
TCB5693,ivan nee inga vandha unakku problem la,Tanglish,1,individual,0,1,0,0,0,0,0,high,threatening language,synthetic_tanglish
TCB5694,macha all the best da today,Tanglish,0,none,0,0,0,0,0,0,0,none,"normal, neutral, or supportive statement",synthetic_tanglish
TCB5695,seriously nee inga vandha unakku problem online la ah,Tanglish,1,individual,0,1,1,0,0,0,0,high,threatening language,synthetic_tanglish
TCB5696,listen fight panna vandha paathukalam intha post la la,Tanglish,1,other,0,1,1,0,0,0,0,high,reference to physical harm,synthetic_tanglish
TCB5697,actually seri paakalam,Tanglish,0,none,0,0,0,0,0,0,0,none,"normal, neutral, or supportive statement",synthetic_tanglish
TCB5698,ava podi dei online la ah,Tanglish,1,individual,1,0,0,0,0,0,1,medium,profane or abusive wording,synthetic_tanglish
TCB5699,nee sexual content anuppi disturb panna koodadhu chat la poda,Tanglish,1,individual,0,0,0,0,0,1,0,high,unwanted sexual pressure or abusive sexual request,synthetic_tanglish
TCB5700,actually assignment submit pannitiya honestly,Tanglish,0,none,0,0,0,0,0,0,0,none,"normal, neutral, or supportive statement",synthetic_tanglish
TCB5701,ava enna paaru naan unna paathukuren comment section la ippo,Tanglish,1,individual,0,1,1,0,0,0,0,high,threatening language,synthetic_tanglish
TCB5702,innoru thadava ippadi pesina serious ah irukkum daily nu,Tanglish,1,individual,0,1,1,0,0,0,0,high,threatening language,synthetic_tanglish
TCB5703,bro seri paakalam la,Tanglish,0,none,0,0,0,0,0,0,0,none,"normal, neutral, or supportive statement",synthetic_tanglish
TCB5704,bro nee oru failure message la la,Tanglish,1,individual,1,0,0,0,0,0,0,low,direct personal insult,synthetic_tanglish
TCB5705,class nalla irundhucha bro,Tanglish,0,none,0,0,0,0,0,0,0,none,"normal, neutral, or supportive statement",synthetic_tanglish
TCB5706,ivan private content force panna vendam chat la ippo,Tanglish,1,other,0,0,0,0,0,1,0,medium,unwanted sexual pressure or abusive sexual request,synthetic_tanglish
TCB5707,bro unna adikka varuven comment section la poda,Tanglish,1,other,0,1,1,0,0,0,0,high,reference to physical harm,synthetic_tanglish
TCB5708,da solution useful ah irukku honestly,Tanglish,0,none,0,0,0,0,0,0,0,none,"normal, neutral, or supportive statement",synthetic_tanglish
TCB5709,nee un appearance pathi unwanted comment poda vendam online la nu,Tanglish,1,other,0,0,0,0,1,0,0,medium,unwanted sexualized or appearance-based harassment,synthetic_tanglish
TCB5710,dei unna hurt panniduven online la,Tanglish,1,individual,0,1,1,0,0,0,0,medium,reference to physical harm,synthetic_tanglish
TCB5711,macha poda mental macha,Tanglish,1,other,0,0,0,0,0,0,1,low,profane or abusive wording,synthetic_tanglish
TCB5712,ivan sexual pressure kudukka koodadhu comment section la macha,Tanglish,1,other,0,0,0,0,0,1,0,medium,unwanted sexual pressure or abusive sexual request,synthetic_tanglish
TCB5713,bro naan unakku support panren inniku,Tanglish,0,none,0,0,0,0,0,0,0,none,"normal, neutral, or supportive statement",synthetic_tanglish
TCB5714,dei unna hurt panniduven comment section la nu,Tanglish,1,individual,0,1,1,0,0,0,0,medium,reference to physical harm,synthetic_tanglish
TCB5715,ivan un body pathi public ah pesa vendam daily da,Tanglish,1,individual,0,0,0,0,1,0,0,high,unwanted sexualized or appearance-based harassment,synthetic_tanglish
TCB5716,ava nee enna pannalum naan respond panren online la la,Tanglish,1,other,0,1,1,0,0,0,0,medium,threatening language,synthetic_tanglish
TCB5717,ivan unna hurt panniduven social media la macha,Tanglish,1,individual,0,1,1,0,0,0,0,medium,reference to physical harm,synthetic_tanglish
TCB5718,dei nee nee pesuradhellam mokka inga bro,Tanglish,1,individual,1,0,0,0,0,0,1,low,direct personal insult,synthetic_tanglish
TCB5719,macha presentation clear ah irundhuchu bro,Tanglish,0,none,0,0,0,0,0,0,0,none,"normal, neutral, or supportive statement",synthetic_tanglish
TCB5720,yes assignment submit pannitiya today,Tanglish,0,none,0,0,0,0,0,0,0,none,"normal, neutral, or supportive statement",synthetic_tanglish
TCB5721,listen unakku sense eh illa public ah la,Tanglish,1,individual,1,0,0,0,0,0,0,low,direct personal insult,synthetic_tanglish
TCB5722,fight panna vandha paathukalam inga ah,Tanglish,1,other,0,0,1,0,0,0,0,high,reference to physical harm,synthetic_tanglish
TCB5723,ivan enna oru mokka person comment section la bro,Tanglish,1,individual,1,0,0,0,0,0,1,medium,direct personal insult,synthetic_tanglish
TCB5724,seriously podi dei inga ippo,Tanglish,1,other,1,0,0,0,0,0,1,medium,profane or abusive wording,synthetic_tanglish
TCB5725,macha all the best da honestly,Tanglish,0,none,0,0,0,0,0,0,0,none,"normal, neutral, or supportive statement",synthetic_tanglish
TCB5726,ivan unna adikka varuven comment section la poda,Tanglish,1,individual,0,0,1,0,0,0,0,medium,reference to physical harm,synthetic_tanglish
TCB5727,true bro naan unakku support panren macha,Tanglish,0,none,0,0,0,0,0,0,0,none,"normal, neutral, or supportive statement",synthetic_tanglish
TCB5728,bro online la unwanted sexual attention kudukkadha chat la poda,Tanglish,1,individual,0,0,0,0,1,0,0,medium,unwanted sexualized or appearance-based harassment,synthetic_tanglish
TCB5729,seriously nee inga vandha unakku problem inga ippo,Tanglish,1,individual,0,1,0,0,0,0,0,medium,threatening language,synthetic_tanglish
TCB5730,ava private photo share panna force pannadha daily poda,Tanglish,1,individual,0,0,0,0,0,1,0,medium,unwanted sexual pressure or abusive sexual request,synthetic_tanglish
TCB5731,dei nee unna beat panniduven social media la la,Tanglish,1,individual,0,0,1,0,0,0,0,medium,reference to physical harm,synthetic_tanglish
TCB5732,honestly correct ah sonna la,Tanglish,0,none,0,0,0,0,0,0,0,none,"normal, neutral, or supportive statement",synthetic_tanglish
TCB5733,correct ah sonna 👍,Tanglish,0,none,0,0,0,0,0,0,0,none,"normal, neutral, or supportive statement",synthetic_tanglish
TCB5734,yes inniku session epdi pochu 👍,Tanglish,0,none,0,0,0,0,0,0,0,none,"normal, neutral, or supportive statement",synthetic_tanglish
TCB5735,true bro thanks for helping me la,Tanglish,0,none,0,0,0,0,0,0,0,none,"normal, neutral, or supportive statement",synthetic_tanglish
TCB5736,team work nalla pannenga macha,Tanglish,0,none,0,0,0,0,0,0,0,none,"normal, neutral, or supportive statement",synthetic_tanglish
TCB5737,assignment submit pannitiya da,Tanglish,0,none,0,0,0,0,0,0,0,none,"normal, neutral, or supportive statement",synthetic_tanglish
TCB5738,nee avanai poi adichidu chat la nu,Tanglish,1,individual,0,1,1,0,0,0,0,medium,reference to physical harm,synthetic_tanglish
TCB5739,listen unakku nalla warning idhu comment section la bro,Tanglish,1,individual,0,1,0,0,0,0,0,high,threatening language,synthetic_tanglish
TCB5740,nee ava mela unwanted comments podradhu harassment online la da,Tanglish,1,other,0,0,0,0,1,0,0,high,unwanted sexualized or appearance-based harassment,synthetic_tanglish
TCB5741,nee private photo share panna force pannadha inga da,Tanglish,1,other,0,0,0,0,0,1,0,medium,unwanted sexual pressure or abusive sexual request,synthetic_tanglish
TCB5742,listen un appearance pathi unwanted comment poda vendam intha post la,Tanglish,1,individual,0,0,0,0,1,0,0,medium,unwanted sexualized or appearance-based harassment,synthetic_tanglish
TCB5743,nice ah good job bro macha,Tanglish,0,none,0,0,0,0,0,0,0,none,"normal, neutral, or supportive statement",synthetic_tanglish
TCB5744,bro team work nalla pannenga nu,Tanglish,0,none,0,0,0,0,0,0,0,none,"normal, neutral, or supportive statement",synthetic_tanglish
TCB5745,macha podi dei chat la nu,Tanglish,1,individual,1,0,0,0,0,0,1,low,profane or abusive wording,synthetic_tanglish
TCB5746,true bro later discuss pannalam macha,Tanglish,0,none,0,0,0,0,0,0,0,none,"normal, neutral, or supportive statement",synthetic_tanglish
TCB5747,dei podi loosu online la ah,Tanglish,1,individual,0,0,0,0,0,0,1,low,profane or abusive wording,synthetic_tanglish
TCB5748,actually database update panniten inniku,Tanglish,0,none,0,0,0,0,0,0,0,none,"normal, neutral, or supportive statement",synthetic_tanglish
TCB5749,true bro database update panniten honestly,Tanglish,0,none,0,0,0,0,0,0,0,none,"normal, neutral, or supportive statement",synthetic_tanglish
TCB5750,true bro food saptiya today,Tanglish,0,none,0,0,0,0,0,0,0,none,"normal, neutral, or supportive statement",synthetic_tanglish
TCB5751,seriously un photo paathu sexual comments podradhu wrong daily nu,Tanglish,1,individual,0,0,0,0,1,0,0,medium,unwanted sexualized or appearance-based harassment,synthetic_tanglish
TCB5752,good job bro,Tanglish,0,none,0,0,0,0,0,0,0,none,"normal, neutral, or supportive statement",synthetic_tanglish
TCB5753,true bro presentation clear ah irundhuchu 👍,Tanglish,0,none,0,0,0,0,0,0,0,none,"normal, neutral, or supportive statement",synthetic_tanglish
TCB5754,ivan un body ah comment panni disturb pannadha public ah nu,Tanglish,1,individual,0,0,0,0,1,0,0,medium,unwanted sexualized or appearance-based harassment,synthetic_tanglish
TCB5755,seriously unna damage panniduven nu,Tanglish,1,individual,0,0,1,0,0,0,0,medium,reference to physical harm,synthetic_tanglish
TCB5756,da project nalla develop aaguthu inniku,Tanglish,0,none,0,0,0,0,0,0,0,none,"normal, neutral, or supportive statement",synthetic_tanglish
TCB5757,seriously nee oru useless fellow inga nu,Tanglish,1,individual,1,0,0,0,0,0,1,low,direct personal insult,synthetic_tanglish
TCB5758,all the best da today,Tanglish,0,none,0,0,0,0,0,0,0,none,"normal, neutral, or supportive statement",synthetic_tanglish
TCB5759,class nalla irundhucha,Tanglish,0,none,0,0,0,0,0,0,0,none,"normal, neutral, or supportive statement",synthetic_tanglish
TCB5760,da code check pannitu sollu bro,Tanglish,0,none,0,0,0,0,0,0,0,none,"normal, neutral, or supportive statement",synthetic_tanglish
TCB5761,actually thanks for helping me la,Tanglish,0,none,0,0,0,0,0,0,0,none,"normal, neutral, or supportive statement",synthetic_tanglish
TCB5762,ava unakku consequences irukkum chat la podi,Tanglish,1,other,0,1,0,0,0,0,0,high,threatening language,synthetic_tanglish
TCB5763,honestly later discuss pannalam,Tanglish,0,none,0,0,0,0,0,0,0,none,"normal, neutral, or supportive statement",synthetic_tanglish
TCB5764,ivan andha group ellam useless comment section la,Tanglish,1,group,0,0,0,1,0,0,0,high,group-targeted hateful language,synthetic_tanglish
TCB5765,dei podi loosu message la podi,Tanglish,1,individual,1,0,0,0,0,0,1,low,profane or abusive wording,synthetic_tanglish
TCB5766,macha avanga madhiri people inga vendaam chat la bro,Tanglish,1,group,0,0,0,1,0,0,0,medium,group-targeted hateful language,synthetic_tanglish
TCB5767,ivan avanga ellarum same madhiri chat la poda,Tanglish,1,group,0,0,0,1,0,0,0,high,group-targeted hateful language,synthetic_tanglish
TCB5768,dei andha people ellam problem social media la podi,Tanglish,1,group,0,0,0,1,0,0,0,medium,group-targeted hateful language,synthetic_tanglish
TCB5769,yes good job bro inniku,Tanglish,0,none,0,0,0,0,0,0,0,none,"normal, neutral, or supportive statement",synthetic_tanglish
TCB5770,true bro assignment submit pannitiya 👍,Tanglish,0,none,0,0,0,0,0,0,0,none,"normal, neutral, or supportive statement",synthetic_tanglish
TCB5771,bro presentation clear ah irundhuchu bro,Tanglish,0,none,0,0,0,0,0,0,0,none,"normal, neutral, or supportive statement",synthetic_tanglish
TCB5772,solution useful ah irukku today,Tanglish,0,none,0,0,0,0,0,0,0,none,"normal, neutral, or supportive statement",synthetic_tanglish
TCB5773,listen andha group ellam useless public ah bro,Tanglish,1,group,0,0,0,1,0,0,0,medium,group-targeted hateful language,synthetic_tanglish
TCB5774,bro all the best da macha,Tanglish,0,none,0,0,0,0,0,0,0,none,"normal, neutral, or supportive statement",synthetic_tanglish
TCB5775,thanks for helping me la,Tanglish,0,none,0,0,0,0,0,0,0,none,"normal, neutral, or supportive statement",synthetic_tanglish
TCB5776,dei enna paaru naan unna paathukuren daily ippo,Tanglish,1,individual,0,1,0,0,0,0,0,medium,threatening language,synthetic_tanglish
TCB5777,nee daily improve aagite irukka 👍,Tanglish,0,none,0,0,0,0,0,0,0,none,"normal, neutral, or supportive statement",synthetic_tanglish
TCB5778,dei un body ah comment panni disturb pannadha message la podi,Tanglish,1,individual,0,0,0,0,1,0,0,high,unwanted sexualized or appearance-based harassment,synthetic_tanglish
TCB5779,bro nee oru useless fellow inga poda,Tanglish,1,individual,1,0,0,0,0,0,1,low,direct personal insult,synthetic_tanglish
TCB5780,ava unakku nalla warning idhu chat la ippo,Tanglish,1,individual,0,1,1,0,0,0,0,high,threatening language,synthetic_tanglish
TCB5781,listen online la unwanted sexual attention kudukkadha daily bro,Tanglish,1,other,0,0,0,0,1,0,0,medium,unwanted sexualized or appearance-based harassment,synthetic_tanglish
TCB5782,dei avanga ellarum same madhiri inga macha,Tanglish,1,group,0,0,0,1,0,0,0,medium,group-targeted hateful language,synthetic_tanglish
TCB5783,listen po da inga irundhu da,Tanglish,1,other,0,0,0,0,0,0,1,low,profane or abusive wording,synthetic_tanglish
TCB5784,yes later discuss pannalam nu,Tanglish,0,none,0,0,0,0,0,0,0,none,"normal, neutral, or supportive statement",synthetic_tanglish
TCB5785,macha po da inga irundhu chat la podi,Tanglish,1,individual,0,0,0,0,0,0,1,low,profane or abusive wording,synthetic_tanglish
TCB5786,da presentation clear ah irundhuchu nu,Tanglish,0,none,0,0,0,0,0,0,0,none,"normal, neutral, or supportive statement",synthetic_tanglish
TCB5787,dei nee avanga ellarum same madhiri online la,Tanglish,1,group,0,0,0,1,0,0,0,high,group-targeted hateful language,synthetic_tanglish
TCB5788,dei podi dei public ah ah,Tanglish,1,individual,1,0,0,0,0,0,1,low,profane or abusive wording,synthetic_tanglish
TCB5789,nee sexual pressure kudukka koodadhu intha post la da,Tanglish,1,individual,0,0,0,0,1,1,0,medium,unwanted sexual pressure or abusive sexual request,synthetic_tanglish
TCB5790,macha code check pannitu sollu,Tanglish,0,none,0,0,0,0,0,0,0,none,"normal, neutral, or supportive statement",synthetic_tanglish
TCB5791,bro dei poda inga chat la,Tanglish,1,other,1,0,0,0,0,0,1,medium,profane or abusive wording,synthetic_tanglish
TCB5792,ava unakku nalla warning idhu public ah podi,Tanglish,1,other,0,1,1,0,0,0,0,high,threatening language,synthetic_tanglish
TCB5793,ivan un body pathi public ah pesa vendam comment section la podi,Tanglish,1,other,0,0,0,0,1,0,0,high,unwanted sexualized or appearance-based harassment,synthetic_tanglish
TCB5794,bro movie epdi irundhuchu,Tanglish,0,none,0,0,0,0,0,0,0,none,"normal, neutral, or supportive statement",synthetic_tanglish
TCB5795,yes class nalla irundhucha honestly,Tanglish,0,none,0,0,0,0,0,0,0,none,"normal, neutral, or supportive statement",synthetic_tanglish
TCB5796,macha ava mela unwanted comments podradhu harassment comment section la da,Tanglish,1,individual,0,0,0,0,1,0,0,high,unwanted sexualized or appearance-based harassment,synthetic_tanglish
TCB5797,honestly semma performance nu,Tanglish,0,none,0,0,0,0,0,0,0,none,"normal, neutral, or supportive statement",synthetic_tanglish
TCB5798,good job bro bro,Tanglish,0,none,0,0,0,0,0,0,0,none,"normal, neutral, or supportive statement",synthetic_tanglish
TCB5799,ivan unakku consequences irukkum ah,Tanglish,1,individual,0,1,1,0,0,0,0,medium,threatening language,synthetic_tanglish
TCB5800,thanks for helping me 👍,Tanglish,0,none,0,0,0,0,0,0,0,none,"normal, neutral, or supportive statement",synthetic_tanglish
TCB5801,honestly team work nalla pannenga da,Tanglish,0,none,0,0,0,0,0,0,0,none,"normal, neutral, or supportive statement",synthetic_tanglish
TCB5802,listen sandaila unna adikka thonudhu intha post la,Tanglish,1,individual,0,0,1,0,0,0,0,high,reference to physical harm,synthetic_tanglish
TCB5803,true bro nee daily improve aagite irukka today,Tanglish,0,none,0,0,0,0,0,0,0,none,"normal, neutral, or supportive statement",synthetic_tanglish
TCB5804,yes un effort romba nalla irukku nu,Tanglish,0,none,0,0,0,0,0,0,0,none,"normal, neutral, or supportive statement",synthetic_tanglish
TCB5805,honestly rest eduthuko nu,Tanglish,0,none,0,0,0,0,0,0,0,none,"normal, neutral, or supportive statement",synthetic_tanglish
TCB5806,macha unwanted sexual message anuppadha comment section la macha,Tanglish,1,other,0,0,0,0,1,1,0,high,unwanted sexual pressure or abusive sexual request,synthetic_tanglish
TCB5807,ivan nee inga vandha unakku problem inga ippo,Tanglish,1,individual,0,1,1,0,0,0,0,high,threatening language,synthetic_tanglish
TCB5808,nee naan unna confront panren message la da,Tanglish,1,other,0,1,1,0,0,0,0,high,threatening language,synthetic_tanglish
TCB5809,nee unna vida maaten nu nenachuko inga la,Tanglish,1,other,0,1,1,0,0,0,0,high,threatening language,synthetic_tanglish
TCB5810,seri correct ah sonna macha,Tanglish,0,none,0,0,0,0,0,0,0,none,"normal, neutral, or supportive statement",synthetic_tanglish
TCB5811,bro nice explanation today,Tanglish,0,none,0,0,0,0,0,0,0,none,"normal, neutral, or supportive statement",synthetic_tanglish
TCB5812,bro private photo share panna force pannadha inga bro,Tanglish,1,individual,0,0,0,0,1,1,0,high,unwanted sexual pressure or abusive sexual request,synthetic_tanglish
TCB5813,yes happy for your progress today,Tanglish,0,none,0,0,0,0,0,0,0,none,"normal, neutral, or supportive statement",synthetic_tanglish
TCB5814,honestly semma performance macha,Tanglish,0,none,0,0,0,0,0,0,0,none,"normal, neutral, or supportive statement",synthetic_tanglish
TCB5815,da movie epdi irundhuchu 👍,Tanglish,0,none,0,0,0,0,0,0,0,none,"normal, neutral, or supportive statement",synthetic_tanglish
TCB5816,bro project nalla develop aaguthu da,Tanglish,0,none,0,0,0,0,0,0,0,none,"normal, neutral, or supportive statement",synthetic_tanglish
TCB5817,listen ava mela unwanted comments podradhu harassment chat la la,Tanglish,1,other,0,0,0,0,1,0,0,medium,unwanted sexualized or appearance-based harassment,synthetic_tanglish
TCB5818,team work nalla pannenga 👍,Tanglish,0,none,0,0,0,0,0,0,0,none,"normal, neutral, or supportive statement",synthetic_tanglish
TCB5819,listen nee oru waste fellow daily macha,Tanglish,1,individual,1,0,0,0,0,0,0,medium,direct personal insult,synthetic_tanglish
TCB5820,nee nee oru embarrassment intha post la poda,Tanglish,1,individual,1,0,0,0,0,0,1,medium,direct personal insult,synthetic_tanglish
TCB5821,macha personal appearance ah target panni tease pannadha intha post la ah,Tanglish,1,other,0,0,0,0,1,0,0,high,unwanted sexualized or appearance-based harassment,synthetic_tanglish
TCB5822,ava nee oru loosu daily,Tanglish,1,other,1,0,0,0,0,0,1,medium,direct personal insult,synthetic_tanglish
TCB5823,macha meeting five mani ku irukku bro,Tanglish,0,none,0,0,0,0,0,0,0,none,"normal, neutral, or supportive statement",synthetic_tanglish
TCB5824,seri good job bro la,Tanglish,0,none,0,0,0,0,0,0,0,none,"normal, neutral, or supportive statement",synthetic_tanglish
TCB5825,naan unakku support panren today,Tanglish,0,none,0,0,0,0,0,0,0,none,"normal, neutral, or supportive statement",synthetic_tanglish
TCB5826,macha happy for your progress bro,Tanglish,0,none,0,0,0,0,0,0,0,none,"normal, neutral, or supportive statement",synthetic_tanglish
TCB5827,unakku edhuvume theriyadhu message la,Tanglish,1,other,1,0,0,0,0,0,1,medium,direct personal insult,synthetic_tanglish
TCB5828,true bro good job bro bro,Tanglish,0,none,0,0,0,0,0,0,0,none,"normal, neutral, or supportive statement",synthetic_tanglish
TCB5829,ava enna paaru naan unna paathukuren online la,Tanglish,1,individual,0,1,1,0,0,0,0,high,threatening language,synthetic_tanglish
TCB5830,code check pannitu sollu macha,Tanglish,0,none,0,0,0,0,0,0,0,none,"normal, neutral, or supportive statement",synthetic_tanglish
TCB5831,ivan andha community people romba kevalam intha post la poda,Tanglish,1,group,0,0,0,1,0,0,0,high,group-targeted hateful language,synthetic_tanglish
TCB5832,da meeting five mani ku irukku today,Tanglish,0,none,0,0,0,0,0,0,0,none,"normal, neutral, or supportive statement",synthetic_tanglish
TCB5833,listen un body pathi public ah pesa vendam inga nu,Tanglish,1,other,0,0,0,0,1,0,0,medium,unwanted sexualized or appearance-based harassment,synthetic_tanglish
TCB5834,yes inniku session epdi pochu today,Tanglish,0,none,0,0,0,0,0,0,0,none,"normal, neutral, or supportive statement",synthetic_tanglish
TCB5835,listen po da inga irundhu public ah poda,Tanglish,1,individual,0,0,0,0,0,0,1,medium,profane or abusive wording,synthetic_tanglish
TCB5836,ivan avanga ellarum same madhiri daily da,Tanglish,1,group,0,0,0,1,0,0,0,high,group-targeted hateful language,synthetic_tanglish
TCB5837,consent illama private photo kekkadha la,Tanglish,1,individual,0,0,0,0,0,1,0,high,unwanted sexual pressure or abusive sexual request,synthetic_tanglish
TCB5838,ivan un brain enga pochu public ah,Tanglish,1,individual,1,0,0,0,0,0,1,low,direct personal insult,synthetic_tanglish
TCB5839,ivan consent illama sexual request pannadha message la ah,Tanglish,1,other,0,0,0,0,0,1,0,medium,unwanted sexual pressure or abusive sexual request,synthetic_tanglish
TCB5840,good job bro nu,Tanglish,0,none,0,0,0,0,0,0,0,none,"normal, neutral, or supportive statement",synthetic_tanglish
TCB5841,seri nee daily improve aagite irukka nu,Tanglish,0,none,0,0,0,0,0,0,0,none,"normal, neutral, or supportive statement",synthetic_tanglish
TCB5842,listen dei mokka online la podi,Tanglish,1,other,1,0,0,0,0,0,1,medium,profane or abusive wording,synthetic_tanglish
TCB5843,nee consent illama sexual request pannadha online la,Tanglish,1,individual,0,0,0,0,0,1,0,high,unwanted sexual pressure or abusive sexual request,synthetic_tanglish
TCB5844,dei nee dei mokka intha post la poda,Tanglish,1,other,1,0,0,0,0,0,1,medium,profane or abusive wording,synthetic_tanglish
TCB5845,nee un body pathi public ah pesa vendam chat la poda,Tanglish,1,individual,0,0,0,0,1,0,0,high,unwanted sexualized or appearance-based harassment,synthetic_tanglish
TCB5846,nee andha community people romba kevalam inga da,Tanglish,1,group,0,0,0,1,0,0,0,medium,group-targeted hateful language,synthetic_tanglish
TCB5847,macha movie epdi irundhuchu nu,Tanglish,0,none,0,0,0,0,0,0,0,none,"normal, neutral, or supportive statement",synthetic_tanglish
TCB5848,da super ah panniruka nu,Tanglish,0,none,0,0,0,0,0,0,0,none,"normal, neutral, or supportive statement",synthetic_tanglish
TCB5849,bro nee oru failure message la bro,Tanglish,1,individual,1,0,0,0,0,0,0,low,direct personal insult,synthetic_tanglish
TCB5850,honestly all the best da 👍,Tanglish,0,none,0,0,0,0,0,0,0,none,"normal, neutral, or supportive statement",synthetic_tanglish
TCB5851,seriously un photo paathu sexual comments podradhu wrong inga,Tanglish,1,individual,0,0,0,0,1,0,0,high,unwanted sexualized or appearance-based harassment,synthetic_tanglish
TCB5852,seri semma performance inniku,Tanglish,0,none,0,0,0,0,0,0,0,none,"normal, neutral, or supportive statement",synthetic_tanglish
TCB5853,dei nee un photo paathu sexual comments podradhu wrong chat la nu,Tanglish,1,individual,0,0,0,0,1,0,0,high,unwanted sexualized or appearance-based harassment,synthetic_tanglish
TCB5854,actually database update panniten macha,Tanglish,0,none,0,0,0,0,0,0,0,none,"normal, neutral, or supportive statement",synthetic_tanglish
TCB5855,ava dei summa iru intha post la podi,Tanglish,1,individual,0,0,0,0,0,0,1,low,profane or abusive wording,synthetic_tanglish
TCB5856,macha project nalla develop aaguthu da,Tanglish,0,none,0,0,0,0,0,0,0,none,"normal, neutral, or supportive statement",synthetic_tanglish
TCB5857,honestly presentation clear ah irundhuchu,Tanglish,0,none,0,0,0,0,0,0,0,none,"normal, neutral, or supportive statement",synthetic_tanglish
TCB5858,nice ah food saptiya honestly,Tanglish,0,none,0,0,0,0,0,0,0,none,"normal, neutral, or supportive statement",synthetic_tanglish
TCB5859,listen unnoda actions ku answer kudukkanum online la la,Tanglish,1,other,0,1,0,0,0,0,0,high,threatening language,synthetic_tanglish
TCB5860,dei nee avanga group ah support panna koodadhu,Tanglish,1,group,0,0,0,1,0,0,0,high,group-targeted hateful language,synthetic_tanglish
TCB5861,ava andha people ellam problem chat la,Tanglish,1,group,0,0,0,1,0,0,0,high,group-targeted hateful language,synthetic_tanglish
TCB5862,true bro presentation clear ah irundhuchu nu,Tanglish,0,none,0,0,0,0,0,0,0,none,"normal, neutral, or supportive statement",synthetic_tanglish
TCB5863,happy for your progress inniku,Tanglish,0,none,0,0,0,0,0,0,0,none,"normal, neutral, or supportive statement",synthetic_tanglish
TCB5864,actually project nalla develop aaguthu inniku,Tanglish,0,none,0,0,0,0,0,0,0,none,"normal, neutral, or supportive statement",synthetic_tanglish
TCB5865,ava unakku consequences irukkum inga podi,Tanglish,1,individual,0,1,1,0,0,0,0,medium,threatening language,synthetic_tanglish
TCB5866,macha nice explanation,Tanglish,0,none,0,0,0,0,0,0,0,none,"normal, neutral, or supportive statement",synthetic_tanglish
TCB5867,dei nee inga vandha unakku problem intha post la da,Tanglish,1,individual,0,1,1,0,0,0,0,medium,threatening language,synthetic_tanglish
TCB5868,honestly indha idea useful ah irukku honestly,Tanglish,0,none,0,0,0,0,0,0,0,none,"normal, neutral, or supportive statement",synthetic_tanglish
TCB5869,nee private photo share panna force pannadha macha,Tanglish,1,other,0,0,0,0,0,1,0,high,unwanted sexual pressure or abusive sexual request,synthetic_tanglish
TCB5870,nee dei poda inga intha post la macha,Tanglish,1,individual,0,0,0,0,0,0,1,low,profane or abusive wording,synthetic_tanglish
TCB5871,nice ah code check pannitu sollu bro,Tanglish,0,none,0,0,0,0,0,0,0,none,"normal, neutral, or supportive statement",synthetic_tanglish
TCB5872,seri nee daily improve aagite irukka today,Tanglish,0,none,0,0,0,0,0,0,0,none,"normal, neutral, or supportive statement",synthetic_tanglish
TCB5873,ava unna beat panniduven social media la la,Tanglish,1,individual,0,1,1,0,0,0,0,medium,reference to physical harm,synthetic_tanglish
TCB5874,da food saptiya today,Tanglish,0,none,0,0,0,0,0,0,0,none,"normal, neutral, or supportive statement",synthetic_tanglish
TCB5875,nee un body ah comment panni disturb pannadha social media la poda,Tanglish,1,other,0,0,0,0,1,0,0,high,unwanted sexualized or appearance-based harassment,synthetic_tanglish
TCB5876,listen andha group ellam useless online la macha,Tanglish,1,group,0,0,0,1,0,0,0,medium,group-targeted hateful language,synthetic_tanglish
TCB5877,avanga madhiri people inga vendaam online la ippo,Tanglish,1,group,0,0,0,1,0,0,0,high,group-targeted hateful language,synthetic_tanglish
TCB5878,da nee nalla work pannita honestly,Tanglish,0,none,0,0,0,0,0,0,0,none,"normal, neutral, or supportive statement",synthetic_tanglish
TCB5879,nice ah happy for your progress 👍,Tanglish,0,none,0,0,0,0,0,0,0,none,"normal, neutral, or supportive statement",synthetic_tanglish
TCB5880,seriously personal appearance ah target panni tease pannadha public ah bro,Tanglish,1,individual,0,0,0,0,1,0,0,medium,unwanted sexualized or appearance-based harassment,synthetic_tanglish
TCB5881,ava un photo ku sexual comment podradhu wrong social media la ippo,Tanglish,1,other,0,0,0,0,1,0,0,medium,unwanted sexualized or appearance-based harassment,synthetic_tanglish
TCB5882,nice ah nice explanation,Tanglish,0,none,0,0,0,0,0,0,0,none,"normal, neutral, or supportive statement",synthetic_tanglish
TCB5883,yes database update panniten 👍,Tanglish,0,none,0,0,0,0,0,0,0,none,"normal, neutral, or supportive statement",synthetic_tanglish
TCB5884,macha assignment submit pannitiya inniku,Tanglish,0,none,0,0,0,0,0,0,0,none,"normal, neutral, or supportive statement",synthetic_tanglish
TCB5885,seriously unakku brain work aagala social media la da,Tanglish,1,other,1,0,0,0,0,0,1,low,direct personal insult,synthetic_tanglish
TCB5886,actually solution useful ah irukku da,Tanglish,0,none,0,0,0,0,0,0,0,none,"normal, neutral, or supportive statement",synthetic_tanglish
TCB5887,da correct ah sonna 👍,Tanglish,0,none,0,0,0,0,0,0,0,none,"normal, neutral, or supportive statement",synthetic_tanglish
TCB5888,dei naan unna confront panren inga ippo,Tanglish,1,other,0,1,1,0,0,0,0,medium,threatening language,synthetic_tanglish
TCB5889,dei andha community people romba kevalam public ah ah,Tanglish,1,group,0,0,0,1,0,0,0,high,group-targeted hateful language,synthetic_tanglish
TCB5890,honestly later discuss pannalam la,Tanglish,0,none,0,0,0,0,0,0,0,none,"normal, neutral, or supportive statement",synthetic_tanglish
TCB5891,bro thanks for helping me da,Tanglish,0,none,0,0,0,0,0,0,0,none,"normal, neutral, or supportive statement",synthetic_tanglish
TCB5892,ivan unna damage panniduven public ah nu,Tanglish,1,individual,0,1,1,0,0,0,0,high,reference to physical harm,synthetic_tanglish
TCB5893,macha unna adichiduven chat la,Tanglish,1,other,0,0,1,0,0,0,0,medium,reference to physical harm,synthetic_tanglish
TCB5894,dei nee private content force panna vendam online la,Tanglish,1,individual,0,0,0,0,1,1,0,high,unwanted sexual pressure or abusive sexual request,synthetic_tanglish
TCB5895,seriously podi dei comment section la podi,Tanglish,1,individual,0,0,0,0,0,0,1,medium,profane or abusive wording,synthetic_tanglish
TCB5896,da meeting five mani ku irukku nu,Tanglish,0,none,0,0,0,0,0,0,0,none,"normal, neutral, or supportive statement",synthetic_tanglish
TCB5897,da semma performance nu,Tanglish,0,none,0,0,0,0,0,0,0,none,"normal, neutral, or supportive statement",synthetic_tanglish
TCB5898,macha nee nalla work pannita macha,Tanglish,0,none,0,0,0,0,0,0,0,none,"normal, neutral, or supportive statement",synthetic_tanglish
TCB5899,listen unakku physical harm panniduven intha post la macha,Tanglish,1,other,0,1,1,0,0,0,0,medium,reference to physical harm,synthetic_tanglish
TCB5900,dei nee poda dei comment section la macha,Tanglish,1,individual,0,0,0,0,0,0,1,low,profane or abusive wording,synthetic_tanglish
TCB5901,naalaikku continue pannalam nu,Tanglish,0,none,0,0,0,0,0,0,0,none,"normal, neutral, or supportive statement",synthetic_tanglish
TCB5902,dei poda da chat la nu,Tanglish,1,individual,0,0,0,0,0,0,1,medium,profane or abusive wording,synthetic_tanglish
TCB5903,macha un effort romba nalla irukku inniku,Tanglish,0,none,0,0,0,0,0,0,0,none,"normal, neutral, or supportive statement",synthetic_tanglish
TCB5904,ivan unna hurt panniduven da,Tanglish,1,other,0,1,1,0,0,0,0,high,reference to physical harm,synthetic_tanglish
TCB5905,bro enna paaru naan unna paathukuren comment section la poda,Tanglish,1,individual,0,1,1,0,0,0,0,high,threatening language,synthetic_tanglish
TCB5906,true bro naalaikku continue pannalam da,Tanglish,0,none,0,0,0,0,0,0,0,none,"normal, neutral, or supportive statement",synthetic_tanglish
TCB5907,ava online la unwanted sexual attention kudukkadha online la ah,Tanglish,1,individual,0,0,0,0,1,0,0,high,unwanted sexualized or appearance-based harassment,synthetic_tanglish
TCB5908,nee oru joker social media la ah,Tanglish,1,individual,1,0,0,0,0,0,1,low,direct personal insult,synthetic_tanglish
TCB5909,honestly team work nalla pannenga bro,Tanglish,0,none,0,0,0,0,0,0,0,none,"normal, neutral, or supportive statement",synthetic_tanglish
TCB5910,seriously nee inga vandha unakku problem chat la podi,Tanglish,1,individual,0,1,0,0,0,0,0,high,threatening language,synthetic_tanglish
TCB5911,listen nee total dummy social media la da,Tanglish,1,other,1,0,0,0,0,0,0,low,direct personal insult,synthetic_tanglish
TCB5912,dei nee fight panna vandha paathukalam public ah poda,Tanglish,1,individual,0,1,1,0,0,0,0,medium,reference to physical harm,synthetic_tanglish
TCB5913,seri project nalla develop aaguthu honestly,Tanglish,0,none,0,0,0,0,0,0,0,none,"normal, neutral, or supportive statement",synthetic_tanglish
TCB5914,da naalaikku continue pannalam inniku,Tanglish,0,none,0,0,0,0,0,0,0,none,"normal, neutral, or supportive statement",synthetic_tanglish
TCB5915,ava unakku edhuvume theriyadhu social media la podi,Tanglish,1,individual,1,0,0,0,0,0,0,medium,direct personal insult,synthetic_tanglish
TCB5916,bro thanks for helping me bro,Tanglish,0,none,0,0,0,0,0,0,0,none,"normal, neutral, or supportive statement",synthetic_tanglish
TCB5917,class nalla irundhucha nu,Tanglish,0,none,0,0,0,0,0,0,0,none,"normal, neutral, or supportive statement",synthetic_tanglish
TCB5918,true bro assignment submit pannitiya da,Tanglish,0,none,0,0,0,0,0,0,0,none,"normal, neutral, or supportive statement",synthetic_tanglish
TCB5919,macha unwanted sexual message anuppadha daily macha,Tanglish,1,individual,0,0,0,0,0,1,0,medium,unwanted sexual pressure or abusive sexual request,synthetic_tanglish
TCB5920,yes nee nalla work pannita nu,Tanglish,0,none,0,0,0,0,0,0,0,none,"normal, neutral, or supportive statement",synthetic_tanglish
TCB5921,da class nalla irundhucha macha,Tanglish,0,none,0,0,0,0,0,0,0,none,"normal, neutral, or supportive statement",synthetic_tanglish
TCB5922,seri class nalla irundhucha bro,Tanglish,0,none,0,0,0,0,0,0,0,none,"normal, neutral, or supportive statement",synthetic_tanglish
TCB5923,nee dei poda inga intha post la ah,Tanglish,1,other,0,0,0,0,0,0,1,medium,profane or abusive wording,synthetic_tanglish
TCB5924,true bro nee nalla work pannita bro,Tanglish,0,none,0,0,0,0,0,0,0,none,"normal, neutral, or supportive statement",synthetic_tanglish
TCB5925,avanga group ah support panna koodadhu message la poda,Tanglish,1,group,0,0,0,1,0,0,0,high,group-targeted hateful language,synthetic_tanglish
TCB5926,ivan nee oru waste fellow social media la la,Tanglish,1,individual,1,0,0,0,0,0,1,low,direct personal insult,synthetic_tanglish
TCB5927,honestly thanks for helping me honestly,Tanglish,0,none,0,0,0,0,0,0,0,none,"normal, neutral, or supportive statement",synthetic_tanglish
TCB5928,seriously unwanted sexual message anuppadha message la macha,Tanglish,1,individual,0,0,0,0,0,1,0,medium,unwanted sexual pressure or abusive sexual request,synthetic_tanglish
TCB5929,seri inniku session epdi pochu 👍,Tanglish,0,none,0,0,0,0,0,0,0,none,"normal, neutral, or supportive statement",synthetic_tanglish
TCB5930,seriously unna adichiduven online la bro,Tanglish,1,individual,0,1,1,0,0,0,0,high,reference to physical harm,synthetic_tanglish
TCB5931,dei personal appearance ah target panni tease pannadha social media la ippo,Tanglish,1,individual,0,0,0,0,1,0,0,medium,unwanted sexualized or appearance-based harassment,synthetic_tanglish
TCB5932,seri project nalla develop aaguthu today,Tanglish,0,none,0,0,0,0,0,0,0,none,"normal, neutral, or supportive statement",synthetic_tanglish
TCB5933,poda mental social media la la,Tanglish,1,individual,1,0,0,0,0,0,1,medium,profane or abusive wording,synthetic_tanglish
TCB5934,seri seri paakalam nu,Tanglish,0,none,0,0,0,0,0,0,0,none,"normal, neutral, or supportive statement",synthetic_tanglish
TCB5935,macha thanks for helping me 👍,Tanglish,0,none,0,0,0,0,0,0,0,none,"normal, neutral, or supportive statement",synthetic_tanglish
TCB5936,macha dei mokka intha post la macha,Tanglish,1,individual,0,0,0,0,0,0,1,low,profane or abusive wording,synthetic_tanglish
TCB5937,macha unakku physical harm panniduven message la,Tanglish,1,individual,0,0,1,0,0,0,0,high,reference to physical harm,synthetic_tanglish
TCB5938,un appearance pathi unwanted comment poda vendam macha,Tanglish,1,individual,0,0,0,0,1,0,0,medium,unwanted sexualized or appearance-based harassment,synthetic_tanglish
TCB5939,macha keep going bro,Tanglish,0,none,0,0,0,0,0,0,0,none,"normal, neutral, or supportive statement",synthetic_tanglish
TCB5940,bro semma performance today,Tanglish,0,none,0,0,0,0,0,0,0,none,"normal, neutral, or supportive statement",synthetic_tanglish
TCB5941,nee private photo share panna force pannadha social media la bro,Tanglish,1,individual,0,0,0,0,1,1,0,medium,unwanted sexual pressure or abusive sexual request,synthetic_tanglish
TCB5942,true bro un effort romba nalla irukku,Tanglish,0,none,0,0,0,0,0,0,0,none,"normal, neutral, or supportive statement",synthetic_tanglish
TCB5943,ivan andha community ah nambave mudiyadhu message la ah,Tanglish,1,group,0,0,0,1,0,0,0,medium,group-targeted hateful language,synthetic_tanglish
TCB5944,actually seri paakalam la,Tanglish,0,none,0,0,0,0,0,0,0,none,"normal, neutral, or supportive statement",synthetic_tanglish
TCB5945,listen andha group people ellam mosam podi,Tanglish,1,group,0,0,0,1,0,0,0,medium,group-targeted hateful language,synthetic_tanglish
TCB5946,dei nee personal appearance ah target panni tease pannadha intha post la ippo,Tanglish,1,individual,0,0,0,0,1,0,0,high,unwanted sexualized or appearance-based harassment,synthetic_tanglish
TCB5947,macha private photo share panna force pannadha ah,Tanglish,1,individual,0,0,0,0,0,1,0,medium,unwanted sexual pressure or abusive sexual request,synthetic_tanglish
TCB5948,da naan unakku support panren la,Tanglish,0,none,0,0,0,0,0,0,0,none,"normal, neutral, or supportive statement",synthetic_tanglish
TCB5949,listen unna physical ah attack panniduven online la ah,Tanglish,1,other,0,0,1,0,0,0,0,medium,reference to physical harm,synthetic_tanglish
TCB5950,bro presentation clear ah irundhuchu macha,Tanglish,0,none,0,0,0,0,0,0,0,none,"normal, neutral, or supportive statement",synthetic_tanglish
TCB5951,seri nee nalla work pannita bro,Tanglish,0,none,0,0,0,0,0,0,0,none,"normal, neutral, or supportive statement",synthetic_tanglish
TCB5952,listen un photo paathu sexual comments podradhu wrong intha post la bro,Tanglish,1,individual,0,0,0,0,1,0,0,high,unwanted sexualized or appearance-based harassment,synthetic_tanglish
TCB5953,macha poda da inga,Tanglish,1,individual,0,0,0,0,0,0,1,medium,profane or abusive wording,synthetic_tanglish
TCB5954,ivan poda poi velaiya paaru inga poda,Tanglish,1,individual,0,0,0,0,0,0,1,low,profane or abusive wording,synthetic_tanglish
TCB5955,seri seri paakalam today,Tanglish,0,none,0,0,0,0,0,0,0,none,"normal, neutral, or supportive statement",synthetic_tanglish
TCB5956,yes movie epdi irundhuchu 👍,Tanglish,0,none,0,0,0,0,0,0,0,none,"normal, neutral, or supportive statement",synthetic_tanglish
TCB5957,seriously podi loosu message la poda,Tanglish,1,individual,0,0,0,0,0,0,1,low,profane or abusive wording,synthetic_tanglish
TCB5958,nice ah presentation clear ah irundhuchu today,Tanglish,0,none,0,0,0,0,0,0,0,none,"normal, neutral, or supportive statement",synthetic_tanglish
TCB5959,ava sandaila unna adikka thonudhu intha post la poda,Tanglish,1,individual,0,1,1,0,0,0,0,high,reference to physical harm,synthetic_tanglish
TCB5960,seriously unna vida maaten nu nenachuko comment section la macha,Tanglish,1,individual,0,1,0,0,0,0,0,medium,threatening language,synthetic_tanglish
TCB5961,nice ah naalaikku continue pannalam da,Tanglish,0,none,0,0,0,0,0,0,0,none,"normal, neutral, or supportive statement",synthetic_tanglish
TCB5962,bro nee daily improve aagite irukka macha,Tanglish,0,none,0,0,0,0,0,0,0,none,"normal, neutral, or supportive statement",synthetic_tanglish
TCB5963,actually seri paakalam inniku,Tanglish,0,none,0,0,0,0,0,0,0,none,"normal, neutral, or supportive statement",synthetic_tanglish
TCB5964,ivan un body ah comment panni disturb pannadha online la la,Tanglish,1,individual,0,0,0,0,1,0,0,high,unwanted sexualized or appearance-based harassment,synthetic_tanglish
TCB5965,actually solution useful ah irukku today,Tanglish,0,none,0,0,0,0,0,0,0,none,"normal, neutral, or supportive statement",synthetic_tanglish
TCB5966,macha avanga ellarum same madhiri online la bro,Tanglish,1,group,0,0,0,1,0,0,0,medium,group-targeted hateful language,synthetic_tanglish
TCB5967,listen un performance romba kevalam social media la da,Tanglish,1,other,1,0,0,0,0,0,0,medium,direct personal insult,synthetic_tanglish
TCB5968,bro presentation clear ah irundhuchu today,Tanglish,0,none,0,0,0,0,0,0,0,none,"normal, neutral, or supportive statement",synthetic_tanglish
TCB5969,true bro solution useful ah irukku nu,Tanglish,0,none,0,0,0,0,0,0,0,none,"normal, neutral, or supportive statement",synthetic_tanglish
TCB5970,honestly meeting five mani ku irukku da,Tanglish,0,none,0,0,0,0,0,0,0,none,"normal, neutral, or supportive statement",synthetic_tanglish
TCB5971,bro ava mela unwanted comments podradhu harassment online la ippo,Tanglish,1,individual,0,0,0,0,1,0,0,medium,unwanted sexualized or appearance-based harassment,synthetic_tanglish
TCB5972,listen sexual content anuppi disturb panna koodadhu public ah da,Tanglish,1,individual,0,0,0,0,0,1,0,high,unwanted sexual pressure or abusive sexual request,synthetic_tanglish
TCB5973,macha unna damage panniduven online la bro,Tanglish,1,individual,0,0,1,0,0,0,0,medium,reference to physical harm,synthetic_tanglish
TCB5974,yes super ah panniruka macha,Tanglish,0,none,0,0,0,0,0,0,0,none,"normal, neutral, or supportive statement",synthetic_tanglish
TCB5975,bro code check pannitu sollu macha,Tanglish,0,none,0,0,0,0,0,0,0,none,"normal, neutral, or supportive statement",synthetic_tanglish
TCB5976,macha nice explanation 👍,Tanglish,0,none,0,0,0,0,0,0,0,none,"normal, neutral, or supportive statement",synthetic_tanglish
TCB5977,yes keep going bro honestly,Tanglish,0,none,0,0,0,0,0,0,0,none,"normal, neutral, or supportive statement",synthetic_tanglish
TCB5978,nice ah naalaikku continue pannalam macha,Tanglish,0,none,0,0,0,0,0,0,0,none,"normal, neutral, or supportive statement",synthetic_tanglish
TCB5979,semma performance nu,Tanglish,0,none,0,0,0,0,0,0,0,none,"normal, neutral, or supportive statement",synthetic_tanglish
TCB5980,yes good job bro,Tanglish,0,none,0,0,0,0,0,0,0,none,"normal, neutral, or supportive statement",synthetic_tanglish
TCB5981,dei dei mokka social media la,Tanglish,1,individual,1,0,0,0,0,0,1,low,profane or abusive wording,synthetic_tanglish
TCB5982,actually food saptiya inniku,Tanglish,0,none,0,0,0,0,0,0,0,none,"normal, neutral, or supportive statement",synthetic_tanglish
TCB5983,seri movie epdi irundhuchu bro,Tanglish,0,none,0,0,0,0,0,0,0,none,"normal, neutral, or supportive statement",synthetic_tanglish
TCB5984,actually all the best da,Tanglish,0,none,0,0,0,0,0,0,0,none,"normal, neutral, or supportive statement",synthetic_tanglish
TCB5985,macha super ah panniruka nu,Tanglish,0,none,0,0,0,0,0,0,0,none,"normal, neutral, or supportive statement",synthetic_tanglish
TCB5986,happy for your progress macha,Tanglish,0,none,0,0,0,0,0,0,0,none,"normal, neutral, or supportive statement",synthetic_tanglish
TCB5987,yes nee daily improve aagite irukka la,Tanglish,0,none,0,0,0,0,0,0,0,none,"normal, neutral, or supportive statement",synthetic_tanglish
TCB5988,nee andha group ellam useless public ah,Tanglish,1,group,0,0,0,1,0,0,0,medium,group-targeted hateful language,synthetic_tanglish
TCB5989,seri team work nalla pannenga nu,Tanglish,0,none,0,0,0,0,0,0,0,none,"normal, neutral, or supportive statement",synthetic_tanglish
TCB5990,dei online la unwanted sexual attention kudukkadha daily podi,Tanglish,1,other,0,0,0,0,1,0,0,high,unwanted sexualized or appearance-based harassment,synthetic_tanglish
TCB5991,ivan unna vida maaten nu nenachuko social media la poda,Tanglish,1,individual,0,1,0,0,0,0,0,high,threatening language,synthetic_tanglish
TCB5992,seri movie epdi irundhuchu nu,Tanglish,0,none,0,0,0,0,0,0,0,none,"normal, neutral, or supportive statement",synthetic_tanglish
TCB5993,nice ah indha idea useful ah irukku bro,Tanglish,0,none,0,0,0,0,0,0,0,none,"normal, neutral, or supportive statement",synthetic_tanglish
TCB5994,true bro food saptiya la,Tanglish,0,none,0,0,0,0,0,0,0,none,"normal, neutral, or supportive statement",synthetic_tanglish
TCB5995,ava podi poi ukkaru ippo,Tanglish,1,individual,1,0,0,0,0,0,1,medium,profane or abusive wording,synthetic_tanglish
TCB5996,ava unakku physical harm panniduven chat la nu,Tanglish,1,individual,0,0,1,0,0,0,0,high,reference to physical harm,synthetic_tanglish
TCB5997,seriously sexual pressure kudukka koodadhu daily da,Tanglish,1,individual,0,0,0,0,0,1,0,medium,unwanted sexual pressure or abusive sexual request,synthetic_tanglish
TCB5998,dei nee un appearance pathi unwanted comment poda vendam comment section la,Tanglish,1,other,0,0,0,0,1,0,0,high,unwanted sexualized or appearance-based harassment,synthetic_tanglish
TCB5999,seri super ah panniruka macha,Tanglish,0,none,0,0,0,0,0,0,0,none,"normal, neutral, or supportive statement",synthetic_tanglish
TCB6000,listen poda mental comment section la ippo,Tanglish,1,other,1,0,0,0,0,0,1,low,profane or abusive wording,synthetic_tanglish
